TIMESTAMP X(mg) Y(mg) Z(mg)
789051600001616640 -976 -64 152
789051600041295872 -972 -53 155
789051600080975232 -972 -65 164
789051600120654592 -973 -70 150
789051600160333952 -965 -73 154
789051600200013312 -976 -69 147
789051600239692544 -981 -65 149
789051600279371904 -977 -67 151
789051600319051264 -974 -64 149
789051600358730624 -974 -55 161
789051600398409984 -976 -58 149
789051600438089216 -978 -62 148
789051600477768576 -975 -66 148
789051600517447936 -973 -59 152
789051600557127296 -978 -60 155
789051600596806656 -979 -65 143
789051600636485888 -976 -66 140
789051600676165248 -974 -63 148
789051600715844608 -979 -63 156
789051600755523968 -978 -64 153
789051600795203328 -975 -73 152
789051600834882560 -974 -61 138
789051600874561920 -969 -65 149
789051600914241280 -978 -64 148
789051600953920640 -979 -60 158
789051600993600000 -978 -62 153
789051601033279232 -973 -65 148
789051601072958592 -974 -71 151
789051601112637904 -971 -69 157
789051601152315648 -980 -68 153
789051601191993344 -977 -61 148
789051601231670912 -975 -58 150
789051601271348608 -974 -61 153
789051601311026176 -974 -62 154
789051601350703872 -977 -66 147
789051601390381440 -974 -62 151
789051601430059136 -977 -63 154
789051601469736704 -977 -70 147
789051601509414400 -971 -76 153
789051601549091968 -975 -59 151
789051601588769664 -971 -54 157
789051601628447360 -985 -57 150
789051601668124928 -977 -60 140
789051601707802624 -977 -72 152
789051601747480192 -973 -78 157
789051601787157888 -978 -77 163
789051601826835456 -981 -68 151
789051601866513152 -976 -54 147
789051601906190720 -976 -51 145
789051601945868416 -972 -53 153
789051601985545984 -975 -62 160
789051602025223680 -976 -66 158
789051602064901376 -977 -63 157
789051602104578944 -973 -61 150
789051602144256640 -970 -58 160
789051602183934208 -972 -59 167
789051602223611904 -976 -62 170
789051602263289472 -971 -62 167
789051602302967168 -971 -63 163
789051602342644736 -968 -61 154
789051602382322432 -969 -65 167
789051602422000128 -975 -60 166
789051602461677696 -971 -61 172
789051602501355392 -971 -60 162
789051602541032874 -966 -62 163
789051602580696064 -973 -66 157
789051602620359296 -971 -63 173
789051602660022528 -977 -63 169
789051602699685760 -974 -61 166
789051602739348992 -972 -64 158
789051602779012224 -973 -68 160
789051602818675456 -973 -65 160
789051602858338688 -975 -65 163
789051602898001920 -974 -64 163
789051602937665152 -976 -62 162
789051602977328384 -975 -64 156
789051603016991616 -972 -63 155
789051603056654848 -976 -68 159
789051603096318080 -972 -62 150
789051603135981312 -972 -66 158
789051603175644416 -979 -64 152
789051603215307648 -977 -62 158
789051603254970880 -976 -66 156
789051603294634112 -974 -65 153
789051603334297344 -977 -66 156
789051603373960576 -972 -64 155
789051603413623808 -977 -67 156
789051603453287040 -976 -65 154
789051603492950272 -976 -66 151
789051603532613504 -975 -68 153
789051603572276736 -974 -64 153
789051603611939968 -975 -65 155
789051603651603200 -974 -64 154
789051603691266432 -972 -62 157
789051603730929664 -977 -66 154
789051603770592896 -977 -67 153
789051603810256128 -973 -64 153
789051603849919360 -976 -67 155
789051603889582592 -972 -59 151
789051603929245824 -973 -66 154
789051603968909068 -980 -64 147
789051604008574848 -977 -64 157
789051604048240640 -974 -65 152
789051604087906432 -974 -69 156
789051604127572096 -979 -68 154
789051604167237888 -970 -63 156
789051604206903680 -976 -68 159
789051604246569472 -978 -65 156
789051604286235264 -975 -66 153
789051604325901056 -975 -67 149
789051604365566720 -975 -65 151
789051604405232512 -976 -66 154
789051604444898304 -974 -65 152
789051604484564096 -975 -64 153
789051604524229888 -977 -65 157
789051604563895680 -979 -66 157
789051604603561344 -983 -67 156
789051604643227136 -975 -65 156
789051604682892928 -976 -66 159
789051604722558720 -972 -61 149
789051604762224512 -978 -65 161
789051604801890304 -980 -64 156
789051604841555968 -974 -63 163
789051604881221760 -975 -66 165
789051604920887552 -974 -62 167
789051604960553344 -975 -63 158
789051605000219136 -968 -59 170
789051605039884928 -972 -61 172
789051605079550592 -974 -60 169
789051605119216384 -971 -62 170
789051605158882176 -969 -62 177
789051605198547968 -968 -63 181
789051605238213760 -969 -62 179
789051605277879552 -966 -62 177
789051605317545216 -966 -63 174
789051605357211008 -967 -63 176
789051605396876800 -972 -65 176
789051605436544256 -976 -64 172
789051605476211712 -969 -68 172
789051605515879168 -971 -62 171
789051605555546624 -967 -66 174
789051605595214080 -977 -70 170
789051605634881536 -977 -65 167
789051605674548992 -975 -66 169
789051605714216576 -973 -66 162
789051605753884032 -974 -63 170
789051605793551488 -977 -67 158
789051605833218944 -971 -63 166
789051605872886400 -976 -63 163
789051605912553856 -975 -62 160
789051605952221312 -976 -65 159
789051605991888768 -973 -64 158
789051606031556224 -973 -63 158
789051606071223680 -974 -64 160
789051606110891136 -975 -65 158
789051606150558592 -974 -65 158
789051606190226048 -975 -64 160
789051606229893504 -978 -67 158
789051606269561088 -976 -66 156
789051606309228544 -974 -69 156
789051606348896000 -975 -62 154
789051606388563456 -971 -66 163
789051606428230912 -976 -66 151
789051606467898368 -977 -63 155
789051606507565824 -976 -65 156
789051606547233280 -975 -61 155
789051606586900736 -975 -64 163
789051606626568192 -973 -62 152
789051606666235648 -972 -65 159
789051606705903104 -976 -64 162
789051606745570560 -975 -63 156
789051606785238144 -975 -64 151
789051606824905558 -975 -63 155
789051606864563712 -975 -63 155
789051606904221824 -974 -64 157
789051606943879936 -974 -63 157
789051606983538176 -975 -62 155
789051607023196288 -971 -61 157
789051607062854400 -975 -63 157
789051607102512512 -976 -64 153
789051607142170752 -973 -65 157
789051607181828864 -975 -65 158
789051607221486976 -968 -61 154
789051607261145088 -974 -69 155
789051607300803328 -978 -64 152
789051607340461440 -976 -66 158
789051607380119552 -972 -63 152
789051607419777664 -972 -67 159
789051607459435904 -978 -68 153
789051607499094016 -972 -66 158
789051607538752128 -976 -66 157
789051607578410240 -976 -63 157
789051607618068352 -976 -64 154
789051607657726592 -975 -63 156
789051607697384704 -975 -64 158
789051607737042816 -977 -65 161
789051607776700928 -977 -63 160
789051607816359168 -976 -64 160
789051607856017280 -973 -62 162
789051607895675392 -975 -63 165
789051607935333504 -977 -67 164
789051607974991744 -973 -62 163
789051608014649856 -972 -67 169
789051608054307968 -970 -57 160
789051608093966080 -969 -65 175
789051608133624192 -976 -65 166
789051608173282432 -974 -61 171
789051608212940544 -973 -65 180
789051608252598668 -972 -66 176
789051608292276352 -973 -65 178
789051608331954048 -966 -61 177
789051608371631616 -965 -60 184
789051608411309312 -971 -58 186
789051608450986880 -970 -60 180
789051608490664576 -965 -61 177
789051608530342144 -967 -60 178
789051608570019840 -967 -61 176
789051608609697408 -969 -61 179
789051608649375104 -972 -63 175
789051608689052672 -971 -63 177
789051608728730368 -973 -63 176
789051608768408064 -974 -62 174
789051608808085632 -971 -65 169
789051608847763328 -974 -62 168
789051608887440896 -969 -66 174
789051608927118592 -975 -66 164
789051608966796160 -977 -64 164
789051609006473856 -973 -66 167
789051609046151424 -974 -67 156
789051609085829120 -976 -65 166
789051609125506688 -974 -66 156
789051609165184384 -974 -64 161
789051609204862080 -977 -64 158
789051609244539648 -976 -64 157
789051609284217344 -974 -63 153
789051609323894912 -975 -63 154
789051609363572608 -973 -63 156
789051609403250176 -974 -64 157
789051609442927872 -975 -65 155
789051609482605440 -975 -62 156
789051609522283136 -976 -66 156
789051609561960704 -977 -63 150
789051609601638400 -972 -67 155
789051609641316096 -978 -62 157
789051609680993636 -968 -62 159
789051609720651776 -976 -68 152
789051609760309888 -976 -61 152
789051609799968000 -975 -64 158
789051609839626240 -975 -63 155
789051609879284352 -973 -65 160
789051609918942464 -977 -65 149
789051609958600576 -971 -63 156
789051609998258816 -977 -66 159
789051610037916928 -975 -61 155
789051610077575040 -975 -65 152
789051610117233152 -974 -64 155
789051610156891392 -976 -63 156
789051610196549504 -975 -66 153
789051610236207616 -975 -63 154
789051610275865728 -974 -64 152
789051610315523840 -976 -66 157
789051610355182080 -978 -64 150
789051610394840192 -973 -67 154
789051610434498304 -975 -64 156
789051610474156416 -968 -62 155
789051610513814656 -977 -69 152
789051610553472768 -978 -62 151
789051610593130880 -976 -64 155
789051610632788992 -974 -63 151
789051610672447232 -974 -66 158
789051610712105344 -978 -65 148
789051610751763456 -975 -64 158
789051610791421568 -979 -64 160
789051610831079680 -979 -61 157
789051610870737920 -975 -64 156
789051610910396032 -976 -63 155
789051610950054144 -976 -63 157
789051610989712256 -975 -63 154
789051611029370496 -976 -60 156
789051611069028608 -973 -60 158
789051611108686734 -976 -63 159
789051611148346496 -976 -64 164
789051611188006272 -971 -59 161
789051611227666176 -974 -63 164
789051611267325952 -970 -57 164
789051611306985856 -969 -63 175
789051611346645632 -976 -62 166
789051611386305536 -970 -58 174
789051611425965312 -972 -62 175
789051611465625216 -970 -61 175
789051611505284992 -971 -64 177
789051611544944896 -962 -61 175
789051611584604672 -968 -62 175
789051611624264576 -973 -63 174
789051611663924352 -973 -62 170
789051611703584256 -973 -63 171
789051611743244032 -973 -64 171
789051611782903808 -975 -64 172
789051611822563712 -975 -64 168
789051611862223488 -972 -62 163
789051611901883392 -975 -63 164
789051611941543168 -977 -65 163
789051611981203072 -975 -62 158
789051612020862848 -978 -65 161
789051612060522752 -993 -66 156
789051612100182528 -968 -80 168
789051612139842432 -961 -70 153
789051612179502208 -969 -62 162
789051612219162112 -975 -65 162
789051612258821888 -971 -68 162
789051612298481792 -980 -70 158
789051612338141568 -970 -67 163
789051612377801472 -978 -69 157
789051612417461248 -977 -70 158
789051612457121024 -973 -67 161
789051612496780928 -973 -69 158
789051612536440830 -974 -70 153
789051612576094720 -975 -68 158
789051612615748608 -974 -64 158
789051612655402496 -973 -66 156
789051612695056384 -976 -66 155
789051612734710272 -978 -68 154
789051612774364288 -974 -67 155
789051612814018176 -976 -73 156
789051612853672064 -972 -64 148
789051612893325952 -972 -71 158
789051612932979840 -978 -66 149
789051612972633728 -977 -64 158
789051613012287616 -974 -66 157
789051613051941504 -975 -65 155
789051613091595392 -976 -68 161
789051613131249408 -971 -67 154
789051613170903296 -974 -66 159
789051613210557184 -977 -67 159
789051613250211072 -974 -66 157
789051613289864960 -974 -66 156
789051613329518848 -975 -63 159
789051613369172736 -975 -65 157
789051613408826624 -975 -64 158
789051613448480512 -974 -63 156
789051613488134528 -974 -64 158
789051613527788416 -976 -64 158
789051613567442304 -977 -67 159
789051613607096192 -973 -62 157
789051613646750080 -977 -68 160
789051613686403968 -971 -59 154
789051613726057856 -971 -66 161
789051613765711744 -979 -65 151
789051613805365632 -976 -64 159
789051613845019648 -975 -65 159
789051613884673536 -975 -64 158
789051613924327424 -977 -67 165
789051613963981318 -971 -64 154
789051614003647872 -974 -63 158
789051614043314432 -977 -64 160
789051614082981120 -975 -62 155
789051614122647680 -974 -65 156
789051614162314368 -973 -64 158
789051614201980928 -975 -64 159
789051614241647616 -974 -66 154
789051614281314176 -975 -64 156
789051614320980864 -977 -64 156
789051614360647424 -976 -61 155
789051614400314112 -979 -64 158
789051614439980672 -979 -62 158
789051614479647232 -974 -62 158
789051614519313920 -978 -62 160
789051614558980480 -973 -61 157
789051614598647168 -976 -64 164
789051614638313728 -977 -60 156
789051614677980416 -971 -61 165
789051614717646976 -973 -63 166
789051614757313664 -972 -61 174
789051614796980224 -977 -65 163
789051614836646912 -970 -62 168
789051614876313472 -973 -64 172
789051614915980032 -975 -62 170
789051614955646720 -973 -63 170
789051614995313280 -970 -63 171
789051615034979968 -971 -62 169
789051615074646528 -970 -64 170
789051615114313216 -971 -63 177
789051615153979776 -971 -66 174
789051615193646464 -966 -61 173
789051615233313024 -970 -63 170
789051615272979712 -977 -63 169
789051615312646272 -971 -64 167
789051615352312960 -970 -62 172
789051615391979580 -969 -63 168
789051615431655424 -972 -66 171
789051615471331328 -976 -61 162
789051615511007360 -975 -63 170
789051615550683264 -974 -64 166
789051615590359168 -972 -64 169
789051615630035200 -978 -66 161
789051615669711104 -971 -61 167
789051615709387008 -975 -62 163
789051615749062912 -976 -62 160
789051615788738944 -977 -64 160
789051615828414848 -974 -65 157
789051615868090752 -974 -62 159
789051615907766784 -975 -63 157
789051615947442688 -974 -63 159
789051615987118592 -976 -62 158
789051616026794624 -974 -65 159
789051616066470528 -976 -65 155
789051616106146432 -977 -65 155
789051616145822464 -972 -64 160
789051616185498368 -976 -63 165
789051616225174272 -968 -61 159
789051616264850176 -971 -66 164
789051616304526208 -977 -65 157
789051616344202112 -974 -65 170
789051616383878016 -973 -65 168
789051616423554048 -971 -63 171
789051616463229952 -977 -67 167
789051616502905856 -968 -64 172
789051616542581888 -974 -64 171
789051616582257792 -976 -62 170
789051616621933696 -972 -60 167
789051616661609600 -972 -60 168
789051616701285632 -972 -59 171
789051616740961536 -973 -60 171
789051616780637440 -973 -62 172
789051616820313536 -973 -58 170
789051616859975936 -972 -60 171
789051616899638272 -972 -62 170
789051616939300736 -976 -58 169
789051616978963072 -972 -63 167
789051617018625408 -973 -57 172
789051617058287872 -966 -57 171
789051617097950208 -975 -63 165
789051617137612544 -976 -58 169
789051617177275008 -972 -59 170
789051617216937344 -973 -58 170
789051617256599680 -973 -60 174
789051617296262144 -978 -63 164
789051617335924480 -973 -59 173
789051617375586816 -975 -60 175
789051617415249280 -973 -59 172
789051617454911616 -973 -61 171
789051617494573952 -973 -63 173
789051617534236416 -973 -61 172
789051617573898752 -974 -63 175
789051617613561088 -973 -62 176
789051617653223552 -971 -58 172
789051617692885888 -973 -61 175
789051617732548224 -972 -60 174
789051617772210688 -970 -56 177
789051617811873024 -968 -58 175
789051617851535360 -968 -53 177
789051617891197824 -966 -59 184
789051617930860160 -974 -57 174
789051617970522496 -968 -54 181
789051618010184960 -966 -60 181
789051618049847296 -965 -60 178
789051618089509632 -970 -60 179
789051618129172096 -968 -62 179
789051618168834432 -971 -63 181
789051618208496768 -973 -62 178
789051618248159186 -973 -62 177
789051618287818240 -971 -66 176
789051618327477248 -970 -67 175
789051618367136256 -973 -66 175
789051618406795264 -974 -65 173
789051618446454144 -972 -64 171
789051618486113152 -974 -67 173
789051618525772160 -977 -69 173
789051618565431168 -970 -68 168
789051618605090176 -974 -66 169
789051618644749184 -969 -62 169
789051618684408064 -974 -63 168
789051618724067072 -978 -63 165
789051618763726080 -971 -66 168
789051618803385088 -974 -62 170
789051618843044096 -973 -63 173
789051618882703104 -977 -62 164
789051618922362112 -970 -62 167
789051618962020992 -973 -65 169
789051619001680000 -976 -63 168
789051619041339008 -976 -64 166
789051619080998016 -972 -64 166
789051619120657024 -971 -64 167
789051619160316032 -973 -64 165
789051619199975040 -974 -65 168
789051619239633920 -974 -65 170
789051619279292928 -975 -66 167
789051619318951936 -974 -62 165
789051619358610944 -973 -68 167
789051619398269952 -973 -60 162
789051619437928960 -969 -66 173
789051619477587840 -976 -67 164
789051619517246848 -976 -61 168
789051619556905856 -974 -62 166
789051619596564864 -976 -65 166
789051619636223872 -978 -64 178
789051619675882776 -972 -62 164
789051619715537536 -971 -61 171
789051619755192320 -974 -61 170
789051619794846976 -976 -62 166
789051619834501760 -976 -63 167
789051619874156544 -975 -61 170
789051619913811328 -974 -63 170
789051619953465984 -973 -63 170
789051619993120768 -970 -61 173
789051620032775552 -972 -63 173
789051620072430336 -976 -64 173
789051620112084992 -970 -63 172
789051620151739776 -968 -59 174
789051620191394560 -968 -61 172
789051620231049344 -972 -68 180
789051620270704000 -976 -61 175
789051620310358784 -968 -61 188
789051620350013568 -965 -63 188
789051620389668352 -965 -63 184
789051620429323008 -970 -62 173
789051620468977792 -962 -59 184
789051620508632576 -972 -61 184
789051620548287360 -972 -61 182
789051620587942016 -971 -62 178
789051620627596800 -969 -62 178
789051620667251584 -973 -62 179
789051620706906368 -972 -64 177
789051620746561024 -973 -63 176
789051620786215808 -974 -65 175
789051620825870592 -977 -61 174
789051620865525248 -969 -63 168
789051620905180032 -974 -62 173
789051620944834816 -969 -66 174
789051620984489600 -975 -76 172
789051621024144256 -979 -65 169
789051621063799040 -972 -51 174
789051621103453802 -967 -42 170
789051621143123840 -971 -40 182
789051621182793856 -978 -40 179
789051621222463872 -960 -37 191
789051621262133888 -953 -35 189
789051621301803904 -944 -41 185
789051621341473920 -945 -49 182
789051621381143936 -958 -63 193
789051621420813952 -982 -73 209
789051621460483968 -1028 -104 160
789051621500153984 -985 -119 112
789051621539823872 -942 -120 80
789051621579493888 -930 -135 72
789051621619163904 -980 -176 61
789051621658833920 -1003 -193 19
789051621698503936 -1016 -182 -27
789051621738173952 -998 -193 8
789051621777843968 -983 -168 27
789051621817513984 -956 -148 0
789051621857184000 -980 -163 -5
789051621896854016 -986 -194 -2
789051621936524032 -987 -199 -21
789051621976194048 -996 -200 -25
789051622015864064 -999 -203 -52
789051622055534080 -940 -215 -51
789051622095204096 -932 -230 -58
789051622134874112 -937 -229 -65
789051622174544128 -941 -217 -80
789051622214214144 -954 -213 -82
789051622253884032 -976 -211 -76
789051622293554048 -1016 -206 -80
789051622333224064 -1008 -208 -103
789051622372894080 -975 -212 -132
789051622412564096 -940 -217 -153
789051622452234112 -950 -214 -119
789051622491904128 -947 -211 -84
789051622531574130 -969 -207 -89
789051622571228032 -952 -206 -86
789051622610881920 -946 -211 -111
789051622650535808 -956 -215 -124
789051622690189696 -971 -223 -114
789051622729843584 -972 -233 -120
789051622769497600 -976 -239 -106
789051622809151488 -977 -237 -97
789051622848805376 -969 -222 -91
789051622888459264 -952 -212 -107
789051622928113152 -942 -206 -94
789051622967767040 -905 -210 -69
789051623007420928 -962 -208 -131
789051623047074816 -1029 -208 -101
789051623086728704 -1001 -185 -75
789051623126382720 -978 -171 -107
789051623166036608 -973 -196 -118
789051623205690496 -967 -215 -118
789051623245344384 -969 -213 -124
789051623284998272 -966 -203 -122
789051623324652160 -969 -202 -127
789051623364306048 -972 -208 -126
789051623403959936 -971 -202 -118
789051623443613824 -966 -205 -126
789051623483267840 -971 -203 -128
789051623522921728 -971 -203 -133
789051623562575616 -972 -207 -131
789051623602229504 -967 -212 -132
789051623641883392 -970 -210 -132
789051623681537280 -971 -204 -135
789051623721191168 -968 -202 -139
789051623760845056 -965 -201 -137
789051623800498944 -971 -202 -138
789051623840152960 -975 -199 -140
789051623879806848 -974 -205 -141
789051623919460736 -967 -198 -138
789051623959114606 -961 -205 -134
789051623998749056 -973 -201 -134
789051624038383488 -969 -195 -131
789051624078017920 -969 -198 -136
789051624117652224 -972 -199 -134
789051624157286656 -964 -199 -136
789051624196921088 -961 -199 -140
789051624236555520 -973 -195 -124
789051624276189824 -979 -182 -171
789051624315824256 -958 -206 -159
789051624355458688 -972 -207 -164
789051624395093120 -970 -207 -153
789051624434727552 -968 -197 -147
789051624474361856 -978 -202 -146
789051624513996288 -965 -199 -161
789051624553630720 -944 -201 -170
789051624593265152 -971 -202 -164
789051624632899584 -974 -188 -160
789051624672533888 -974 -182 -166
789051624712168320 -965 -177 -153
789051624751802752 -968 -182 -152
789051624791437184 -973 -188 -161
789051624831071488 -968 -189 -185
789051624870705920 -966 -190 -176
789051624910340352 -978 -185 -170
789051624949974784 -968 -176 -148
789051624989609216 -967 -191 -173
789051625029243520 -971 -201 -175
789051625068877952 -970 -204 -178
789051625108512384 -971 -200 -183
789051625148146816 -960 -201 -175
789051625187781248 -966 -209 -192
789051625227415552 -980 -215 -202
789051625267049984 -971 -202 -166
789051625306684416 -935 -182 -180
789051625346318848 -947 -181 -200
789051625385953164 -962 -204 -166
789051625425604480 -972 -216 -165
789051625465255808 -967 -220 -160
789051625504907136 -973 -219 -140
789051625544558592 -963 -213 -137
789051625584209920 -970 -205 -134
789051625623861248 -946 -192 -116
789051625663512576 -948 -198 -128
789051625703164032 -969 -202 -133
789051625742815360 -974 -210 -139
789051625782466688 -975 -212 -135
789051625822118016 -953 -199 -131
789051625861769472 -968 -185 -123
789051625901420800 -970 -196 -116
789051625941072128 -965 -190 -110
789051625980723456 -955 -187 -121
789051626020374912 -960 -188 -163
789051626060026240 -990 -202 -186
789051626099677568 -951 -220 -190
789051626139328896 -953 -213 -155
789051626178980352 -934 -159 -204
789051626218631680 -965 -201 -251
789051626258283008 -971 -208 -222
789051626297934336 -931 -199 -178
789051626337585792 -965 -204 -174
789051626377237120 -983 -216 -214
789051626416888448 -991 -218 -179
789051626456539776 -981 -245 -130
789051626496191232 -881 -202 -291
789051626535842560 -881 -213 -312
789051626575493888 -989 -257 -331
789051626615145216 -970 -310 -385
789051626654796672 -882 -358 -360
789051626694448000 -802 -346 -374
789051626734099328 -856 -336 -372
789051626773750656 -929 -336 -437
789051626813402116 -868 -363 -381
789051626853062784 -851 -353 -290
789051626892723456 -871 -367 -293
789051626932384128 -897 -355 -286
789051626972044800 -921 -332 -238
789051627011705472 -1026 -275 -171
789051627051366144 -988 -257 -234
789051627091026944 -876 -347 -194
789051627130687616 -841 -355 -150
789051627170348288 -787 -318 -241
789051627210008960 -842 -274 -247
789051627249669632 -939 -252 -244
789051627289330304 -959 -216 -242
789051627328990976 -973 -118 -300
789051627368651648 -980 24 -261
789051627408312320 -1022 109 -313
789051627447972992 -1046 131 -475
789051627487633792 -1052 171 -509
789051627527294464 -903 162 -465
789051627566955136 -825 127 -508
789051627606615808 -739 51 -542
789051627646276480 -643 99 -537
789051627685937152 -681 160 -562
789051627725597824 -767 139 -635
789051627765258496 -806 134 -680
789051627804919168 -822 182 -721
789051627844579840 -866 221 -670
789051627884240512 -892 178 -624
789051627923901312 -812 151 -514
789051627963561984 -805 139 -429
789051628003222656 -906 142 -482
789051628042883328 -935 162 -453
789051628082544000 -969 114 -469
789051628122204672 -922 7 -389
789051628161865344 -926 -115 -408
789051628201526016 -906 -156 -382
789051628241186748 -960 -289 -380
789051628280854144 -1066 -347 -454
789051628320521600 -931 -219 -539
789051628360189056 -797 -165 -498
789051628399856512 -774 -194 -494
789051628439523968 -692 -195 -498
789051628479191424 -706 -238 -505
789051628518858880 -771 -299 -498
789051628558526464 -891 -347 -486
789051628598193920 -1011 -357 -461
789051628637861376 -994 -292 -457
789051628677528832 -925 -235 -427
789051628717196288 -879 -233 -411
789051628756863744 -862 -313 -449
789051628796531200 -906 -334 -349
789051628836198656 -968 -308 -343
789051628875866112 -951 -230 -220
789051628915533568 -945 -147 -131
789051628955201024 -933 -68 -73
789051628994868480 -947 -69 -76
789051629034535936 -945 -116 -53
789051629074203392 -1021 -178 -57
789051629113870976 -1015 -124 -48
789051629153538432 -981 -119 40
789051629193205888 -942 -126 90
789051629232873344 -900 -93 51
789051629272540800 -909 -70 -2
789051629312208256 -913 -78 -12
789051629351875712 -997 -66 6
789051629391543168 -1030 75 42
789051629431210624 -973 42 -16
789051629470878080 -861 -46 -51
789051629510545536 -843 -89 -23
789051629550212992 -959 -141 246
789051629589880448 -1127 -44 239
789051629629547904 -1072 -9 205
789051629669215494 -1021 14 181
789051629708856704 -995 -30 64
789051629748497920 -1020 -33 41
789051629788139136 -947 -10 291
789051629827780224 -974 -7 240
789051629867421440 -969 -17 122
789051629907062656 -913 -72 174
789051629946703872 -981 -128 206
789051629986344960 -1011 -168 193
789051630025986176 -969 -90 238
789051630065627392 -1001 -23 255
789051630105268608 -985 -17 234
789051630144909824 -971 -68 184
789051630184550912 -835 -87 259
789051630224192128 -830 -77 370
789051630263833344 -943 -73 366
789051630303474560 -930 -60 379
789051630343115648 -873 -76 391
789051630382756864 -909 -85 369
789051630422398080 -892 -44 356
789051630462039296 -904 -36 356
789051630501680384 -906 -76 302
789051630541321600 -882 -88 320
789051630580962816 -952 -88 313
789051630620604032 -950 -74 182
789051630660245248 -986 -124 202
789051630699886336 -1007 -129 157
789051630739527552 -914 -135 160
789051630779168768 -954 -96 179
789051630818809984 -968 -61 178
789051630858451072 -947 -32 174
789051630898092288 -959 -35 133
789051630937733504 -973 -74 145
789051630977374720 -985 -89 147
789051631017015936 -967 -84 158
789051631056657024 -980 -72 134
789051631096298224 -978 -57 119
789051631135960576 -985 -68 142
789051631175622912 -1004 -70 104
789051631215285376 -991 -73 149
789051631254947712 -993 -94 135
789051631294610048 -969 -113 122
789051631334272512 -978 -135 114
789051631373934848 -994 -127 75
789051631413597184 -989 -110 119
789051631453259648 -985 -128 143
789051631492921984 -1001 -146 153
789051631532584320 -950 -132 116
789051631572246784 -956 -129 131
789051631611909120 -966 -114 152
789051631651571456 -972 -106 184
789051631691233920 -990 -130 173
789051631730896256 -940 -142 148
789051631770558592 -971 -135 160
789051631810221056 -962 -136 121
789051631849883392 -947 -126 150
789051631889545728 -965 -125 151
789051631929208192 -956 -119 135
789051631968870528 -941 -105 148
789051632008532864 -957 -99 144
789051632048195328 -957 -108 187
789051632087857664 -986 -112 204
789051632127520128 -995 -103 172
789051632167182464 -971 -96 174
789051632206844800 -961 -97 175
789051632246507264 -962 -102 191
789051632286169600 -960 -100 181
789051632325831936 -938 -108 204
789051632365494400 -967 -92 282
789051632405156736 -925 -15 255
789051632444819072 -1003 -84 50
789051632484481536 -974 -121 135
789051632524143888 -988 -136 94
789051632563802880 -953 -140 17
789051632603461888 -975 -98 6
789051632643120896 -993 -79 71
789051632682779904 -1000 -44 114
789051632722438784 -982 1 149
789051632762097792 -986 -20 50
789051632801756800 -995 -64 106
789051632841415808 -972 -86 99
789051632881074816 -954 -79 104
789051632920733824 -983 -86 66
789051632960392704 -1008 -83 5
789051633000051712 -997 -84 11
789051633039710720 -1012 -90 26
789051633079369728 -1009 -84 18
789051633119028736 -982 -93 20
789051633158687744 -973 -95 18
789051633198346752 -979 -90 -10
789051633238005632 -1016 -87 7
789051633277664640 -1014 -81 -18
789051633317323648 -988 -74 -18
789051633356982656 -994 -80 -4
789051633396641664 -1005 -84 -22
789051633436300672 -982 -87 -26
789051633475959680 -975 -87 -17
789051633515618560 -987 -88 -2
789051633555277568 -989 -94 8
789051633594936576 -1001 -97 14
789051633634595584 -986 -96 10
789051633674254592 -979 -92 -3
789051633713913600 -988 -98 17
789051633753572480 -1000 -113 71
789051633793231488 -1011 -166 -20
789051633832890496 -942 -56 -25
789051633872549504 -983 -45 47
789051633912208512 -1001 -43 -18
789051633951867478 -962 -31 -11
789051633991532416 -993 -54 13
789051634031197312 -994 -89 17
789051634070862208 -989 -96 22
789051634110527232 -981 -93 9
789051634150192128 -984 -104 11
789051634189857024 -982 -118 14
789051634229521920 -986 -107 3
789051634269186816 -998 -102 10
789051634308851840 -990 -94 8
789051634348516736 -986 -95 10
789051634388181632 -999 -86 6
789051634427846528 -997 -79 3
789051634467511552 -997 -80 23
789051634507176448 -992 -84 25
789051634546841344 -980 -88 -8
789051634586506240 -997 -90 25
789051634626171136 -992 -85 34
789051634665836160 -977 -84 27
789051634705501056 -984 -88 13
789051634745165952 -998 -87 18
789051634784830848 -988 -83 9
789051634824495744 -994 -80 21
789051634864160768 -983 -66 4
789051634903825664 -994 -65 11
789051634943490560 -997 -60 19
789051634983155456 -991 -66 21
789051635022820352 -993 -72 19
789051635062485376 -995 -72 26
789051635102150272 -985 -82 37
789051635141815168 -989 -87 36
789051635181480064 -989 -85 38
789051635221144960 -992 -80 29
789051635260809984 -983 -77 33
789051635300474880 -995 -68 39
789051635340139776 -981 -67 29
789051635379804696 -992 -72 51
789051635419494144 -982 -57 54
789051635459183616 -988 -72 46
789051635498873216 -990 -83 41
789051635538562688 -979 -88 51
789051635578252160 -975 -90 55
789051635617941632 -995 -90 38
789051635657631232 -983 -95 51
789051635697320704 -1019 -112 56
789051635737010176 -995 -98 70
789051635776699648 -962 -84 52
789051635816389248 -959 -74 39
789051635856078720 -980 -88 69
789051635895768192 -989 -97 65
789051635935457792 -981 -105 71
789051635975147264 -967 -106 56
789051636014836736 -988 -117 65
789051636054526208 -998 -103 72
789051636094215808 -985 -90 76
789051636133905280 -980 -90 60
789051636173594752 -996 -92 46
789051636213284224 -985 -93 53
789051636252973824 -987 -94 54
789051636292663296 -987 -92 54
789051636332352768 -992 -94 55
789051636372042368 -988 -93 56
789051636411731840 -986 -91 54
789051636451421312 -993 -76 48
789051636491110784 -977 -85 67
789051636530800384 -980 -80 56
789051636570489856 -983 -85 62
789051636610179328 -994 -84 53
789051636649868800 -989 -79 54
789051636689558400 -985 -78 54
789051636729247872 -994 -76 60
789051636768937344 -982 -79 61
789051636808626940 -986 -77 61
789051636848292736 -989 -75 57
789051636887958528 -988 -76 58
789051636927624320 -985 -79 58
789051636967290112 -982 -82 58
789051637006955776 -989 -88 58
789051637046621568 -999 -86 49
789051637086287360 -980 -90 68
789051637125953152 -980 -79 55
789051637165618944 -976 -81 62
789051637205284736 -1006 -78 63
789051637244950400 -992 -78 63
789051637284616192 -983 -83 59
789051637324281984 -994 -83 63
789051637363947776 -982 -87 65
789051637403613568 -993 -87 67
789051637443279360 -982 -87 60
789051637482945024 -983 -84 62
789051637522610816 -987 -84 67
789051637562276608 -988 -81 67
789051637601942400 -988 -81 65
789051637641608192 -986 -81 61
789051637681273984 -990 -80 58
789051637720939648 -981 -83 73
789051637760605440 -978 -78 70
789051637800271232 -987 -81 82
789051637839937024 -991 -77 69
789051637879602816 -979 -79 75
789051637919268608 -978 -82 78
789051637958934272 -984 -81 71
789051637998600064 -978 -79 79
789051638038265856 -984 -81 76
789051638077931648 -983 -79 77
789051638117597440 -985 -79 77
789051638157263232 -987 -81 76
789051638196928896 -984 -79 73
789051638236594686 -985 -80 74
789051638276222336 -991 -83 72
789051638315849984 -983 -81 60
789051638355477632 -981 -81 75
789051638395105152 -979 -81 71
789051638434732800 -991 -84 70
789051638474360448 -992 -77 68
789051638513988096 -985 -80 68
789051638553615744 -985 -80 70
789051638593243264 -988 -82 61
789051638632870912 -986 -81 67
789051638672498560 -984 -80 64
789051638712126208 -988 -80 65
789051638751753856 -990 -82 66
789051638791381504 -990 -79 59
789051638831009024 -985 -81 61
789051638870636672 -983 -82 63
789051638910264320 -985 -82 61
789051638949891968 -970 -85 77
789051638989519616 -977 -83 83
789051639029147136 -985 -82 73
789051639068774784 -1004 -85 57
789051639108402432 -1003 -82 60
789051639148030080 -1001 -80 61
789051639187657728 -998 -80 67
789051639227285248 -989 -84 67
789051639266912896 -987 -81 72
789051639306540544 -981 -79 78
789051639346168192 -977 -79 86
789051639385795840 -976 -81 93
789051639425423360 -973 -81 98
789051639465051008 -973 -82 101
789051639504678656 -978 -83 98
789051639544306304 -982 -79 84
789051639583933952 -972 -82 86
789051639623561472 -982 -78 95
789051639663189132 -989 -80 94
789051639702854912 -995 -74 97
789051639742520704 -985 -76 98
789051639782186496 -965 -77 87
789051639821852160 -994 -82 100
789051639861517952 -991 -84 101
789051639901183744 -975 -80 105
789051639940849536 -981 -55 101
789051639980515328 -1000 -82 81
789051640020181120 -989 -97 65
789051640059846784 -969 -90 78
789051640099512576 -963 -76 93
789051640139178368 -982 -73 108
789051640178844160 -975 -87 101
789051640218509952 -992 -104 81
789051640258175744 -980 -88 84
789051640297841408 -971 -66 87
789051640337507200 -989 -49 87
789051640377172992 -1010 -70 82
789051640416838784 -996 -84 84
789051640456504576 -979 -82 65
789051640496170368 -980 -81 64
789051640535836032 -989 -83 71
789051640575501824 -992 -78 77
789051640615167616 -990 -75 75
789051640654833408 -983 -76 65
789051640694499200 -988 -76 65
789051640734164992 -990 -79 74
789051640773830656 -997 -76 61
789051640813496448 -985 -80 72
789051640853162240 -978 -78 63
789051640892828032 -990 -83 79
789051640932493824 -1009 -76 78
789051640972159488 -986 -71 85
789051641011825280 -977 -77 82
789051641051491072 -990 -77 75
789051641091156852 -985 -76 84
789051641130829440 -988 -73 84
789051641170502016 -984 -71 81
789051641210174592 -984 -75 91
789051641249847040 -982 -74 91
789051641289519616 -982 -74 92
789051641329192192 -984 -74 90
789051641368864768 -987 -71 96
789051641408537344 -980 -72 88
789051641448209920 -978 -73 100
789051641487882368 -980 -74 102
789051641527554944 -986 -67 94
789051641567227520 -980 -66 103
789051641606900096 -975 -71 106
789051641646572672 -983 -68 104
789051641686245120 -970 -64 97
789051641725917696 -977 -64 92
789051641765590272 -987 -71 100
789051641805262848 -989 -72 99
789051641844935424 -990 -76 95
789051641884608000 -983 -74 96
789051641924280448 -984 -73 96
789051641963953024 -993 -75 99
789051642003625600 -993 -80 101
789051642043298176 -963 -79 70
789051642082970752 -971 -95 70
789051642122643200 -1003 -113 57
789051642162315776 -990 -104 73
789051642201988352 -982 -94 78
789051642241660928 -982 -87 83
789051642281333504 -980 -86 75
789051642321005952 -975 -89 88
789051642360678528 -992 -90 95
789051642400351104 -985 -87 82
789051642440023680 -981 -85 73
789051642479696256 -989 -83 68
789051642519368742 -992 -73 81
789051642559015040 -992 -70 79
789051642598661376 -978 -69 60
789051642638307584 -976 -79 69
789051642677953920 -979 -87 81
789051642717600128 -1001 -90 72
789051642757246464 -993 -85 75
789051642796892672 -983 -80 72
789051642836539008 -991 -65 84
789051642876185216 -981 -58 86
789051642915831552 -990 -59 83
789051642955477760 -978 -68 84
789051642995124096 -985 -74 84
789051643034770304 -970 -79 62
789051643074416640 -986 -69 91
789051643114062848 -1010 -71 95
789051643153709184 -984 -68 84
789051643193355392 -973 -67 93
789051643233001728 -976 -63 101
789051643272647936 -986 -69 96
789051643312294272 -989 -79 85
789051643351940480 -984 -75 88
789051643391586816 -984 -73 92
789051643431233024 -1000 -66 100
789051643470879360 -1003 -94 68
789051643510525568 -965 -95 54
789051643550171904 -993 -87 80
789051643589818112 -993 -92 69
789051643629464448 -976 -95 75
789051643669110656 -978 -97 80
789051643708756992 -983 -90 98
789051643748403200 -977 -88 83
789051643788049536 -975 -87 81
789051643827695744 -979 -89 75
789051643867342080 -986 -91 78
789051643906988288 -989 -79 65
789051643946634544 -981 -71 74
789051643986273152 -985 -78 83
789051644025911808 -993 -79 79
789051644065550464 -980 -85 80
789051644105189120 -987 -89 69
789051644144827776 -985 -90 77
789051644184466432 -985 -87 78
789051644224104960 -978 -86 65
789051644263743616 -981 -82 55
789051644303382272 -987 -73 68
789051644343020928 -1005 -67 63
789051644382659584 -982 -76 62
789051644422298240 -988 -81 61
789051644461936896 -983 -82 62
789051644501575552 -996 -84 54
789051644541214208 -986 -83 56
789051644580852864 -981 -86 58
789051644620491392 -993 -84 52
789051644660130048 -988 -84 57
789051644699768704 -988 -84 62
789051644739407360 -985 -83 64
789051644779046016 -982 -82 57
789051644818684672 -989 -84 59
789051644858323328 -985 -82 58
789051644897961984 -989 -82 52
789051644937600640 -998 -79 64
789051644977239296 -996 -80 55
789051645016877952 -985 -77 56
789051645056516480 -979 -74 57
789051645096155136 -980 -80 48
789051645135793792 -978 -77 70
789051645175432448 -979 -77 73
789051645215071104 -993 -77 65
789051645254709760 -989 -78 56
789051645294348416 -989 -76 50
789051645333987072 -992 -74 52
789051645373625724 -989 -77 55
789051645413287296 -998 -74 77
789051645452948864 -999 -83 54
789051645492610304 -940 -88 19
789051645532271872 -1006 -91 70
789051645571933440 -1013 -85 47
789051645611595008 -973 -76 44
789051645651256448 -976 -81 58
789051645690918016 -982 -72 80
789051645730579584 -998 -82 64
789051645770241024 -987 -80 76
789051645809902592 -985 -71 86
789051645849564160 -982 -85 74
789051645889225728 -981 -93 78
789051645928887168 -978 -93 91
789051645968548736 -976 -91 85
789051646008210304 -987 -91 75
789051646047871744 -983 -91 73
789051646087533312 -983 -92 76
789051646127194880 -986 -93 77
789051646166856448 -992 -85 71
789051646206517888 -985 -83 60
789051646246179456 -987 -85 58
789051646285841024 -986 -94 63
789051646325502464 -982 -95 57
789051646365164032 -978 -93 77
789051646404825600 -984 -88 71
789051646444487168 -990 -86 68
789051646484148608 -975 -89 64
789051646523810176 -981 -88 53
789051646563471744 -983 -80 61
789051646603133184 -992 -73 66
789051646642794752 -993 -77 66
789051646682456320 -982 -83 50
789051646722117888 -989 -85 53
789051646761779328 -996 -85 61
789051646801440854 -984 -84 53
789051646841089664 -981 -83 68
789051646880738432 -982 -82 56
789051646920387328 -993 -88 50
789051646960036096 -993 -83 52
789051646999684992 -988 -84 55
789051647039333760 -986 -82 62
789051647078982528 -991 -85 64
789051647118631424 -994 -78 70
789051647158280192 -981 -79 59
789051647197928960 -987 -80 65
789051647237577856 -989 -82 63
789051647277226624 -985 -81 57
789051647316875520 -981 -79 62
789051647356524288 -989 -80 65
789051647396173056 -991 -81 70
789051647435821952 -983 -81 53
789051647475470720 -981 -83 72
789051647515119488 -983 -82 70
789051647554768384 -993 -83 70
789051647594417152 -988 -81 75
789051647634066048 -983 -83 77
789051647673714816 -985 -84 87
789051647713363584 -983 -87 74
789051647753012480 -994 -82 93
789051647792661248 -981 -68 95
789051647832310144 -972 -68 105
789051647871958912 -983 -68 111
789051647911607680 -983 -84 107
789051647951256576 -957 -78 102
789051647990905344 -966 -47 133
789051648030554112 -959 -30 111
789051648070203008 -960 -44 84
789051648109851776 -989 -91 102
789051648149500672 -1016 -96 40
789051648189149440 -1011 -74 -11
789051648228798262 -1012 -51 3
789051648268461440 -983 -85 -7
789051648308124672 -976 -130 25
789051648347787904 -995 -139 36
789051648387451136 -991 -137 57
789051648427114368 -979 -153 61
789051648466777600 -1013 -124 77
789051648506440832 -988 -92 52
789051648546104064 -995 -65 53
789051648585767296 -990 -42 48
789051648625430528 -991 -42 68
789051648665093760 -990 -52 74
789051648704756992 -984 -62 78
789051648744420224 -981 -80 74
789051648784083328 -971 -91 95
789051648823746560 -973 -100 112
789051648863409792 -992 -95 117
789051648903073024 -984 -77 111
789051648942736256 -964 -63 103
789051648982399488 -983 -57 106
789051649022062720 -988 -37 74
789051649061725952 -981 -42 90
789051649101389184 -988 -40 105
789051649141052416 -956 -40 105
789051649180715648 -989 -56 95
789051649220378880 -1015 -63 98
789051649260042112 -971 -84 56
789051649299705344 -955 -92 64
789051649339368576 -978 -61 113
789051649379031808 -991 -59 116
789051649418695040 -989 -93 99
789051649458358272 -981 -96 95
789051649498021504 -982 -84 79
789051649537684736 -987 -82 66
789051649577347968 -999 -82 44
789051649617011200 -993 -76 53
789051649656674436 -990 -68 54
789051649696319872 -992 -71 47
789051649735965312 -997 -87 51
789051649775610752 -981 -90 89
789051649815256192 -995 -79 94
789051649854901632 -989 -88 60
789051649894546944 -989 -96 59
789051649934192384 -975 -81 81
789051649973837824 -979 -61 69
789051650013483264 -965 -64 86
789051650053128704 -991 -57 105
789051650092774144 -983 -63 106
789051650132419584 -985 -66 89
789051650172065024 -987 -65 98
789051650211710464 -990 -62 102
789051650251355776 -980 -73 91
789051650291001216 -982 -53 105
789051650330646656 -995 -32 88
789051650370292096 -996 -34 78
789051650409937536 -962 -49 97
789051650449582976 -989 -87 107
789051650489228416 -985 -64 117
789051650528873856 -1008 -36 100
789051650568519168 -972 -21 83
789051650608164608 -957 -39 90
789051650647810048 -977 -56 100
789051650687455488 -1000 -73 109
789051650727100928 -987 -83 105
789051650766746368 -981 -81 99
789051650806391808 -982 -84 95
789051650846037248 -990 -70 95
789051650885682688 -992 -65 100
789051650925328000 -978 -51 87
789051650964973440 -966 -56 101
789051651004618880 -988 -79 109
789051651044264320 -990 -70 103
789051651083909748 -978 -67 79
789051651123567104 -985 -60 80
789051651163224448 -990 -69 79
789051651202881664 -977 -77 64
789051651242539008 -980 -41 102
789051651282196224 -997 -49 93
789051651321853568 -984 -51 77
789051651361510912 -994 -31 105
789051651401168128 -984 -15 90
789051651440825472 -942 -43 64
789051651480482688 -960 -107 50
789051651520140032 -1015 -153 40
789051651559797376 -1020 -185 59
789051651599454592 -984 -165 58
789051651639111936 -965 -147 129
789051651678769152 -1006 -137 91
789051651718426496 -997 -83 33
789051651758083840 -969 -69 70
789051651797741056 -961 -34 70
789051651837398400 -1012 -55 29
789051651877055616 -967 -83 15
789051651916712960 -967 -108 3
789051651956370304 -1013 -180 100
789051651996027520 -1016 -198 120
789051652035684864 -973 -154 109
789051652075342080 -968 -111 93
789051652114999424 -983 -101 74
789051652154656768 -1000 -105 58
789051652194313984 -960 -109 104
789051652233971328 -930 -99 99
789051652273628544 -939 -89 98
789051652313285888 -950 -103 127
789051652352943232 -1024 -138 129
789051652392600448 -998 -102 86
789051652432257792 -959 -94 80
789051652471915008 -982 -88 106
789051652511572302 -985 -92 101
789051652551218688 -981 -98 109
789051652590865024 -980 -117 98
789051652630511232 -975 -124 102
789051652670157568 -970 -132 103
789051652709803776 -954 -107 111
789051652749450112 -962 -126 119
789051652789096320 -983 -149 116
789051652828742656 -986 -154 124
789051652868388864 -983 -131 115
789051652908035200 -977 -107 113
789051652947681408 -973 -99 116
789051652987327744 -972 -114 114
789051653026973952 -973 -120 108
789051653066620288 -976 -125 121
789051653106266496 -979 -112 122
789051653145912832 -971 -113 116
789051653185559040 -973 -120 118
789051653225205376 -973 -123 114
789051653264851584 -973 -127 108
789051653304497920 -982 -126 119
789051653344144128 -972 -120 131
789051653383790464 -979 -113 114
789051653423436672 -980 -107 105
789051653463083008 -972 -105 117
789051653502729216 -946 -104 150
789051653542375552 -946 -105 149
789051653582021760 -992 -128 149
789051653621668096 -988 -134 116
789051653661314304 -990 -137 97
789051653700960640 -960 -129 83
789051653740606848 -989 -126 111
789051653780253184 -987 -105 128
789051653819899392 -954 -88 145
789051653859545728 -954 -94 147
789051653899191936 -976 -121 151
789051653938838104 -970 -141 123
789051653978503040 -990 -116 106
789051654018167936 -1010 -135 91
789051654057832832 -958 -175 124
789051654097497856 -926 -229 79
789051654137162752 -950 -238 51
789051654176827648 -981 -227 81
789051654216492544 -984 -205 107
789051654256157440 -975 -169 103
789051654295822464 -970 -155 123
789051654335487360 -971 -158 117
789051654375152256 -938 -178 96
789051654414817152 -949 -148 116
789051654454482176 -990 -148 140
789051654494147072 -937 -174 117
789051654533811968 -966 -177 161
789051654573476864 -975 -170 149
789051654613141760 -972 -163 121
789051654652806784 -972 -154 122
789051654692471680 -973 -149 110
789051654732136576 -974 -134 102
789051654771801472 -982 -131 128
789051654811466368 -974 -124 122
789051654851131392 -969 -124 122
789051654890796288 -978 -134 128
789051654930461184 -965 -153 123
789051654970126080 -972 -156 128
789051655009790976 -968 -159 130
789051655049456000 -964 -161 146
789051655089120896 -975 -158 128
789051655128785792 -961 -144 128
789051655168450688 -964 -133 116
789051655208115712 -978 -102 126
789051655247780608 -982 -94 149
789051655287445504 -981 -87 136
789051655327110400 -988 -98 132
789051655366775328 -970 -118 163
789051655406433408 -978 -135 161
789051655446091520 -969 -134 128
789051655485749632 -970 -158 134
789051655525407872 -968 -152 139
789051655565065984 -962 -137 134
789051655604724096 -960 -127 141
789051655644382208 -968 -131 124
789051655684040448 -976 -143 134
789051655723698560 -973 -128 144
789051655763356672 -964 -122 142
789051655803014784 -977 -134 136
789051655842673024 -978 -135 132
789051655882331136 -965 -127 132
789051655921989248 -968 -127 137
789051655961647360 -978 -134 130
789051656001305472 -967 -131 138
789051656040963712 -977 -121 133
789051656080621824 -969 -112 156
789051656120279936 -986 -104 147
789051656159938048 -975 -117 118
789051656199596288 -960 -113 109
789051656239254400 -970 -118 142
789051656278912512 -997 -127 128
789051656318570624 -957 -119 150
789051656358228864 -966 -108 152
789051656397886976 -959 -116 149
789051656437545088 -990 -113 136
789051656477203200 -963 -108 120
789051656516861440 -972 -110 154
789051656556519552 -974 -132 163
789051656596177664 -969 -140 140
789051656635835776 -951 -126 130
789051656675493888 -986 -108 159
789051656715152128 -974 -93 149
789051656754810240 -969 -90 140
789051656794468432 -983 -102 137
789051656834112256 -977 -100 153
789051656873756032 -969 -109 121
789051656913399680 -954 -127 114
789051656953043456 -946 -99 162
789051656992687232 -1019 -83 176
789051657032330880 -1019 -91 150
789051657071974656 -988 -111 101
789051657111618304 -957 -114 114
789051657151262080 -963 -94 133
789051657190905856 -940 -82 146
789051657230549504 -956 -76 150
789051657270193280 -924 -60 124
789051657309837056 -991 -84 131
789051657349480704 -999 -96 87
789051657389124480 -960 -67 85
789051657428768128 -979 -39 61
789051657468411904 -997 -44 65
789051657508055680 -1023 -36 73
789051657547699328 -1007 -56 47
789051657587343104 -998 -68 23
789051657626986880 -979 -65 23
789051657666630528 -1008 -46 60
789051657706274304 -1005 -83 56
789051657745918080 -988 -101 63
789051657785561728 -982 -139 64
789051657825205504 -979 -132 78
789051657864849152 -974 -125 86
789051657904492928 -993 -119 76
789051657944136704 -975 -106 60
789051657983780352 -968 -101 55
789051658023424128 -985 -112 45
789051658063067904 -992 -97 78
789051658102711552 -983 -136 57
789051658142355328 -990 -134 54
789051658181999104 -982 -138 63
789051658221642676 -962 -134 70
789051658261288960 -952 -153 37
789051658300935296 -987 -94 121
789051658340581504 -986 -93 104
789051658380227840 -956 -105 88
789051658419874048 -982 -147 78
789051658459520384 -971 -157 52
789051658499166592 -979 -128 46
789051658538812928 -976 -116 71
789051658578459136 -985 -109 117
789051658618105472 -1021 -133 114
789051658657751680 -994 -134 23
789051658697398016 -983 -120 49
789051658737044224 -978 -94 58
789051658776690560 -978 -103 65
789051658816336768 -1000 -127 74
789051658855983104 -983 -123 79
789051658895629312 -992 -118 44
789051658935275648 -961 -110 73
789051658974921856 -960 -99 100
789051659014568192 -951 -95 152
789051659054214400 -955 -89 169
789051659093860736 -980 -94 136
789051659133506944 -1004 -98 103
789051659173153280 -1015 -96 74
789051659212799488 -988 -112 45
789051659252445824 -994 -112 28
789051659292092032 -976 -108 13
789051659331738368 -962 -104 108
789051659371384576 -936 -103 146
789051659411030912 -964 -91 214
789051659450677120 -983 -90 156
789051659490323456 -1006 -91 94
789051659529969664 -970 -109 61
789051659569616000 -946 -134 37
789051659609262208 -1016 -160 35
789051659648908494 -989 -144 21
789051659688570880 -969 -146 60
789051659728233216 -953 -142 113
789051659767895680 -988 -133 120
789051659807558016 -988 -114 106
789051659847220352 -970 -100 84
789051659886882816 -971 -107 85
789051659926545152 -999 -108 54
789051659966207488 -987 -104 53
789051660005869952 -972 -102 52
789051660045532288 -948 -99 59
789051660085194624 -1011 -92 107
789051660124857088 -1025 -87 73
789051660164519424 -1021 -84 81
789051660204181760 -1015 -86 71
789051660243844224 -1005 -46 53
789051660283506560 -992 -38 107
789051660323168896 -979 -49 86
789051660362831360 -951 -60 92
789051660402493696 -968 -86 111
789051660442156160 -960 -91 111
789051660481818496 -946 -89 117
789051660521480832 -964 -85 147
789051660561143296 -986 -77 82
789051660600805632 -979 -93 109
789051660640467968 -972 -95 112
789051660680130432 -976 -93 115
789051660719792768 -983 -91 117
789051660759455104 -972 -93 124
789051660799117568 -988 -95 128
789051660838779904 -969 -98 127
789051660878442240 -976 -97 126
789051660918104704 -991 -95 113
789051660957767040 -1005 -104 96
789051660997429376 -886 -105 74
789051661037091840 -983 -77 214
789051661076754170 -1070 -54 181
789051661116406400 -986 -88 107
789051661156058624 -959 -100 104
789051661195710848 -943 -94 114
789051661235363072 -955 -84 140
789051661275015168 -982 -76 104
789051661314667392 -955 -66 122
789051661354319616 -970 -83 135
789051661393971840 -983 -91 154
789051661433624064 -997 -91 104
789051661473276288 -949 -53 80
789051661512928512 -942 -11 142
789051661552580736 -1016 -5 128
789051661592232832 -1013 -52 47
789051661631885056 -981 -93 87
789051661671537280 -978 -94 116
789051661711189504 -998 -81 88
789051661750841728 -1002 -77 107
789051661790493952 -995 -64 135
789051661830146176 -971 -57 135
789051661869798272 -974 -19 122
789051661909450496 -975 -36 123
789051661949102720 -948 -45 133
789051661988754944 -997 -84 122
789051662028407168 -1006 -80 115
789051662068059392 -980 -89 108
789051662107711616 -974 -91 135
789051662147363712 -969 -106 124
789051662187015936 -962 -104 152
789051662226668160 -958 -84 149
789051662266320384 -972 -81 157
789051662305972608 -969 -84 158
789051662345624832 -941 -87 167
789051662385277056 -989 -100 125
789051662424929280 -973 -130 112
789051662464581376 -974 -124 139
789051662504233608 -988 -106 147
789051662543867136 -993 -90 154
789051662583500672 -988 -83 135
789051662623134208 -935 -67 112
789051662662767872 -942 -50 182
789051662702401408 -1002 -108 214
789051662742034944 -1015 -118 155
789051662781668480 -991 -98 109
789051662821302016 -947 -98 96
789051662860935552 -976 -91 101
789051662900569216 -998 -91 91
789051662940202752 -965 -146 155
789051662979836288 -948 -158 153
789051663019469824 -927 -108 184
789051663059103360 -956 -100 143
789051663098736896 -956 -109 121
789051663138370560 -1018 -105 171
789051663178004096 -979 -109 155
789051663217637632 -948 -91 163
789051663257271168 -972 -102 156
789051663296904704 -987 -135 146
789051663336538240 -924 -122 117
789051663376171904 -987 -97 134
789051663415805440 -951 -79 102
789051663455438976 -972 -79 96
789051663495072512 -1015 -64 216
789051663534706048 -970 -40 174
789051663574339584 -955 -74 188
789051663613973248 -991 -79 180
789051663653606784 -983 -92 153
789051663693240320 -978 -98 161
789051663732873856 -964 -135 153
789051663772507392 -950 -120 157
789051663812140928 -983 -107 141
789051663851774592 -993 -104 141
789051663891408128 -971 -115 150
789051663931041694 -929 -109 185
789051663970679424 -947 -116 199
789051664010317184 -984 -102 188
789051664049955072 -955 -85 153
789051664089592832 -936 -91 171
789051664129230592 -988 -100 187
789051664168868352 -974 -114 186
789051664208506240 -948 -114 198
789051664248144000 -954 -141 166
789051664287781760 -927 -120 188
789051664327419520 -959 -50 196
789051664367057408 -1021 -66 98
789051664406695168 -938 -129 129
789051664446332928 -963 -127 241
789051664485970816 -1023 -103 126
789051664525608576 -1021 -84 77
789051664565246336 -993 -117 78
789051664604884096 -962 -115 83
789051664644521984 -958 -108 127
789051664684159744 -950 -110 207
789051664723797504 -944 -116 224
789051664763435264 -943 -120 174
789051664803073152 -941 -95 162
789051664842710912 -983 -89 168
789051664882348672 -1015 -87 133
789051664921986560 -975 -95 120
789051664961624320 -921 -108 125
789051665001262080 -907 -118 240
789051665040899840 -997 -145 218
789051665080537728 -1003 -148 141
789051665120175488 -985 -141 95
789051665159813248 -966 -116 102
789051665199451008 -974 -134 114
789051665239088896 -990 -150 141
789051665278726656 -977 -138 144
789051665318364416 -934 -121 140
789051665358002316 -946 -140 155
789051665397640960 -979 -175 136
789051665437279616 -985 -164 107
789051665476918272 -909 -174 120
789051665516556928 -948 -206 148
789051665556195584 -978 -210 127
789051665595834240 -972 -176 66
789051665635472768 -967 -152 100
789051665675111424 -1003 -163 91
789051665714750080 -983 -175 92
789051665754388736 -968 -180 109
789051665794027392 -964 -178 81
789051665833666048 -967 -183 68
789051665873304704 -993 -157 98
789051665912943360 -983 -106 78
789051665952582016 -956 -127 112
789051665992220672 -973 -128 128
789051666031859200 -978 -113 153
789051666071497856 -1001 -110 128
789051666111136512 -991 -110 88
789051666150775168 -951 -141 77
789051666190413824 -982 -128 120
789051666230052480 -953 -128 120
789051666269691136 -985 -135 79
789051666309329792 -974 -136 81
789051666348968448 -981 -127 98
789051666388607104 -982 -122 115
789051666428245632 -976 -124 123
789051666467884288 -966 -105 110
789051666507522944 -974 -106 98
789051666547161600 -992 -111 89
789051666586800256 -992 -122 99
789051666626438912 -979 -145 112
789051666666077568 -991 -141 104
789051666705716224 -918 -102 79
789051666745354880 -964 -130 141
789051666784993488 -992 -152 146
789051666824628736 -998 -139 142
789051666864263936 -987 -126 45
789051666903899264 -973 -110 88
789051666943534464 -974 -129 80
789051666983169792 -978 -154 93
789051667022804992 -997 -185 90
789051667062440192 -961 -165 67
789051667102075520 -967 -130 96
789051667141710720 -970 -121 84
789051667181346048 -995 -140 105
789051667220981248 -974 -143 104
789051667260616576 -967 -158 116
789051667300251776 -972 -163 104
789051667339886976 -974 -171 102
789051667379522304 -961 -182 90
789051667419157504 -961 -180 85
789051667458792832 -974 -171 86
789051667498428032 -985 -165 91
789051667538063232 -977 -163 90
789051667577698560 -968 -166 93
789051667617333760 -968 -173 96
789051667656969088 -971 -165 99
789051667696604288 -974 -169 106
789051667736239488 -965 -157 102
789051667775874816 -975 -161 99
789051667815510016 -987 -158 89
789051667855145344 -978 -116 100
789051667894780544 -945 -154 71
789051667934415744 -999 -185 101
789051667974051072 -964 -197 58
789051668013686272 -976 -181 75
789051668053321600 -980 -158 99
789051668092956800 -972 -144 82
789051668132592128 -953 -92 95
789051668172227328 -988 -147 107
789051668211862574 -984 -195 68
789051668251524096 -987 -184 53
789051668291185664 -967 -157 40
789051668330847104 -978 -139 84
789051668370508672 -977 -128 69
789051668410170240 -978 -152 81
789051668449831808 -998 -142 80
789051668489493248 -971 -166 70
789051668529154816 -968 -178 65
789051668568816384 -980 -172 85
789051668608477824 -972 -148 83
789051668648139392 -980 -136 86
789051668687800960 -982 -124 92
789051668727462528 -977 -141 76
789051668767123968 -979 -147 92
789051668806785536 -975 -149 60
789051668846447104 -978 -136 75
789051668886108544 -981 -116 75
789051668925770112 -968 -126 66
789051668965431680 -969 -118 87
789051669005093248 -982 -128 97
789051669044754688 -984 -156 89
789051669084416256 -990 -172 66
789051669124077824 -985 -167 48
789051669163739264 -970 -150 39
789051669203400832 -984 -158 60
789051669243062400 -1022 -172 16
789051669282723968 -951 -186 -1
789051669322385408 -949 -275 4
789051669362046976 -953 -251 38
789051669401708544 -981 -207 50
789051669441369984 -973 -146 144
789051669481031552 -923 -26 209
789051669520693120 -983 -72 98
789051669560354688 -1004 -177 117
789051669600016128 -945 -241 89
789051669639677708 -966 -188 180
789051669679373184 -927 -98 79
789051669719068672 -954 -105 75
789051669758764032 -1045 -111 56
789051669798459520 -998 -90 45
789051669838155008 -952 -99 110
789051669877850368 -977 -111 112
789051669917545856 -985 -119 100
789051669957241216 -975 -88 106
789051669996936704 -967 -63 95
789051670036632192 -983 -67 56
789051670076327552 -991 -91 74
789051670116023040 -994 -107 22
789051670155718528 -981 -111 59
789051670195413888 -990 -97 78
789051670235109376 -1007 -90 88
789051670274804736 -1008 -93 49
789051670314500224 -969 -113 -18
789051670354195712 -964 -107 24
789051670393891072 -976 -103 34
789051670433586560 -1002 -91 70
789051670473282048 -1006 -94 51
789051670512977408 -976 -95 49
789051670552672896 -987 -60 55
789051670592368384 -1059 -98 50
789051670632063744 -970 -127 35
789051670671759232 -926 -107 57
789051670711454592 -962 -136 71
789051670751150080 -986 -119 92
789051670790845568 -985 -118 89
789051670830540928 -992 -132 63
789051670870236416 -983 -120 54
789051670909931904 -964 -92 74
789051670949627264 -972 -80 96
789051670989322752 -997 -81 88
789051671029018112 -987 -87 73
789051671068713580 -987 -93 71
789051671108371712 -982 -91 59
789051671148029824 -979 -86 69
789051671187687936 -985 -93 69
789051671227346176 -982 -102 71
789051671267004288 -981 -99 65
789051671306662400 -978 -104 53
789051671346320512 -998 -91 67
789051671385978752 -984 -85 68
789051671425636864 -990 -83 75
789051671465294976 -985 -83 67
789051671504953088 -984 -86 61
789051671544611328 -987 -81 53
789051671584269440 -988 -83 59
789051671623927552 -989 -86 71
789051671663585664 -983 -88 71
789051671703243776 -975 -90 71
789051671742902016 -992 -103 98
789051671782560128 -1005 -87 61
789051671822218240 -980 -98 56
789051671861876352 -968 -95 77
789051671901534592 -966 -95 82
789051671941192704 -988 -85 89
789051671980850816 -987 -84 83
789051672020508928 -984 -84 88
789051672060167168 -987 -72 85
789051672099825280 -975 -70 91
789051672139483392 -978 -88 97
789051672179141504 -987 -84 34
789051672218799744 -933 -32 99
789051672258457856 -1003 -121 158
789051672298115968 -1099 -240 195
789051672337774080 -991 -235 35
789051672377432192 -958 -48 -78
789051672417090432 -898 64 27
789051672456748544 -905 26 82
789051672496406684 -1048 53 86
789051672536053760 -985 -111 204
789051672575700864 -1060 -193 40
789051672615347968 -956 -90 44
789051672654995072 -947 -67 53
789051672694642176 -942 -87 94
789051672734289408 -973 -104 111
789051672773936512 -1006 -105 113
789051672813583616 -1017 -85 96
789051672853230720 -988 -157 11
789051672892877824 -980 -180 44
789051672932524928 -930 -86 111
789051672972172032 -919 -63 142
789051673011819264 -966 -84 64
789051673051466368 -982 -91 111
789051673091113472 -1015 -115 54
789051673130760576 -1013 -97 53
789051673170407680 -989 -135 106
789051673210054784 -965 -167 115
789051673249701888 -976 -149 65
789051673289348992 -961 -160 4
789051673328996096 -962 -118 36
789051673368643328 -1015 -77 38
789051673408290432 -1001 -93 100
789051673447937536 -984 -96 115
789051673487584640 -976 -92 80
789051673527231744 -982 -91 46
789051673566878848 -985 -83 62
789051673606525952 -967 -90 62
789051673646173184 -973 -98 96
789051673685820288 -1010 -98 84
789051673725467392 -1016 -90 29
789051673765114496 -991 -86 14
789051673804761600 -984 -72 45
789051673844408704 -1007 -112 43
789051673884055808 -952 -113 56
789051673923703004 -961 -78 114
789051673963368832 -994 -94 44
789051674003034624 -996 -89 61
789051674042700416 -1001 -65 58
789051674082366080 -1001 -52 45
789051674122031872 -990 -84 46
789051674161697664 -942 -102 50
789051674201363456 -965 -104 92
789051674241029248 -991 -108 88
789051674280695040 -983 -102 38
789051674320360704 -995 -92 9
789051674360026496 -990 -89 -8
789051674399692288 -988 -79 -2
789051674439358080 -980 -78 14
789051674479023872 -981 -62 36
789051674518689664 -997 -87 4
789051674558355328 -988 -93 11
789051674598021120 -988 -91 -9
789051674637686912 -994 -91 -9
789051674677352704 -995 -88 -9
789051674717018496 -995 -87 -4
789051674756684288 -983 -93 -6
789051674796349952 -993 -91 -7
789051674836015744 -985 -89 -3
789051674875681536 -993 -90 -6
789051674915347328 -989 -93 0
789051674955013120 -998 -93 3
789051674994678912 -1001 -96 5
789051675034344576 -995 -98 12
789051675074010368 -985 -99 17
789051675113676160 -968 -90 17
789051675153341952 -982 -74 17
789051675193007744 -982 -82 9
789051675232673536 -991 -91 12
789051675272339200 -988 -99 18
789051675312004992 -996 -95 27
789051675351670746 -974 -93 29
789051675391339904 -984 -91 20
789051675431009024 -1002 -98 18
789051675470678272 -1007 -81 33
789051675510347392 -995 -77 47
789051675550016512 -1002 -88 57
789051675589685760 -980 -89 46
789051675629354880 -980 -88 59
789051675669024000 -978 -91 59
789051675708693248 -975 -99 54
789051675748362368 -995 -102 48
789051675788031488 -998 -96 46
789051675827700736 -987 -86 49
789051675867369856 -991 -81 59
789051675907038976 -985 -84 58
789051675946708224 -987 -84 62
789051675986377344 -982 -90 72
789051676026046464 -986 -95 77
789051676065715712 -973 -98 69
789051676105384832 -979 -92 68
789051676145053952 -975 -89 74
789051676184723072 -983 -84 61
789051676224392320 -979 -85 70
789051676264061440 -986 -89 75
789051676303730560 -987 -90 78
789051676343399808 -989 -88 78
789051676383068928 -981 -83 81
789051676422738048 -983 -82 76
789051676462407296 -984 -84 77
789051676502076416 -987 -86 82
789051676541745536 -985 -88 77
789051676581414784 -979 -86 76
789051676621083904 -987 -87 81
789051676660753024 -984 -83 82
789051676700422272 -985 -77 88
789051676740091392 -984 -74 83
789051676779760560 -984 -80 89
789051676819424640 -982 -86 84
789051676859088768 -980 -86 87
789051676898752768 -979 -88 92
789051676938416896 -989 -87 86
789051676978080896 -982 -84 88
789051677017745024 -985 -79 91
789051677057409152 -979 -81 89
789051677097073152 -989 -82 97
789051677136737280 -981 -85 89
789051677176401280 -980 -85 86
789051677216065408 -985 -84 87
789051677255729408 -984 -85 86
789051677295393536 -986 -86 83
789051677335057664 -979 -86 75
789051677374721664 -987 -89 79
789051677414385792 -992 -89 80
789051677454049792 -993 -84 80
789051677493713920 -986 -82 70
789051677533378048 -988 -83 74
789051677573042048 -988 -82 65
789051677612706176 -982 -84 71
789051677652370176 -980 -84 76
789051677692034304 -984 -85 84
789051677731698432 -987 -81 80
789051677771362432 -980 -84 85
789051677811026560 -985 -88 84
789051677850690560 -987 -94 91
789051677890354688 -981 -97 95
789051677930018688 -980 -92 96
789051677969682816 -981 -86 102
789051678009346944 -981 -66 98
789051678049010944 -976 -55 97
789051678088675072 -974 -62 90
789051678128339072 -982 -81 98
789051678168003200 -986 -97 99
789051678207667274 -980 -99 102
789051678247328000 -985 -91 101
789051678286988672 -985 -79 99
789051678326649344 -981 -73 93
789051678366310016 -983 -70 99
789051678405970688 -979 -73 97
789051678445631360 -981 -80 93
789051678485292160 -987 -82 89
789051678524952832 -983 -86 96
789051678564613504 -979 -86 95
789051678604274176 -985 -88 97
789051678643934848 -987 -88 83
789051678683595520 -980 -80 92
789051678723256192 -984 -78 93
789051678762916864 -986 -80 91
789051678802577536 -983 -80 90
789051678842238208 -980 -80 86
789051678881899008 -985 -82 89
789051678921559680 -986 -85 88
789051678961220352 -980 -85 91
789051679000881024 -985 -85 86
789051679040541696 -988 -85 86
789051679080202368 -980 -84 85
789051679119863040 -983 -84 89
789051679159523712 -978 -83 84
789051679199184384 -984 -85 88
789051679238845056 -989 -82 81
789051679278505728 -986 -87 87
789051679318166528 -985 -90 84
789051679357827200 -985 -89 89
789051679397487872 -985 -82 83
789051679437148544 -981 -75 84
789051679476809216 -985 -78 86
789051679516469888 -986 -82 81
789051679556130560 -993 -87 88
789051679595791232 -994 -84 90
789051679635451900 -985 -84 94
789051679675107456 -984 -84 93
789051679714763008 -985 -81 93
789051679754418688 -981 -80 101
789051679794074240 -983 -82 95
789051679833729792 -984 -78 97
789051679873385472 -980 -83 101
789051679913041024 -971 -77 104
789051679952696576 -976 -82 107
789051679992352256 -987 -84 101
789051680032007808 -977 -83 104
789051680071663488 -978 -85 107
789051680111319040 -979 -84 108
789051680150974592 -978 -82 102
789051680190630272 -974 -82 108
789051680230285824 -981 -86 109
789051680269941376 -983 -84 106
789051680309597056 -981 -85 107
789051680349252608 -982 -84 105
789051680388908160 -982 -83 105
789051680428563840 -985 -87 101
789051680468219392 -983 -86 103
789051680507874944 -980 -85 101
789051680547530624 -985 -84 101
789051680587186176 -985 -78 94
789051680626841728 -981 -79 101
789051680666497408 -976 -81 99
789051680706152960 -981 -87 97
789051680745808640 -989 -84 92
789051680785464192 -983 -83 104
789051680825119744 -983 -83 100
789051680864775424 -981 -84 99
789051680904430976 -986 -86 96
789051680944086528 -979 -84 103
789051680983742208 -983 -84 105
789051681023397760 -987 -80 103
789051681063053398 -985 -81 101
789051681102699776 -985 -84 105
789051681142346112 -982 -79 114
789051681181992320 -982 -82 110
789051681221638656 -974 -87 98
789051681261284864 -981 -86 107
789051681300931200 -991 -85 106
789051681340577408 -986 -81 110
789051681380223744 -980 -80 115
789051681419869952 -970 -74 118
789051681459516288 -976 -87 116
789051681499162496 -976 -94 114
789051681538808832 -973 -96 116
789051681578455040 -976 -90 114
789051681618101376 -982 -85 117
789051681657747584 -982 -82 117
789051681697393920 -982 -79 109
789051681737040128 -981 -77 110
789051681776686464 -980 -70 129
789051681816332672 -987 -62 137
789051681855979008 -990 -62 119
789051681895625216 -982 -69 117
789051681935271552 -977 -66 117
789051681974917760 -980 -65 125
789051682014564096 -983 -63 120
789051682054210304 -981 -52 119
789051682093856640 -973 -53 118
789051682133502848 -973 -44 124
789051682173149184 -975 -50 140
789051682212795392 -985 -50 139
789051682252441728 -974 -47 139
789051682292087936 -973 -51 137
789051682331734272 -972 -54 134
789051682371380480 -977 -63 126
789051682411026816 -970 -65 130
789051682450673024 -975 -60 140
789051682490319220 -980 -58 143
789051682529996928 -976 -61 142
789051682569674624 -977 -62 137
789051682609352192 -978 -64 135
789051682649029888 -977 -64 140
789051682688707456 -980 -64 140
789051682728385152 -981 -52 139
789051682768062720 -978 -45 128
789051682807740416 -976 -55 129
789051682847417984 -978 -67 124
789051682887095680 -975 -77 135
789051682926773376 -986 -72 132
789051682966450944 -983 -63 131
789051683006128640 -977 -59 124
789051683045806208 -976 -61 130
789051683085483904 -982 -66 122
789051683125161472 -977 -60 128
789051683164839168 -980 -53 126
789051683204516736 -979 -47 122
789051683244194432 -980 -56 120
789051683283872128 -979 -65 122
789051683323549696 -979 -67 121
789051683363227392 -978 -66 123
789051683402904960 -980 -67 124
789051683442582656 -982 -71 122
789051683482260224 -981 -72 117
789051683521937920 -980 -77 125
789051683561615488 -977 -72 120
789051683601293184 -982 -68 120
789051683640970880 -984 -59 119
789051683680648448 -982 -62 123
789051683720326144 -979 -62 119
789051683760003712 -980 -67 126
789051683799681408 -980 -69 122
789051683839358976 -980 -68 125
789051683879036672 -982 -69 128
789051683918714220 -979 -67 127
789051683958364800 -980 -66 128
789051683998015360 -979 -62 127
789051684037665792 -980 -56 133
789051684077316352 -977 -54 135
789051684116966784 -978 -51 137
789051684156617344 -983 -54 129
789051684196267904 -973 -46 141
789051684235918336 -974 -60 146
789051684275568896 -969 -67 138
789051684315219456 -976 -69 142
789051684354869888 -981 -63 148
789051684394520448 -966 -58 160
789051684434170880 -973 -58 140
789051684473821440 -969 -54 150
789051684513472000 -977 -60 140
789051684553122432 -975 -58 143
789051684592772992 -978 -60 147
789051684632423552 -979 -62 148
789051684672073984 -977 -64 139
789051684711724544 -979 -66 135
789051684751374976 -979 -63 139
789051684791025536 -977 -63 134
789051684830676096 -979 -62 134
789051684870326528 -981 -62 135
789051684909977088 -984 -57 130
789051684949627648 -976 -62 126
789051684989278080 -978 -57 127
789051685028928640 -973 -64 131
789051685068579072 -985 -63 126
789051685108229632 -981 -60 126
789051685147880192 -979 -63 127
789051685187530624 -978 -61 127
789051685227181184 -983 -61 127
789051685266831744 -977 -61 127
789051685306482176 -980 -62 127
789051685346132638 -980 -61 125
789051685385785600 -979 -64 123
789051685425438592 -978 -61 125
789051685465091712 -979 -61 120
789051685504744704 -979 -64 124
789051685544397824 -979 -63 123
789051685584050816 -978 -62 126
789051685623703936 -980 -65 123
789051685663356928 -983 -61 122
789051685703010048 -978 -66 122
789051685742663040 -978 -58 124
789051685782316160 -973 -61 127
789051685821969152 -982 -64 120
789051685861622272 -981 -60 122
789051685901275264 -979 -65 123
789051685940928384 -980 -63 119
789051685980581376 -983 -62 120
789051686020234496 -976 -61 122
789051686059887488 -979 -60 122
789051686099540608 -981 -61 120
789051686139193600 -981 -61 120
789051686178846720 -979 -62 117
789051686218499712 -980 -61 117
789051686258152832 -979 -62 120
789051686297805824 -981 -61 119
789051686337458944 -981 -62 120
789051686377111936 -980 -62 119
789051686416765056 -984 -61 122
789051686456418048 -984 -62 122
789051686496071168 -982 -58 121
789051686535724160 -980 -62 130
789051686575377280 -974 -56 123
789051686615030272 -975 -62 134
789051686654683392 -985 -59 127
789051686694336384 -980 -57 135
789051686733989504 -977 -60 139
789051686773642600 -974 -59 145
789051686813321984 -980 -58 135
789051686853001344 -973 -58 145
789051686892680704 -975 -58 148
789051686932359936 -977 -57 145
789051686972039296 -975 -57 150
789051687011718656 -971 -59 159
789051687051398016 -971 -57 154
789051687091077376 -974 -57 154
789051687130756608 -969 -58 151
789051687170435968 -973 -60 154
789051687210115328 -976 -60 149
789051687249794688 -974 -61 152
789051687289474048 -979 -62 149
789051687329153280 -980 -60 147
789051687368832640 -973 -63 142
789051687408512000 -974 -59 147
789051687448191360 -973 -62 143
789051687487870720 -979 -65 138
789051687527549952 -981 -59 134
789051687567229312 -978 -61 136
789051687606908672 -977 -64 129
789051687646588032 -979 -62 135
789051687686267392 -978 -63 129
789051687725946624 -976 -60 131
789051687765625984 -979 -61 127
789051687805305344 -980 -62 124
789051687844984704 -979 -64 123
789051687884664064 -981 -64 126
789051687924343296 -978 -63 124
789051687964022656 -976 -63 124
789051688003702016 -979 -62 122
789051688043381376 -980 -61 125
789051688083060736 -980 -64 121
789051688122739968 -978 -63 126
789051688162419328 -981 -61 120
789051688202098648 -982 -60 120
789051688241781376 -977 -61 119
789051688281464064 -979 -61 122
789051688321146880 -976 -61 122
789051688360829568 -980 -66 119
789051688400512256 -982 -61 117
789051688440194944 -980 -64 120
789051688479877760 -981 -62 115
789051688519560448 -980 -63 123
789051688559243136 -980 -63 116
789051688598925952 -980 -62 118
789051688638608640 -985 -63 120
789051688678291328 -983 -62 122
789051688717974016 -979 -63 121
789051688757656832 -980 -60 122
789051688797339520 -983 -62 129
789051688837022208 -980 -64 125
789051688876705024 -977 -61 128
789051688916387712 -977 -59 130
789051688956070400 -977 -58 131
789051688995753088 -976 -59 138
789051689035435904 -976 -58 137
789051689075118592 -978 -61 137
789051689114801280 -976 -56 142
789051689154483968 -974 -60 140
789051689194166784 -972 -53 141
789051689233849472 -971 -59 151
789051689273532160 -979 -57 137
789051689313214976 -973 -57 140
789051689352897664 -976 -60 146
789051689392580352 -974 -60 142
789051689432263040 -981 -61 138
789051689471945856 -974 -59 141
789051689511628544 -977 -58 136
789051689551311232 -978 -59 133
789051689590994048 -978 -62 132
789051689630676714 -978 -62 130
789051689670345856 -979 -62 130
789051689710014976 -979 -63 130
789051689749684224 -977 -61 126
789051689789353344 -979 -63 126
789051689829022464 -981 -64 127
789051689868691712 -979 -63 124
789051689908360832 -980 -60 124
789051689948029952 -982 -63 123
789051689987699200 -979 -59 121
789051690027368320 -980 -64 121
789051690067037440 -976 -57 121
789051690106706688 -975 -63 124
789051690146375808 -982 -61 118
789051690186044928 -983 -60 119
789051690225714176 -985 -63 123
789051690265383296 -984 -61 121
789051690305052416 -986 -62 131
789051690344721664 -979 -59 126
789051690384390784 -984 -61 130
789051690424059904 -980 -61 128
789051690463729152 -979 -61 132
789051690503398272 -977 -60 130
789051690543067392 -979 -60 134
789051690582736640 -978 -57 134
789051690622405760 -974 -56 140
789051690662074880 -974 -58 142
789051690701744128 -977 -57 147
789051690741413248 -969 -62 145
789051690781082368 -972 -60 146
789051690820751616 -973 -57 144
789051690860420736 -974 -59 143
789051690900089856 -978 -66 149
789051690939758976 -974 -63 141
789051690979428224 -972 -61 154
789051691019097344 -979 -54 146
789051691058766544 -974 -56 149
789051691098437504 -975 -56 143
789051691138108416 -977 -56 146
789051691177779200 -982 -59 133
789051691217450112 -975 -59 137
789051691257120896 -978 -56 133
789051691296791808 -978 -57 133
789051691336462592 -980 -57 133
789051691376133504 -981 -56 132
789051691415804416 -978 -58 129
789051691455475200 -979 -60 126
789051691495146112 -979 -60 125
789051691534816896 -981 -62 123
789051691574487808 -978 -58 128
789051691614158592 -980 -61 125
789051691653829504 -983 -60 126
789051691693500288 -977 -64 124
789051691733171200 -979 -58 125
789051691772842112 -974 -60 129
789051691812512896 -979 -63 125
789051691852183808 -983 -58 124
789051691891854592 -980 -58 127
789051691931525504 -979 -58 121
789051691971196288 -980 -59 130
789051692010867200 -979 -60 121
789051692050538112 -977 -57 123
789051692090208896 -981 -57 126
789051692129879808 -980 -58 122
789051692169550592 -979 -58 122
789051692209221504 -981 -56 123
789051692248892288 -979 -56 121
789051692288563200 -979 -59 122
789051692328234112 -983 -58 125
789051692367904896 -981 -57 126
789051692407575808 -982 -60 129
789051692447246592 -984 -57 128
789051692486917374 -976 -60 124
789051692526566144 -978 -56 125
789051692566214912 -974 -58 129
789051692605863808 -982 -59 128
789051692645512576 -986 -57 132
789051692685161472 -978 -55 137
789051692724810240 -978 -56 140
789051692764459008 -976 -55 144
789051692804107904 -978 -56 139
789051692843756672 -975 -57 146
789051692883405440 -975 -57 144
789051692923054336 -975 -57 150
789051692962703104 -975 -55 154
789051693002352000 -972 -54 151
789051693042000768 -974 -55 158
789051693081649536 -972 -55 157
789051693121298432 -969 -54 154
789051693160947200 -973 -54 154
789051693200595968 -978 -57 161
789051693240244864 -978 -56 155
789051693279893632 -970 -58 158
789051693319542528 -975 -54 154
789051693359191296 -974 -57 157
789051693398840064 -978 -56 145
789051693438488960 -978 -55 148
789051693478137728 -981 -54 155
789051693517786624 -978 -56 157
789051693557435392 -985 -55 147
789051693597084160 -983 -55 166
789051693636733056 -979 -56 162
789051693676381824 -975 -52 161
789051693716030592 -978 -54 167
789051693755679488 -970 -52 170
789051693795328256 -968 -51 172
789051693834977152 -970 -51 175
789051693874625920 -967 -49 176
789051693914274780 -963 -50 170
789051693953954176 -964 -55 170
789051693993633536 -970 -53 169
789051694033312896 -972 -57 171
789051694072992128 -973 -56 181
789051694112671488 -973 -59 180
789051694152350848 -976 -58 177
789051694192030208 -981 -52 176
789051694231709568 -977 -56 184
789051694271388800 -972 -58 176
789051694311068160 -967 -53 179
789051694350747520 -966 -52 178
789051694390426880 -970 -53 184
789051694430106240 -970 -53 186
789051694469785472 -973 -50 173
789051694509464832 -972 -50 183
789051694549144192 -978 -54 165
789051694588823552 -978 -48 172
789051694628502912 -965 -51 166
789051694668182144 -959 -57 163
789051694707861504 -995 -57 185
789051694747540864 -977 -48 191
789051694787220224 -976 -45 171
789051694826899584 -971 -48 199
789051694866578816 -925 -55 188
789051694906258176 -969 -59 218
789051694945937536 -1019 -51 169
789051694985616896 -967 -54 114
789051695025296256 -975 -49 118
789051695064975488 -979 -35 125
789051695104654848 -955 -39 140
789051695144334208 -957 -45 192
789051695184013568 -995 -55 232
789051695223692928 -963 -56 193
789051695263372160 -952 -56 179
789051695303051520 -969 -58 159
789051695342730806 -969 -61 170
789051695382427008 -963 -61 178
789051695422123264 -979 -57 172
789051695461819648 -980 -56 178
789051695501515904 -970 -56 182
789051695541212160 -975 -54 153
789051695580908416 -970 -51 169
789051695620604800 -969 -42 166
789051695660301056 -960 -56 150
789051695699997312 -980 -52 157
789051695739693568 -1037 -47 160
789051695779389952 -991 27 239
789051695819086208 -924 -79 101
789051695858782464 -957 -143 124
789051695898478720 -981 -130 124
789051695938175104 -956 -89 142
789051695977871360 -973 -82 186
789051696017567616 -973 -57 205
789051696057263872 -971 -46 178
789051696096960256 -964 -31 158
789051696136656512 -972 -27 152
789051696176352768 -975 -30 162
789051696216049024 -975 -47 164
789051696255745408 -977 -57 170
789051696295441664 -974 -67 173
789051696335137920 -978 -66 161
789051696374834176 -973 -64 163
789051696414530560 -982 -67 162
789051696454226816 -974 -66 159
789051696493923072 -972 -56 165
789051696533619328 -978 -45 168
789051696573315712 -977 -44 171
789051696613011968 -974 -49 167
789051696652708224 -973 -65 172
789051696692404480 -970 -71 164
789051696732100864 -973 -65 167
789051696771797176 -979 -61 172
789051696811456896 -981 -57 174
789051696851116672 -979 -55 172
789051696890776576 -986 -55 158
789051696930436352 -930 -62 189
789051696970096256 -931 -56 231
789051697009756032 -979 -57 207
789051697049415936 -981 -77 171
789051697089075712 -1070 -53 115
789051697128735616 -1015 -70 73
789051697168395392 -952 -58 91
789051697208055296 -941 -53 170
789051697247715072 -977 -76 172
789051697287374976 -953 -50 255
789051697327034752 -916 -65 268
789051697366694656 -908 -68 239
789051697406354432 -936 -74 231
789051697446014336 -941 -44 246
789051697485674112 -973 -51 213
789051697525334016 -962 -64 196
789051697564993792 -946 -61 194
789051697604653568 -960 -42 234
789051697644313472 -972 -38 238
789051697683973248 -967 -42 204
789051697723633152 -958 -61 195
789051697763292928 -990 -71 193
789051697802952832 -965 -91 179
789051697842612608 -946 -89 192
789051697882272512 -971 -73 203
789051697921932288 -981 -51 198
789051697961592192 -947 -20 245
789051698001251968 -940 2 228
789051698040911872 -906 -8 238
789051698080571648 -924 -33 237
789051698120231552 -994 -56 216
789051698159891328 -1032 -34 202
789051698199551290 -1022 -58 181
789051698239211904 -907 -59 221
789051698278872576 -889 -82 196
789051698318533248 -997 -120 192
789051698358193920 -1005 -106 222
789051698397854592 -971 -78 219
789051698437515264 -946 -50 217
789051698477176064 -965 -53 210
789051698516836736 -952 -60 242
789051698556497408 -926 -55 259
789051698596158080 -929 -42 248
789051698635818752 -937 -47 242
789051698675479424 -949 -54 232
789051698715140096 -947 -41 238
789051698754800768 -935 -40 254
789051698794461440 -941 -46 257
789051698834122112 -926 -52 264
789051698873782912 -948 -52 259
789051698913443584 -965 -49 247
789051698953104256 -943 -44 250
789051698992764928 -945 -45 243
789051699032425600 -957 -55 251
789051699072086272 -968 -51 244
789051699111746944 -948 -52 237
789051699151407616 -948 -49 239
789051699191068288 -951 -44 245
789051699230728960 -947 -73 242
789051699270389760 -945 -75 236
789051699310050432 -955 -66 236
789051699349711104 -962 -53 239
789051699389371776 -950 -40 243
789051699429032448 -958 -37 240
789051699468693120 -952 -53 234
789051699508353792 -961 -47 235
789051699548014464 -942 -41 235
789051699587675136 -950 -51 236
789051699627335930 -968 -64 239
789051699666993280 -949 -54 249
789051699706650624 -940 -45 244
789051699746307840 -951 -45 243
789051699785965184 -946 -53 242
789051699825622400 -946 -50 238
789051699865279744 -947 -41 240
789051699904937088 -961 -44 233
789051699944594304 -958 -44 234
789051699984251648 -951 -39 234
789051700023908864 -956 -40 232
789051700063566208 -963 -46 235
789051700103223552 -954 -51 233
789051700142880768 -968 -49 231
789051700182538112 -963 -51 236
789051700222195328 -963 -47 242
789051700261852672 -941 -53 238
789051700301510016 -950 -52 240
789051700341167232 -962 -47 240
789051700380824576 -951 -45 243
789051700420481792 -948 -43 245
789051700460139136 -949 -38 244
789051700499796480 -952 -37 245
789051700539453696 -938 -40 250
789051700579111040 -937 -42 247
789051700618768256 -947 -43 250
789051700658425600 -939 -43 250
789051700698082944 -942 -40 251
789051700737740160 -943 -44 251
789051700777397504 -944 -44 247
789051700817054720 -938 -41 245
789051700856712064 -946 -39 245
789051700896369408 -943 -40 254
789051700936026624 -944 -39 251
789051700975683968 -939 -45 256
789051701015341184 -949 -45 250
789051701054998484 -949 -43 255
789051701094661760 -953 -49 251
789051701134324992 -944 -49 252
789051701173988224 -953 -45 244
789051701213651456 -945 -42 251
789051701253314688 -942 -42 251
789051701292977920 -948 -43 253
789051701332641152 -944 -43 248
789051701372304384 -946 -41 247
789051701411967616 -950 -42 247
789051701451630848 -951 -45 246
789051701491294080 -949 -47 246
789051701530957312 -951 -43 241
789051701570620544 -945 -49 249
789051701610283776 -946 -42 244
789051701649946880 -938 -47 250
789051701689610112 -957 -45 240
789051701729273344 -956 -42 244
789051701768936576 -954 -45 242
789051701808599808 -951 -47 248
789051701848263040 -961 -48 245
789051701887926272 -937 -45 246
789051701927589504 -955 -46 246
789051701967252736 -959 -47 247
789051702006915968 -953 -45 242
789051702046579200 -952 -42 244
789051702086242432 -954 -39 251
789051702125905664 -946 -40 256
789051702165568896 -941 -40 260
789051702205232128 -955 -40 257
789051702244895360 -934 -46 259
789051702284558592 -933 -44 267
789051702324221824 -936 -42 283
789051702363885056 -947 -40 271
789051702403548288 -940 -35 284
789051702443211520 -929 -37 297
789051702482874666 -921 -40 300
789051702522551424 -924 -42 287
789051702562228224 -918 -43 295
789051702601905024 -917 -42 288
789051702641581824 -929 -38 275
789051702681258624 -931 -41 283
789051702720935424 -943 -41 294
789051702760612224 -939 -40 292
789051702800288896 -931 -41 287
789051702839965696 -927 -41 281
789051702879642496 -940 -41 280
789051702919319296 -938 -43 270
789051702958996096 -934 -42 281
789051702998672896 -930 -43 279
789051703038349696 -940 -44 270
789051703078026496 -950 -39 259
789051703117703296 -947 -40 267
789051703157380096 -944 -42 263
789051703197056896 -943 -42 265
789051703236733696 -945 -42 261
789051703276410496 -946 -44 264
789051703316087168 -943 -45 260
789051703355763968 -945 -43 254
789051703395440768 -946 -44 255
789051703435117568 -946 -47 257
789051703474794368 -945 -45 258
789051703514471168 -943 -43 259
789051703554147968 -946 -42 261
789051703593824768 -946 -40 251
789051703633501568 -941 -46 266
789051703673178368 -938 -43 256
789051703712855168 -933 -46 264
789051703752531968 -952 -45 255
789051703792208768 -947 -46 263
789051703831885568 -941 -45 257
789051703871562240 -937 -45 261
789051703911239118 -954 -46 248
789051703950891392 -941 -42 255
789051703990543616 -947 -44 252
789051704030195840 -948 -43 252
789051704069848064 -947 -43 248
789051704109500160 -943 -42 249
789051704149152384 -946 -44 250
789051704188804608 -945 -44 250
789051704228456832 -947 -44 248
789051704268109056 -946 -43 248
789051704307761280 -952 -43 246
789051704347413504 -945 -46 244
789051704387065728 -948 -41 252
789051704426717824 -937 -41 250
789051704466370048 -949 -48 245
789051704506022272 -954 -45 245
789051704545674496 -946 -43 248
789051704585326720 -948 -43 246
789051704624978944 -950 -45 254
789051704664631168 -944 -44 244
789051704704283264 -946 -43 246
789051704743935488 -952 -44 246
789051704783587712 -951 -43 245
789051704823239936 -949 -45 244
789051704862892160 -946 -42 244
789051704902544384 -947 -44 246
789051704942196608 -946 -45 246
789051704981848832 -948 -43 246
789051705021500928 -951 -43 247
789051705061153152 -955 -46 249
789051705100805376 -959 -50 253
789051705140457600 -946 -45 244
789051705180109824 -943 -42 250
789051705219762048 -940 -43 248
789051705259414272 -951 -45 253
789051705299066368 -960 -46 245
789051705338718566 -950 -42 255
789051705378383488 -949 -42 259
789051705418048384 -941 -42 263
789051705457713280 -944 -44 255
789051705497378304 -942 -42 266
789051705537043200 -942 -40 263
789051705576708096 -947 -39 267
789051705616372992 -946 -41 271
789051705656037888 -938 -41 279
789051705695702912 -933 -42 275
789051705735367808 -930 -44 279
789051705775032704 -930 -48 286
789051705814697600 -942 -47 277
789051705854362624 -938 -42 279
789051705894027520 -931 -36 285
789051705933692416 -943 -33 268
789051705973357312 -929 -40 274
789051706013022208 -928 -42 273
789051706052687232 -929 -45 271
789051706092352128 -936 -40 267
789051706132017024 -944 -36 278
789051706171681920 -939 -38 276
789051706211346816 -934 -42 278
789051706251011840 -942 -42 265
789051706290676736 -933 -41 281
789051706330341632 -944 -42 273
789051706370006528 -946 -44 267
789051706409671424 -946 -45 260
789051706449336448 -945 -42 265
789051706489001344 -948 -40 258
789051706528666240 -945 -42 264
789051706568331136 -945 -42 261
789051706607996160 -941 -42 259
789051706647661056 -946 -43 261
789051706687325952 -946 -42 255
789051706726990848 -945 -46 258
789051706766655792 -940 -40 255
789051706806323200 -936 -47 261
789051706845990656 -950 -45 256
789051706885658112 -954 -44 255
789051706925325568 -938 -41 255
789051706964993024 -953 -60 238
789051707004660480 -989 -71 231
789051707044327936 -950 -22 241
789051707083995520 -921 -69 224
789051707123662976 -964 -88 222
789051707163330432 -945 -104 228
789051707202997888 -984 -91 225
789051707242665344 -952 -68 215
789051707282332800 -946 -55 211
789051707322000256 -956 -67 230
789051707361667712 -963 -75 245
789051707401335168 -959 -73 240
789051707441002624 -949 -63 227
789051707480670080 -947 -67 232
789051707520337536 -960 -57 248
789051707560004992 -962 -63 259
789051707599672576 -957 -68 242
789051707639340032 -956 -67 236
789051707679007488 -942 -68 239
789051707718674944 -937 -66 245
789051707758342400 -952 -58 252
789051707798009856 -947 -58 257
789051707837677312 -938 -60 260
789051707877344768 -937 -59 257
789051707917012224 -938 -59 272
789051707956679680 -929 -56 403
789051707996347136 -902 -47 123
789051708036014592 -1000 -74 184
789051708075682048 -990 -66 244
789051708115349632 -910 -47 189
789051708155017088 -954 -41 224
789051708194684560 -977 -70 275
789051708234355456 -951 -70 240
789051708274026368 -939 -69 237
789051708313697152 -941 -74 264
789051708353368064 -948 -63 245
789051708393038848 -949 -65 254
789051708432709760 -921 -64 242
789051708472380544 -957 -73 250
789051708512051456 -963 -68 266
789051708551722368 -933 -54 253
789051708591393152 -939 -57 237
789051708631064064 -939 -64 235
789051708670734848 -972 -71 247
789051708710405760 -951 -58 254
789051708750076544 -965 -52 243
789051708789747456 -947 -54 235
789051708829418368 -933 -61 238
789051708869089152 -951 -59 253
789051708908760064 -957 -54 260
789051708948430848 -957 -52 255
789051708988101760 -946 -45 253
789051709027772544 -949 -42 246
789051709067443456 -961 -49 245
789051709107114368 -947 -38 242
789051709146785152 -894 -13 314
789051709186456064 -930 -52 280
789051709226126848 -959 -88 241
789051709265797760 -981 -78 231
789051709305468544 -971 -63 232
789051709345139456 -974 -63 232
789051709384810368 -964 -56 243
789051709424481152 -947 -47 269
789051709464152064 -938 -41 248
789051709503822848 -933 -42 249
789051709543493760 -942 -49 248
789051709583164544 -981 -57 256
789051709622835410 -951 -40 258
789051709662507136 -903 -55 309
789051709702178816 -916 -82 235
789051709741850496 -928 -83 243
789051709781522304 -954 -94 254
789051709821193984 -974 -98 221
789051709860865664 -941 -75 244
789051709900537344 -943 -54 242
789051709940209024 -956 -59 240
789051709979880832 -931 -47 289
789051710019552512 -958 -49 260
789051710059224192 -942 -44 254
789051710098895872 -939 -44 249
789051710138567552 -956 -53 252
789051710178239360 -949 -65 254
789051710217911040 -931 -60 265
789051710257582720 -945 -61 265
789051710297254400 -940 -55 273
789051710336926080 -933 -64 275
789051710376597760 -944 -59 273
789051710416269568 -934 -60 277
789051710455941248 -959 -64 245
789051710495612928 -941 -46 272
789051710535284608 -933 -55 279
789051710574956288 -922 -53 273
789051710614628096 -930 -49 274
789051710654299776 -928 -54 272
789051710693971456 -942 -60 270
789051710733643136 -950 -65 258
789051710773314816 -948 -63 240
789051710812986624 -953 -54 243
789051710852658304 -964 -68 251
789051710892329984 -934 -65 261
789051710932001664 -949 -35 265
789051710971673344 -957 -29 244
789051711011345152 -953 -32 250
789051711051016784 -931 -37 249
789051711090690176 -938 -35 259
789051711130363520 -961 -41 253
789051711170036992 -950 -52 256
789051711209710336 -936 -58 251
789051711249383808 -943 -56 259
789051711289057152 -959 -54 248
789051711328730624 -951 -44 249
789051711368403968 -955 -42 247
789051711408077440 -957 -38 244
789051711447750784 -957 -38 245
789051711487424128 -948 -38 238
789051711527097600 -948 -41 252
789051711566770944 -961 -49 249
789051711606444416 -961 -50 247
789051711646117760 -947 -52 243
789051711685791232 -956 -51 254
789051711725464576 -949 -46 240
789051711765138048 -960 -37 250
789051711804811392 -947 -28 279
789051711844484736 -922 -36 274
789051711884158208 -938 -42 251
789051711923831552 -954 -40 258
789051711963505024 -938 -35 250
789051712003178368 -948 -35 261
789051712042851840 -952 -34 262
789051712082525184 -942 -37 264
789051712122198528 -935 -35 261
789051712161872000 -934 -34 260
789051712201545344 -932 -37 269
789051712241218816 -930 -36 269
789051712280892160 -933 -37 275
789051712320565632 -964 -40 313
789051712360238976 -981 -33 329
789051712399912448 -911 -41 288
789051712439585792 -894 -53 298
789051712479259204 -920 -46 315
789051712518941952 -917 -40 330
789051712558624640 -912 -40 333
789051712598307456 -916 -37 332
789051712637990144 -933 -37 327
789051712677672832 -924 -41 331
789051712717355520 -921 -40 319
789051712757038336 -920 -40 323
789051712796721024 -929 -39 318
789051712836403712 -928 -41 313
789051712876086528 -927 -41 304
789051712915769216 -930 -42 306
789051712955451904 -928 -47 305
789051712995134592 -933 -43 302
789051713034817408 -936 -41 288
789051713074500096 -931 -43 297
789051713114182784 -928 -41 292
789051713153865472 -924 -51 297
789051713193548288 -941 -51 291
789051713233230976 -944 -38 295
789051713272913664 -934 -33 292
789051713312596480 -934 -37 289
789051713352279168 -944 -39 275
789051713391961856 -934 -41 279
789051713431644544 -936 -45 285
789051713471327360 -938 -44 283
789051713511010048 -940 -45 282
789051713550692736 -935 -43 280
789051713590375552 -932 -45 277
789051713630058240 -935 -43 278
789051713669740928 -941 -37 279
789051713709423616 -946 -37 285
789051713749106432 -951 -41 274
789051713788789120 -941 -39 261
789051713828471808 -936 -41 274
789051713868154624 -940 -36 271
789051713907837268 -925 -41 286
789051713947514112 -948 -38 281
789051713987190912 -959 -43 247
789051714026867712 -945 -47 250
789051714066544512 -946 -52 255
789051714106221312 -962 -46 241
789051714145898112 -952 -38 245
789051714185574912 -949 -34 243
789051714225251712 -947 -32 251
789051714264928384 -959 -36 249
789051714304605184 -967 -34 222
789051714344281984 -956 -34 219
789051714383958784 -961 -30 223
789051714423635584 -966 -30 229
789051714463312384 -966 -35 231
789051714502989184 -950 -34 240
789051714542665984 -950 -40 240
789051714582342784 -955 -41 237
789051714622019584 -952 -42 242
789051714661696384 -937 -37 242
789051714701373184 -947 -39 242
789051714741049984 -960 -37 229
789051714780726784 -953 -36 234
789051714820403456 -962 -38 246
789051714860080256 -956 -35 239
789051714899757056 -954 -32 238
789051714939433856 -952 -30 237
789051714979110656 -958 -28 243
789051715018787456 -956 -30 238
789051715058464256 -956 -29 237
789051715098141056 -942 -35 247
789051715137817856 -924 -32 245
789051715177494656 -941 -27 239
789051715217171456 -938 -23 238
789051715256848256 -946 -24 241
789051715296525056 -960 -25 239
789051715336201742 -957 -28 237
789051715375860736 -944 -31 241
789051715415519744 -952 -31 235
789051715455178752 -963 -36 236
789051715494837760 -969 -42 234
789051715534496640 -931 -32 242
789051715574155648 -948 -31 287
789051715613814656 -969 -37 250
789051715653473664 -940 -39 239
789051715693132672 -943 -40 246
789051715732791680 -958 -40 241
789051715772450688 -950 -45 240
789051715812109568 -950 -50 253
789051715851768576 -949 -49 246
789051715891427584 -942 -52 258
789051715931086592 -954 -51 252
789051715970745600 -948 -45 254
789051716010404608 -942 -45 253
789051716050063488 -948 -45 253
789051716089722496 -949 -51 260
789051716129381504 -937 -46 255
789051716169040512 -928 -53 271
789051716208699520 -943 -51 270
789051716248358528 -944 -53 277
789051716288017536 -944 -51 281
789051716327676416 -935 -53 274
789051716367335424 -945 -51 268
789051716406994432 -933 -52 274
789051716446653440 -941 -51 272
789051716486312448 -940 -50 274
789051716525971456 -938 -48 274
789051716565630464 -936 -48 274
789051716605289344 -937 -50 280
789051716644948352 -939 -48 274
789051716684607360 -937 -49 277
789051716724266368 -938 -50 279
789051716763925342 -944 -47 279
789051716803589504 -935 -53 273
789051716843253632 -947 -50 289
789051716882917632 -940 -57 430
789051716922581760 -936 -53 166
789051716962245760 -943 -61 210
789051717001909888 -968 -44 263
789051717041574016 -920 -33 224
789051717081238016 -949 -47 234
789051717120902144 -954 -72 257
789051717160566144 -939 -72 287
789051717200230272 -950 -69 253
789051717239894400 -942 -59 243
789051717279558400 -947 -63 244
789051717319222528 -951 -62 245
789051717358886528 -953 -64 255
789051717398550656 -944 -65 279
789051717438214656 -941 -46 233
789051717477878784 -951 -47 230
789051717517542912 -955 -52 257
789051717557206912 -942 -57 247
789051717596871040 -964 -60 218
789051717636535040 -956 -60 224
789051717676199168 -964 -53 228
789051717715863296 -978 -72 242
789051717755527296 -958 -61 232
789051717795191424 -948 -56 229
789051717834855424 -963 -51 238
789051717874519552 -948 -68 258
789051717914183680 -934 -57 239
789051717953847680 -963 -53 237
789051717993511808 -944 -52 229
789051718033175808 -947 -53 235
789051718072839936 -953 -53 242
789051718112504064 -958 -56 253
789051718152168064 -949 -45 244
789051718191832068 -945 -48 236
789051718231507968 -953 -54 234
789051718271183872 -952 -56 239
789051718310859904 -954 -52 238
789051718350535808 -957 -46 239
789051718390211712 -964 -47 244
789051718429887744 -950 -49 243
789051718469563648 -946 -50 239
789051718509239552 -946 -46 245
789051718548915456 -948 -46 245
789051718588591488 -949 -48 250
789051718628267392 -950 -47 250
789051718667943296 -949 -51 245
789051718707619328 -943 -50 242
789051718747295232 -947 -48 243
789051718786971136 -955 -48 245
789051718826647168 -951 -46 248
789051718866323072 -950 -48 246
789051718905998976 -953 -44 243
789051718945674880 -941 -50 246
789051718985350912 -947 -43 243
789051719025026816 -941 -46 246
789051719064702720 -955 -48 243
789051719104378752 -956 -50 245
789051719144054656 -950 -47 247
789051719183730560 -945 -46 247
789051719223406592 -952 -47 244
789051719263082496 -945 -45 243
789051719302758400 -950 -46 245
789051719342434432 -950 -45 248
789051719382110336 -951 -49 242
789051719421786240 -948 -46 245
789051719461462144 -954 -45 246
789051719501138176 -951 -48 244
789051719540814080 -951 -48 249
789051719580489984 -958 -47 254
789051719620166018 -952 -45 247
789051719659831808 -934 -46 246
789051719699497600 -930 -41 239
789051719739163392 -939 -50 253
789051719778829056 -956 -48 236
789051719818494848 -951 -43 242
789051719858160640 -930 -62 258
789051719897826432 -1000 -73 417
789051719937492224 -949 -37 -4
789051719977158016 -1055 -88 174
789051720016823680 -909 -49 113
789051720056489472 -879 -79 157
789051720096155264 -937 -95 153
789051720135821056 -991 -104 172
789051720175486848 -990 -91 164
789051720215152640 -988 -67 154
789051720254818304 -945 -39 146
789051720294484096 -987 -71 130
789051720334149888 -992 -85 125
789051720373815680 -971 -107 139
789051720413481472 -1008 -120 92
789051720453147264 -973 -99 103
789051720492812928 -951 -92 132
789051720532478720 -980 -77 143
789051720572144512 -983 -93 96
789051720611810304 -1009 -95 118
789051720651476096 -960 -99 105
789051720691141888 -970 -86 106
789051720730807552 -982 -72 66
789051720770473344 -1031 -48 98
789051720810139136 -988 -77 71
789051720849804928 -960 -94 82
789051720889470720 -981 -100 90
789051720929136512 -1002 -89 58
789051720968802176 -982 -81 88
789051721008467968 -980 -81 108
789051721048133744 -974 -82 108
789051721087802112 -981 -92 106
789051721127470464 -974 -89 83
789051721167138688 -998 -80 86
789051721206807040 -978 -77 101
789051721246475392 -968 -59 99
789051721286143616 -996 -77 100
789051721325811968 -1000 -91 64
789051721365480320 -983 -92 81
789051721405148672 -966 -86 72
789051721444816896 -987 -87 70
789051721484485248 -997 -88 85
789051721524153600 -983 -77 85
789051721563821824 -979 -74 67
789051721603490176 -1000 -68 70
789051721643158528 -1000 -80 48
789051721682826752 -977 -80 58
789051721722495104 -977 -86 81
789051721762163456 -985 -85 69
789051721801831808 -1013 -88 59
789051721841500032 -978 -87 52
789051721881168384 -970 -82 76
789051721920836736 -997 -78 48
789051721960504960 -1001 -83 44
789051722000173312 -979 -82 67
789051722039841664 -980 -77 57
789051722079509888 -997 -75 66
789051722119178240 -986 -87 54
789051722158846592 -983 -76 61
789051722198514944 -1005 -80 51
789051722238183168 -979 -85 36
789051722277851520 -983 -77 80
789051722317519872 -980 -82 52
789051722357188096 -1002 -87 69
789051722396856448 -978 -85 58
789051722436524800 -983 -76 80
789051722476193030 -979 -80 65
789051722515851136 -993 -82 63
789051722555509248 -998 -94 51
789051722595167360 -973 -82 69
789051722634825600 -982 -69 77
789051722674483712 -988 -86 58
789051722714141824 -1006 -80 47
789051722753799936 -976 -90 61
789051722793458176 -988 -85 65
789051722833116288 -990 -89 55
789051722872774400 -994 -83 65
789051722912432512 -983 -82 74
789051722952090752 -976 -78 83
789051722991748864 -989 -82 71
789051723031406976 -984 -82 59
789051723071065088 -992 -79 69
789051723110723200 -981 -88 53
789051723150381440 -993 -85 79
789051723190039552 -979 -85 61
789051723229697664 -993 -86 85
789051723269355776 -989 -82 74
789051723309014016 -986 -79 83
789051723348672128 -981 -84 83
789051723388330240 -978 -88 75
789051723427988352 -987 -88 87
789051723467646592 -988 -88 73
789051723507304704 -988 -82 88
789051723546962816 -973 -76 93
789051723586620928 -980 -74 80
789051723626279040 -995 -90 88
789051723665937280 -986 -86 69
789051723705595392 -982 -86 96
789051723745253504 -971 -87 57
789051723784911616 -1000 -77 99
789051723824569856 -995 -86 76
789051723864227968 -975 -79 94
789051723903886130 -962 -77 68
789051723943556992 -1003 -76 86
789051723983227904 -1001 -73 86
789051724022898688 -984 -76 83
789051724062569600 -966 -87 76
789051724102240384 -989 -88 78
789051724141911296 -996 -85 83
789051724181582080 -999 -86 82
789051724221252992 -972 -76 87
789051724260923904 -969 -86 80
789051724300594688 -997 -79 74
789051724340265600 -1004 -79 92
789051724379936384 -971 -82 90
789051724419607296 -975 -83 98
789051724459278080 -983 -86 90
789051724498948992 -995 -85 89
789051724538619776 -981 -78 89
789051724578290688 -989 -76 90
789051724617961600 -985 -76 92
789051724657632384 -988 -85 89
789051724697303296 -976 -88 88
789051724736974080 -981 -86 109
789051724776644992 -984 -84 100
789051724816315776 -981 -83 103
789051724855986688 -976 -87 96
789051724895657472 -991 -85 98
789051724935328384 -981 -79 97
789051724974999296 -984 -75 106
789051725014670080 -976 -77 105
789051725054340992 -979 -79 103
789051725094011776 -985 -79 107
789051725133682688 -981 -83 102
789051725173353472 -985 -78 104
789051725213024384 -985 -80 113
789051725252695296 -994 -74 156
789051725292366080 -1013 -75 163
789051725332036946 -983 -76 144
789051725371694336 -958 -43 51
789051725411351680 -941 -54 87
789051725451008896 -1000 -87 121
789051725490666240 -957 -128 146
789051725530323456 -1008 -144 209
789051725569980800 -1037 -103 195
789051725609638144 -944 -35 156
789051725649295360 -1000 -26 159
789051725688952704 -991 -42 201
789051725728609920 -936 -50 246
789051725768267264 -918 -68 249
789051725807924608 -880 -32 239
789051725847581824 -911 -67 260
789051725887239168 -971 -86 281
789051725926896512 -918 -91 292
789051725966553728 -910 -88 298
789051726006211072 -921 -54 321
789051726045868288 -925 -30 318
789051726085525632 -907 -40 297
789051726125182976 -915 -43 276
789051726164840192 -933 -46 275
789051726204497536 -955 -41 294
789051726244154752 -960 -37 278
789051726283812096 -957 -48 249
789051726323469440 -975 -81 239
789051726363126656 -952 -92 262
789051726402784000 -914 -70 308
789051726442441216 -935 -81 252
789051726482098560 -956 -77 241
789051726521755904 -942 -82 255
789051726561413120 -931 -60 273
789051726601070464 -923 -47 266
789051726640727680 -925 -51 289
789051726680385024 -941 -57 296
789051726720042368 -941 -64 291
789051726759699524 -940 -66 265
789051726799373824 -946 -39 292
789051726839048064 -953 -74 287
789051726878722304 -899 -89 252
789051726918396544 -916 -69 283
789051726958070784 -959 15 376
789051726997745024 -992 0 262
789051727037419264 -930 -65 234
789051727077093504 -912 -119 262
789051727116767744 -923 -94 269
789051727156442112 -934 -50 279
789051727196116352 -939 -32 265
789051727235790592 -937 -45 249
789051727275464832 -968 -70 245
789051727315139072 -973 -67 265
789051727354813312 -952 -40 278
789051727394487552 -932 -53 278
789051727434161792 -905 -26 265
789051727473836032 -933 -1 274
789051727513510272 -970 -4 294
789051727553184512 -965 -67 270
789051727592858752 -930 -100 254
789051727632532992 -942 -90 289
789051727672207232 -938 -72 273
789051727711881472 -938 -72 265
789051727751555712 -934 -71 272
789051727791229952 -941 -52 262
789051727830904192 -926 -60 273
789051727870578560 -934 -72 282
789051727910252800 -929 -67 265
789051727949927040 -939 -53 290
789051727989601280 -934 -41 259
789051728029275520 -947 -41 262
789051728068949760 -948 -49 278
789051728108624000 -950 -55 266
789051728148298240 -945 -67 269
789051728187972426 -942 -78 267
789051728227644160 -928 -73 255
789051728267315840 -947 -53 272
789051728306987520 -951 -54 280
789051728346659328 -935 -58 271
789051728386331008 -931 -51 259
789051728426002688 -944 -43 267
789051728465674368 -943 -50 277
789051728505346048 -956 -53 265
789051728545017856 -932 -62 263
789051728584689536 -933 -50 255
789051728624361216 -943 -63 264
789051728664032896 -957 -59 272
789051728703704576 -934 -46 265
789051728743376384 -951 -44 305
789051728783048064 -987 -71 241
789051728822719744 -920 -56 228
789051728862391424 -948 -48 329
789051728902063104 -892 -48 250
789051728941734784 -913 -51 240
789051728981406592 -965 -63 260
789051729021078272 -956 -86 236
789051729060749952 -949 -79 244
789051729100421632 -938 -69 276
789051729140093312 -953 -43 197
789051729179765120 -1002 -61 245
789051729219436800 -953 -70 180
789051729259108480 -926 -60 221
789051729298780160 -956 -66 256
789051729338451840 -944 -68 177
789051729378123648 -1001 -66 216
789051729417795328 -938 -58 198
789051729457467008 -940 -73 249
789051729497138688 -968 -73 243
789051729536810368 -990 -69 152
789051729576482176 -984 -60 210
789051729616153796 -920 -56 212
789051729655807744 -937 -80 235
789051729695461632 -1006 -85 210
789051729735115520 -983 -76 176
789051729774769408 -954 -70 191
789051729814423296 -948 -67 214
789051729854077312 -959 -85 241
789051729893731200 -973 -89 184
789051729933385088 -971 -76 208
789051729973038976 -954 -67 202
789051730012692864 -956 -70 213
789051730052346752 -972 -82 224
789051730092000640 -952 -80 228
789051730131654528 -962 -78 212
789051730171308416 -953 -72 213
789051730210962432 -949 -77 222
789051730250616320 -967 -79 232
789051730290270208 -953 -74 216
789051730329924096 -953 -68 187
789051730369577984 -978 -76 204
789051730409231872 -957 -77 217
789051730448885760 -959 -75 230
789051730488539648 -970 -77 214
789051730528193664 -951 -73 187
789051730567847552 -976 -68 201
789051730607501440 -932 -67 193
789051730647155328 -955 -81 223
789051730686809216 -974 -93 203
789051730726463104 -990 -85 170
789051730766116992 -990 -78 183
789051730805770880 -931 -62 216
789051730845424768 -934 -80 209
789051730885078784 -981 -93 211
789051730924732672 -980 -86 173
789051730964386560 -965 -72 198
789051731004040448 -930 -68 218
789051731043694288 -960 -83 208
789051731083354112 -975 -92 211
789051731123013888 -970 -81 206
789051731162673792 -964 -74 208
789051731202333568 -953 -79 213
789051731241993472 -967 -80 214
789051731281653248 -973 -87 166
789051731321313152 -963 -82 203
789051731360972928 -924 -72 211
789051731400632832 -946 -73 213
789051731440292608 -996 -98 178
789051731479952512 -991 -116 161
789051731519612288 -1026 -36 311
789051731559272192 -907 -50 144
789051731598931968 -942 -100 166
789051731638591872 -980 -93 196
789051731678251648 -866 -79 175
789051731717911552 -951 -90 233
789051731757571328 -1056 -87 286
789051731797231104 -963 -86 118
789051731836891008 -950 -88 171
789051731876550784 -931 -91 210
789051731916210688 -925 -89 163
789051731955870464 -969 -80 207
789051731995530368 -1010 -65 225
789051732035190144 -1006 -52 270
789051732074850048 -930 -67 106
789051732114509824 -951 -81 181
789051732154169728 -969 -87 174
789051732193829504 -944 -85 157
789051732233489408 -969 -73 175
789051732273149184 -971 -62 223
789051732312809088 -1013 -44 248
789051732352468864 -991 -68 215
789051732392128768 -911 -81 103
789051732431788544 -977 -84 185
789051732471448398 -961 -81 137
789051732511114240 -945 -61 174
789051732550780032 -973 -55 224
789051732590445824 -984 -48 247
789051732630111488 -1002 -55 275
789051732669777280 -929 -88 118
789051732709443072 -958 -87 150
789051732749108864 -976 -73 149
789051732788774656 -951 -63 160
789051732828440448 -971 -66 219
789051732868106112 -1009 -64 292
789051732907771904 -963 -72 175
789051732947437696 -905 -69 162
789051732987103488 -954 -74 195
789051733026769280 -976 -76 190
789051733066435072 -980 -72 156
789051733106100736 -1006 -67 187
789051733145766528 -1006 -67 225
789051733185432320 -922 -60 234
789051733225098112 -935 -63 225
789051733264763904 -974 -62 224
789051733304429696 -941 -64 220
789051733344095360 -956 -63 229
789051733383761152 -969 -67 226
789051733423426944 -966 -66 224
789051733463092736 -966 -68 228
789051733502758528 -932 -60 230
789051733542424320 -920 -50 236
789051733582089984 -936 -65 245
789051733621755776 -973 -70 238
789051733661421568 -952 -65 234
789051733701087360 -946 -60 237
789051733740753152 -949 -64 249
789051733780418944 -953 -65 235
789051733820084608 -945 -59 241
789051733859750400 -952 -55 240
789051733899416134 -953 -50 239
789051733939089536 -959 -51 247
789051733978762880 -941 -47 239
789051734018436352 -935 -49 254
789051734058109696 -945 -57 261
789051734097783168 -949 -60 241
789051734137456512 -943 -61 248
789051734177129984 -941 -61 243
789051734216803328 -955 -61 254
789051734256476800 -974 -53 262
789051734296150144 -946 -53 274
789051734335823488 -928 -55 271
789051734375496960 -950 -49 271
789051734415170304 -960 -45 264
789051734454843776 -960 -42 286
789051734494517120 -934 -37 314
789051734534190592 -913 -45 301
789051734573863936 -924 -66 292
789051734613537408 -909 -68 288
789051734653210752 -922 -64 294
789051734692884096 -960 -73 276
789051734732557568 -928 -71 271
789051734772230912 -920 -73 266
789051734811904384 -936 -73 281
789051734851577728 -942 -68 272
789051734891251200 -931 -69 279
789051734930924544 -928 -61 270
789051734970597888 -938 -58 276
789051735010271360 -947 -63 259
789051735049944704 -938 -60 279
789051735089618176 -946 -55 268
789051735129291520 -938 -54 273
789051735168964992 -940 -53 264
789051735208638336 -936 -50 258
789051735248311808 -932 -53 275
789051735287985152 -954 -56 261
789051735327658552 -954 -60 262
789051735367315840 -930 -59 259
789051735406973184 -932 -63 271
789051735446630400 -966 -61 256
789051735486287744 -934 -58 269
789051735525944960 -937 -60 268
789051735565602304 -942 -58 277
789051735605259648 -941 -59 260
789051735644916864 -936 -53 270
789051735684574208 -941 -48 276
789051735724231424 -938 -47 275
789051735763888768 -953 -57 259
789051735803546112 -922 -49 286
789051735843203328 -923 -52 285
789051735882860672 -955 -51 261
789051735922517888 -938 -68 269
789051735962175232 -927 -56 275
789051736001832576 -931 -54 279
789051736041489792 -958 -60 279
789051736081147136 -955 -57 280
789051736120804352 -960 -58 285
789051736160461696 -933 -24 287
789051736200119040 -919 -60 240
789051736239776256 -934 -110 241
789051736279433600 -925 -105 256
789051736319090816 -951 -73 253
789051736358748160 -953 -44 254
789051736398405504 -934 -49 246
789051736438062720 -946 -59 255
789051736477720064 -956 -64 273
789051736517377280 -951 -60 266
789051736557034624 -939 -45 263
789051736596691968 -915 -42 261
789051736636349184 -938 -36 265
789051736676006528 -963 -39 270
789051736715663744 -947 -48 265
789051736755321100 -929 -58 263
789051736794988544 -951 -59 253
789051736834656000 -945 -56 278
789051736874323456 -960 -60 281
789051736913990912 -930 -55 263
789051736953658368 -932 -46 257
789051736993325824 -945 -42 276
789051737032993280 -940 -42 287
789051737072660864 -940 -44 278
789051737112328320 -933 -45 281
789051737151995776 -935 -49 267
789051737191663232 -937 -53 283
789051737231330688 -924 -53 282
789051737270998144 -935 -52 291
789051737310665600 -951 -45 286
789051737350333056 -929 -44 289
789051737390000512 -921 -54 291
789051737429667968 -934 -57 287
789051737469335424 -927 -64 289
789051737509002880 -932 -60 289
789051737548670336 -934 -57 282
789051737588337792 -944 -53 284
789051737628005376 -936 -51 276
789051737667672832 -941 -47 278
789051737707340288 -939 -49 274
789051737747007744 -935 -45 281
789051737786675200 -937 -47 285
789051737826342656 -945 -47 271
789051737866010112 -936 -48 285
789051737905677568 -923 -47 280
789051737945345024 -934 -57 275
789051737985012480 -948 -51 280
789051738024679936 -935 -51 283
789051738064347392 -931 -52 279
789051738104014848 -940 -48 277
789051738143682304 -931 -51 279
789051738183349850 -938 -51 282
789051738223039360 -936 -53 278
789051738262728832 -940 -52 279
789051738302418432 -936 -53 275
789051738342107904 -935 -50 277
789051738381797376 -938 -52 278
789051738421486848 -936 -53 279
789051738461176448 -934 -50 282
789051738500865920 -940 -53 282
789051738540555392 -938 -50 273
789051738580244864 -938 -49 282
789051738619934464 -922 -50 277
789051738659623936 -941 -54 278
789051738699313408 -945 -46 281
789051738739003008 -935 -51 283
789051738778692480 -934 -52 279
789051738818381952 -936 -50 280
789051738858071424 -930 -50 282
789051738897761024 -939 -48 279
789051738937450496 -937 -48 281
789051738977139968 -936 -48 277
789051739016829440 -937 -49 277
789051739056519040 -936 -49 278
789051739096208512 -934 -50 281
789051739135897984 -937 -50 277
789051739175587584 -935 -50 281
789051739215277056 -939 -51 283
789051739254966528 -938 -52 270
789051739294656000 -936 -45 281
789051739334345600 -925 -49 280
789051739374035072 -940 -54 274
789051739413724544 -948 -48 280
789051739453414016 -937 -48 280
789051739493103616 -933 -50 282
789051739532793088 -937 -50 280
789051739572482560 -933 -50 282
789051739612172100 -939 -50 280
789051739651828608 -936 -50 282
789051739691485056 -939 -48 277
789051739731141504 -938 -47 277
789051739770797952 -936 -48 276
789051739810454400 -938 -48 279
789051739850110848 -934 -49 275
789051739889767296 -937 -48 281
789051739929423744 -944 -50 281
789051739969080192 -938 -52 276
789051740008736640 -930 -45 277
789051740048393088 -928 -51 279
789051740088049536 -944 -51 271
789051740127705984 -950 -47 287
789051740167362432 -944 -46 282
789051740207018880 -935 -48 286
789051740246675328 -939 -49 283
789051740286331776 -934 -47 289
789051740325988224 -935 -47 285
789051740365644672 -934 -45 282
789051740405301120 -933 -46 283
789051740444957568 -933 -48 282
789051740484614016 -931 -51 284
789051740524270464 -928 -48 286
789051740563926912 -925 -50 288
789051740603583360 -928 -50 287
789051740643239808 -933 -48 286
789051740682896256 -930 -48 290
789051740722552704 -925 -48 288
789051740762209152 -930 -49 291
789051740801865472 -943 -44 286
789051740841521920 -933 -46 290
789051740881178368 -933 -49 286
789051740920834816 -939 -51 287
789051740960491264 -933 -49 284
789051741000147712 -936 -47 285
789051741039804146 -938 -48 285
789051741079469952 -934 -49 278
789051741119135744 -936 -47 280
789051741158801536 -938 -49 282
789051741198467200 -936 -47 278
789051741238132992 -934 -48 279
789051741277798784 -937 -50 281
789051741317464576 -945 -47 275
789051741357130368 -936 -50 282
789051741396796160 -928 -44 280
789051741436461824 -929 -48 279
789051741476127616 -947 -49 277
789051741515793408 -934 -54 284
789051741555459200 -935 -54 273
789051741595124992 -940 -46 283
789051741634790784 -935 -49 278
789051741674456448 -934 -47 279
789051741714122240 -938 -45 279
789051741753788032 -938 -46 278
789051741793453824 -935 -49 278
789051741833119616 -933 -51 276
789051741872785408 -939 -46 275
789051741912451072 -938 -48 278
789051741952116864 -936 -52 279
789051741991782656 -944 -48 271
789051742031448448 -935 -53 281
789051742071114240 -927 -47 277
789051742110780032 -931 -52 273
789051742150445696 -948 -49 271
789051742190111488 -940 -51 280
789051742229777280 -936 -52 271
789051742269443072 -938 -51 281
789051742309108864 -936 -50 276
789051742348774656 -934 -50 278
789051742388440320 -942 -50 273
789051742428106112 -940 -49 279
789051742467771886 -944 -51 276
789051742507464832 -937 -50 280
789051742547157760 -939 -48 281
789051742586850688 -937 -50 279
789051742626543488 -944 -53 286
789051742666236416 -947 -49 275
789051742705929344 -926 -53 282
789051742745622272 -925 -48 285
789051742785315072 -937 -48 294
789051742825008000 -948 -40 276
789051742864700928 -928 -44 289
789051742904393856 -934 -54 296
789051742944086656 -932 -54 292
789051742983779584 -925 -49 290
789051743023472512 -925 -46 295
789051743063165440 -929 -43 289
789051743102858240 -928 -46 287
789051743142551168 -923 -47 287
789051743182244096 -927 -44 285
789051743221937024 -936 -43 288
789051743261629824 -934 -43 291
789051743301322752 -934 -45 292
789051743341015680 -939 -46 282
789051743380708608 -931 -49 290
789051743420401536 -928 -47 285
789051743460094336 -930 -49 285
789051743499787264 -951 -45 276
789051743539480192 -942 -45 281
789051743579173120 -934 -49 274
789051743618865920 -938 -47 282
789051743658558848 -940 -48 274
789051743698251776 -938 -48 275
789051743737944704 -942 -49 274
789051743777637504 -943 -49 271
789051743817330432 -941 -48 266
789051743857023360 -938 -47 269
789051743896716196 -938 -47 267
789051743936421760 -938 -47 272
789051743976127360 -940 -49 273
789051744015832960 -945 -47 267
789051744055538560 -937 -51 271
789051744095244160 -935 -45 270
789051744134949888 -934 -52 268
789051744174655488 -948 -48 264
789051744214361088 -941 -46 273
789051744254066688 -940 -49 264
789051744293772288 -942 -48 274
789051744333477888 -942 -49 265
789051744373183488 -938 -48 268
789051744412889088 -943 -49 267
789051744452594688 -940 -49 268
789051744492300288 -938 -48 265
789051744532006016 -940 -47 267
789051744571711616 -940 -47 267
789051744611417216 -941 -49 270
789051744651122816 -938 -46 266
789051744690828416 -941 -50 269
789051744730534016 -947 -46 267
789051744770239616 -938 -52 268
789051744809945216 -935 -45 273
789051744849650816 -927 -50 269
789051744889356544 -950 -49 261
789051744929062144 -942 -45 273
789051744968767744 -941 -46 272
789051745008473344 -934 -50 272
789051745048178944 -947 -49 265
789051745087884544 -934 -47 270
789051745127590144 -942 -47 269
789051745167295744 -941 -46 270
789051745207001344 -939 -48 266
789051745246707072 -940 -46 268
789051745286412672 -941 -47 269
789051745326118286 -939 -47 266
789051745365778048 -941 -47 269
789051745405437824 -941 -47 266
789051745445097728 -940 -47 267
789051745484757504 -940 -46 266
789051745524417408 -945 -47 269
789051745564077184 -942 -49 264
789051745603737088 -936 -44 272
789051745643396864 -928 -46 269
789051745683056768 -943 -49 261
789051745722716544 -947 -45 271
789051745762376448 -938 -47 269
789051745802036224 -935 -48 266
789051745841696128 -948 -49 272
789051745881355904 -934 -46 267
789051745921015808 -941 -48 270
789051745960675584 -942 -44 269
789051746000335488 -940 -47 266
789051746039995264 -943 -47 267
789051746079655168 -935 -46 271
789051746119314944 -940 -46 273
789051746158974720 -942 -46 270
789051746198634624 -946 -48 268
789051746238294400 -941 -47 267
789051746277954304 -942 -44 270
789051746317614080 -942 -47 269
789051746357273984 -940 -44 273
789051746396933760 -938 -46 273
789051746436593664 -938 -40 273
789051746476253440 -926 -34 281
789051746515913344 -926 -28 358
789051746555573120 -940 -50 192
789051746595233024 -842 -25 225
789051746634892800 -908 -26 423
789051746674552704 -887 -36 354
789051746714212480 -869 -58 333
789051746753872398 -931 -43 290
789051746793559296 -956 -67 270
789051746833246208 -983 -89 227
789051746872933248 -969 -94 144
789051746912620160 -958 -84 91
789051746952307200 -961 -89 25
789051746991994112 -890 -95 -42
789051747031681024 -873 -87 -112
789051747071368064 -867 -89 -169
789051747111054976 -931 -119 -253
789051747150742016 -1022 -201 -358
789051747190428928 -1117 -259 -632
789051747230115840 -1026 -169 -809
789051747269802880 -1085 -77 -878
789051747309489792 -1117 -54 -978
789051747349176832 -1002 -57 -900
789051747388863744 -938 -76 -850
789051747428550656 -911 -72 -852
789051747468237696 -880 -51 -781
789051747507924608 -855 -42 -718
789051747547611648 -779 -26 -693
789051747587298560 -710 -16 -681
789051747626985472 -632 -47 -578
789051747666672512 -619 -48 -517
789051747706359424 -624 -20 -508
789051747746046464 -553 72 -527
789051747785733376 -615 84 -409
789051747825420288 -662 -5 -537
789051747865107328 -625 -29 -507
789051747904794240 -737 -21 -501
789051747944481280 -733 39 -447
789051747984168192 -682 80 -542
789051748023855104 -700 40 -532
789051748063542144 -828 40 -548
789051748103229056 -881 -35 -596
789051748142916096 -877 -42 -553
789051748182603082 -941 -22 -527
789051748222271488 -915 49 -499
789051748261939840 -849 183 -454
789051748301608064 -878 247 -507
789051748341276416 -974 228 -458
789051748380944768 -995 223 -439
789051748420612992 -1018 126 -399
789051748460281344 -938 149 -341
789051748499949696 -913 180 -335
789051748539618048 -888 151 -323
789051748579286272 -889 206 -241
789051748618954624 -950 206 -274
789051748658622976 -972 167 -175
789051748698291200 -947 205 -207
789051748737959552 -937 249 -204
789051748777627904 -879 231 -156
789051748817296128 -874 117 -198
789051748856964480 -834 188 39
789051748896632832 -876 373 -27
789051748936301184 -895 253 -103
789051748975969408 -1066 236 -64
789051749015637760 -1187 254 -185
789051749055306112 -1160 186 -221
789051749094974336 -1111 104 -265
789051749134642688 -1136 -28 -380
789051749174311040 -960 -339 -290
789051749213979264 -914 -427 -451
789051749253647616 -916 -344 -341
789051749293315968 -866 -244 -215
789051749332984320 -835 -220 -175
789051749372652544 -917 -219 -189
789051749412320896 -972 -209 -150
789051749451989248 -946 -190 -91
789051749491657472 -952 -131 -40
789051749531325824 -930 -88 -58
789051749570994176 -935 -111 -37
789051749610662370 -941 -157 -12
789051749650345984 -886 -99 38
789051749690029568 -908 -26 7
789051749729713152 -961 -57 -55
789051749769396736 -1013 -89 -49
789051749809080320 -1137 -105 66
789051749848763904 -1294 -96 134
789051749888447360 -1212 -155 -30
789051749928130944 -1172 -92 -101
789051749967814528 -1042 0 -170
789051750007498112 -835 176 -296
789051750047181696 -950 156 -196
789051750086865280 -988 62 -132
789051750126548864 -1046 -16 -89
789051750166232448 -1029 -76 -12
789051750205916032 -927 -54 19
789051750245599616 -764 -25 12
789051750285283200 -707 -5 0
789051750324966656 -826 -12 167
789051750364650240 -920 -35 138
789051750404333824 -922 -44 59
789051750444017408 -969 -30 62
789051750483700992 -1060 37 129
789051750523384576 -1184 31 240
789051750563068160 -1210 0 144
789051750602751744 -1166 3 64
789051750642435328 -1093 -164 -85
789051750682118912 -910 -227 -272
789051750721802496 -900 -231 -274
789051750761486080 -982 -212 -164
789051750801169536 -1022 -132 -81
789051750840853120 -985 -91 -78
789051750880536704 -922 -73 -25
789051750920220288 -876 -52 -2
789051750959903872 -803 -68 22
789051750999587456 -873 -58 61
789051751039270986 -915 -30 30
789051751078939392 -939 -82 56
789051751118607744 -1029 -128 106
789051751158275968 -1029 -201 54
789051751197944320 -1102 -256 31
789051751237612672 -1275 -215 104
789051751277281024 -1146 -179 2
789051751316949248 -1025 -19 -143
789051751356617600 -923 104 -263
789051751396285952 -941 111 -274
789051751435954176 -914 25 -297
789051751475622528 -1059 -44 -31
789051751515290880 -1054 -60 -8
789051751554959104 -846 -11 -52
789051751594627456 -785 32 -122
789051751634295808 -875 4 -22
789051751673964160 -924 -40 -7
789051751713632384 -895 -23 0
789051751753300736 -902 -85 -5
789051751792969088 -1009 -32 -19
789051751832637312 -1154 35 90
789051751872305664 -1245 -8 109
789051751911974016 -1211 13 66
789051751951642240 -1124 -86 -155
789051751991310592 -990 -94 -213
789051752030978944 -881 -106 -329
789051752070647296 -889 -140 -167
789051752110315520 -1017 -137 -173
789051752149983872 -1052 -154 -46
789051752189652224 -903 -121 -66
789051752229320448 -796 -78 -48
789051752268988800 -823 -70 -80
789051752308657152 -914 -52 18
789051752348325376 -923 -30 65
789051752387993728 -884 -21 89
789051752427662080 -916 -89 85
789051752467330278 -1047 -213 95
789051752506994432 -1226 -331 107
789051752546658560 -1281 -331 69
789051752586322560 -1148 -278 -85
789051752625986688 -998 -83 -210
789051752665650688 -1019 80 -396
789051752705314816 -968 34 -243
789051752744978944 -974 -10 -196
789051752784642944 -940 -88 -119
789051752824307072 -960 -96 -63
789051752863971072 -881 -127 -58
789051752903635200 -837 -62 -57
789051752943299328 -873 -37 26
789051752982963328 -855 -66 -25
789051753022627456 -941 -81 -6
789051753062291456 -991 -28 43
789051753101955584 -1003 -31 85
789051753141619584 -1061 -69 158
789051753181283712 -1234 -142 133
789051753220947840 -1211 -187 113
789051753260611840 -1055 -192 -142
789051753300275968 -964 -90 -87
789051753339939968 -875 -121 -169
789051753379604096 -875 -158 -78
789051753419268224 -970 -147 -13
789051753458932224 -1016 -98 17
789051753498596352 -988 -86 13
789051753538260352 -924 -40 31
789051753577924480 -846 -25 58
789051753617588608 -874 -19 35
789051753657252608 -882 -55 60
789051753696916736 -933 -67 111
789051753736580736 -966 -45 74
789051753776244864 -976 -135 68
789051753815908992 -1046 -253 84
789051753855572992 -1244 -289 130
789051753895237002 -1271 -307 12
789051753934923904 -1103 -144 -276
789051753974610816 -908 75 -308
789051754014297856 -1009 15 -218
789051754053984768 -1099 -157 -182
789051754093671808 -906 -227 -232
789051754133358720 -999 -272 -226
789051754173045632 -865 -219 -298
789051754212732672 -802 -134 -367
789051754252419584 -852 -81 -404
789051754292106624 -763 -80 -480
789051754331793536 -738 -43 -385
789051754371480448 -964 -6 -480
789051754411167488 -1171 133 -288
789051754450854400 -1098 127 -141
789051754490541440 -1151 -104 33
789051754530228352 -1243 -129 -97
789051754569915264 -1130 -146 -26
789051754609602304 -980 -136 54
789051754649289216 -872 -116 -63
789051754688976256 -853 -94 -22
789051754728663168 -894 -197 -5
789051754768350080 -916 -357 -46
789051754808037120 -932 -239 -117
789051754847724032 -946 -134 -297
789051754887411072 -1142 91 -521
789051754927097984 -1431 199 -249
789051754966784896 -1184 108 -366
789051755006471936 -815 252 -346
789051755046158848 -772 276 -289
789051755085845888 -975 143 -280
789051755125532800 -914 102 -212
789051755165219712 -905 83 -139
789051755204906752 -905 19 -141
789051755244593664 -948 17 -104
789051755284280704 -938 -2 -80
789051755323967672 -947 25 -70
789051755363636736 -936 44 -73
789051755403305856 -906 21 -55
789051755442975104 -958 85 -40
789051755482644224 -1068 68 25
789051755522313344 -1199 76 -99
789051755561982592 -1271 106 -206
789051755601651712 -1268 -38 -372
789051755641320832 -1011 -93 -284
789051755680990080 -861 -168 -274
789051755720659200 -816 -123 -229
789051755760328320 -900 -95 -148
789051755799997568 -983 -100 -133
789051755839666688 -935 -99 -79
789051755879335808 -839 -78 -25
789051755919005056 -777 -33 -23
789051755958674176 -819 -51 -30
789051755998343296 -891 -135 -6
789051756038012544 -960 -197 30
789051756077681664 -1026 -243 103
789051756117350784 -1139 -225 124
789051756157019904 -1217 -211 93
789051756196689152 -1174 -175 -53
789051756236358272 -1114 -29 -287
789051756276027392 -1045 80 -384
789051756315696640 -986 60 -239
789051756355365760 -1028 34 -145
789051756395034880 -979 -44 -122
789051756434704128 -918 -72 -18
789051756474373248 -815 -59 0
789051756514042368 -736 -42 7
789051756553711616 -750 11 51
789051756593380736 -815 57 115
789051756633049856 -952 46 87
789051756672719104 -1050 57 110
789051756712388224 -1204 102 178
789051756752057488 -1322 52 194
789051756791731712 -1231 30 74
789051756831405952 -1005 -131 -187
789051756871080192 -932 -235 -242
789051756910754432 -968 -247 -178
789051756950428672 -996 -177 -51
789051756990102912 -995 -168 -51
789051757029777152 -934 -106 0
789051757069451392 -862 -69 -8
789051757109125632 -806 -58 -25
789051757148800000 -822 -73 -4
789051757188474240 -839 -99 21
789051757228148480 -860 -111 12
789051757267822720 -992 -157 97
789051757307496960 -1119 -204 145
789051757347171200 -1136 -197 168
789051757386845440 -1193 -132 161
789051757426519680 -1085 -119 -8
789051757466193920 -1031 26 -160
789051757505868160 -1043 85 -283
789051757545542400 -1022 49 -172
789051757585216640 -1035 43 -125
789051757624890880 -1000 -3 -78
789051757664565120 -913 -35 10
789051757704239360 -818 -29 -4
789051757743913600 -775 14 5
789051757783587840 -855 46 13
789051757823262208 -904 77 22
789051757862936448 -919 63 17
789051757902610688 -995 47 22
789051757942284928 -1035 50 28
789051757981959168 -1062 36 61
789051758021633408 -1139 -27 57
789051758061307648 -1093 -112 40
789051758100981888 -987 -337 -193
789051758140656128 -915 -421 -290
789051758180330394 -880 -458 -335
789051758219988480 -817 -554 -376
789051758259646592 -820 -547 -362
789051758299304704 -761 -501 -384
789051758338962944 -699 -506 -375
789051758378621056 -730 -512 -397
789051758418279168 -776 -526 -396
789051758457937280 -770 -541 -407
789051758497595520 -761 -564 -403
789051758537253632 -756 -591 -426
789051758576911744 -767 -565 -393
789051758616569856 -811 -561 -343
789051758656228096 -875 -583 -342
789051758695886208 -917 -644 -322
789051758735544320 -850 -601 -250
789051758775202432 -771 -521 -173
789051758814860544 -763 -436 -187
789051758854518784 -748 -394 -207
789051758894176896 -827 -359 -208
789051758933835008 -841 -305 -195
789051758973493120 -872 -341 -141
789051759013151360 -901 -355 -90
789051759052809472 -901 -384 -36
789051759092467584 -910 -441 -49
789051759132125696 -1018 -386 -37
789051759171783936 -1113 -385 69
789051759211442048 -1304 -388 -13
789051759251100160 -1290 -278 -172
789051759290758272 -1034 -4 -246
789051759330416512 -892 210 -307
789051759370074624 -903 79 -216
789051759409732736 -973 38 -246
789051759449390848 -975 13 -171
789051759489048960 -947 -30 -78
789051759528707200 -844 -72 -26
789051759568365312 -815 -64 -15
789051759608023496 -851 -4 23
789051759647691904 -851 49 20
789051759687360256 -902 46 62
789051759727028480 -969 65 71
789051759766696832 -1023 95 68
789051759806365184 -1038 115 125
789051759846033408 -1121 90 179
789051759885701760 -1189 60 89
789051759925370112 -1227 24 -72
789051759965038464 -1132 -62 -141
789051760004706688 -943 -138 -298
789051760044375040 -835 -87 -181
789051760084043392 -937 10 -117
789051760123711616 -1014 29 -124
789051760163379968 -1013 -16 -55
789051760203048320 -962 -56 -14
789051760242716544 -953 -88 -20
789051760282384896 -1010 -85 -24
789051760322053248 -934 -62 -25
789051760361721600 -887 -38 -18
789051760401389824 -890 -86 -6
789051760441058176 -911 -140 8
789051760480726528 -944 -216 -16
789051760520394752 -1003 -243 74
789051760560063104 -1087 -232 61
789051760599731456 -1134 -158 54
789051760639399680 -1061 -32 10
789051760679068032 -974 113 -52
789051760718736384 -896 175 -138
789051760758404608 -892 153 -120
789051760798072960 -946 129 -103
789051760837741312 -985 88 -20
789051760877409664 -1060 84 -67
789051760917077888 -1061 96 -86
789051760956746240 -1050 101 -45
789051760996414592 -993 80 21
789051761036082764 -959 96 -12
789051761075746048 -1007 81 -13
789051761115409280 -1007 35 -22
789051761155072512 -936 37 8
789051761194735744 -926 37 0
789051761234398976 -955 33 48
789051761274062208 -980 49 12
789051761313725440 -998 70 -10
789051761353388672 -998 45 -37
789051761393051904 -1002 13 -31
789051761432715136 -1009 24 -12
789051761472378368 -1002 71 28
789051761512041600 -1044 133 24
789051761551704832 -1085 150 20
789051761591368064 -1138 148 6
789051761631031296 -1051 119 -60
789051761670694400 -954 13 -46
789051761710357632 -900 -91 -64
789051761750020864 -831 -199 -184
789051761789684096 -899 -231 -157
789051761829347328 -1047 -220 -99
789051761869010560 -1043 -187 -77
789051761908673792 -1005 -102 9
789051761948337024 -940 -92 24
789051761988000256 -900 -97 3
789051762027663488 -915 -122 -12
789051762067326720 -924 -131 17
789051762106989952 -957 -105 61
789051762146653184 -932 -78 49
789051762186316416 -935 -90 46
789051762225979648 -1011 -114 34
789051762265642880 -1082 -140 4
789051762305306112 -1144 -112 66
789051762344969344 -1222 -123 -5
789051762384632576 -1186 -127 -10
789051762424295808 -1076 -62 -96
789051762463958960 -896 84 -170
789051762503634816 -838 201 -255
789051762543310720 -942 130 -142
789051762582986752 -996 40 -101
789051762622662656 -999 -53 -130
789051762662338560 -929 -28 -31
789051762702014592 -888 -9 66
789051762741690496 -884 16 20
789051762781366400 -890 14 34
789051762821042304 -924 18 44
789051762860718336 -896 16 69
789051762900394240 -896 28 109
789051762940070144 -1038 78 30
789051762979746176 -1157 117 25
789051763019422080 -1195 41 144
789051763059097984 -1164 59 104
789051763098774016 -1134 -31 9
789051763138449920 -1062 -125 -119
789051763178125824 -898 -200 -248
789051763217801856 -867 -216 -233
789051763257477760 -964 -219 -139
789051763297153664 -1001 -154 -130
789051763336829568 -960 -94 -74
789051763376505600 -873 -87 -36
789051763416181504 -837 -86 -25
789051763455857408 -906 -87 -49
789051763495533440 -914 -72 -25
789051763535209344 -877 -82 -4
789051763574885248 -911 -156 5
789051763614561280 -1007 -187 39
789051763654237184 -1117 -214 25
789051763693913088 -1218 -186 39
789051763733589120 -1248 -209 -19
789051763773265024 -1208 -160 -76
789051763812940928 -1036 -21 -184
789051763852616832 -883 93 -243
789051763892292920 -860 76 -282
789051763931959424 -901 21 -229
789051763971625984 -966 -51 -165
789051764011292672 -963 -57 -114
789051764050959232 -908 -37 -47
789051764090625920 -932 -38 -14
789051764130292480 -930 -36 33
789051764169959168 -883 7 110
789051764209625728 -856 32 75
789051764249292416 -933 19 98
789051764288958976 -1024 38 100
789051764328625664 -1031 64 83
789051764368292224 -1187 18 106
789051764407958784 -1287 -33 152
789051764447625472 -1144 -72 -78
789051764487292032 -949 -180 -149
789051764526958720 -967 -205 -203
789051764566625280 -929 -122 -121
789051764606291968 -959 -48 -25
789051764645958528 -927 -56 59
789051764685625216 -871 -111 45
789051764725291776 -864 -135 50
789051764764958464 -910 -119 26
789051764804625024 -927 -108 59
789051764844291584 -925 -95 109
789051764883958272 -899 -69 116
789051764923624832 -933 -62 99
789051764963291520 -1037 -148 111
789051765002958080 -1146 -220 145
789051765042624768 -1265 -235 166
789051765082291328 -1141 -126 124
789051765121958016 -982 -64 -53
789051765161624576 -908 26 -110
789051765201291264 -933 48 -179
789051765240957824 -999 33 -125
789051765280624384 -1066 -83 -56
789051765320291174 -942 -122 -5
789051765359965440 -858 -89 1
789051765399639680 -832 -52 25
789051765439313920 -869 -30 45
789051765478988160 -893 -7 58
789051765518662400 -931 8 75
789051765558336640 -959 -20 99
789051765598010880 -999 -18 130
789051765637685120 -1076 26 139
789051765677359360 -1211 6 215
789051765717033728 -1234 -3 151
789051765756707968 -1221 -73 -62
789051765796382208 -1004 -102 -195
789051765836056448 -814 -128 -184
789051765875730688 -778 -111 -99
789051765915404928 -906 -70 -47
789051765955079168 -1021 -53 -105
789051765994753408 -1050 -78 -61
789051766034427648 -956 -43 42
789051766074101888 -898 -21 -15
789051766113776128 -876 -28 -15
789051766153450368 -911 -57 34
789051766193124608 -971 -81 27
789051766232798848 -1021 -91 21
789051766272473088 -1031 -138 40
789051766312147328 -1092 -186 61
789051766351821568 -1227 -125 132
789051766391495808 -1155 -110 20
789051766431170176 -1046 10 -106
789051766470844416 -962 74 -168
789051766510518656 -942 101 -250
789051766550192896 -890 43 -156
789051766589867136 -958 34 -111
789051766629541376 -1011 15 -103
789051766669215616 -940 -29 -40
789051766708889856 -889 -55 -17
789051766748564074 -902 -54 -2
789051766788251008 -939 -7 35
789051766827937920 -911 29 58
789051766867624960 -894 18 90
789051766907311872 -978 -6 17
789051766946998912 -1037 18 19
789051766986685824 -1134 19 68
789051767026372736 -1196 -77 128
789051767066059776 -1238 -59 52
789051767105746688 -1142 -26 -80
789051767145433728 -921 -72 -145
789051767185120640 -770 -162 -173
789051767224807552 -820 -202 -69
789051767264494592 -1005 -160 -47
789051767304181504 -1062 -112 -108
789051767343868544 -992 -57 -1
789051767383555456 -902 -63 13
789051767423242368 -898 -97 -2
789051767462929408 -921 -111 -51
789051767502616320 -931 -136 -32
789051767542303360 -958 -154 1
789051767581990272 -977 -162 54
789051767621677184 -1055 -141 107
789051767661364224 -1255 -140 44
789051767701051136 -1205 -140 -95
789051767740738176 -888 -85 -80
789051767780425088 -714 -37 -45
789051767820112128 -830 -83 -120
789051767859799040 -1074 -129 -125
789051767899485952 -1176 -91 -185
789051767939172992 -1006 -142 6
789051767978859904 -977 -145 -30
789051768018546944 -922 -95 -57
789051768058233856 -930 -96 -129
789051768097920768 -954 -61 -152
789051768137607808 -982 -20 -152
789051768177294768 -1005 41 -144
789051768216951168 -960 127 -127
789051768256607616 -971 67 -120
789051768296264064 -1043 -68 -150
789051768335920512 -999 -126 -214
789051768375576960 -927 -147 -127
789051768415233408 -936 -155 -63
789051768454889856 -1085 -213 -92
789051768494546304 -1131 -248 -76
789051768534202752 -1081 -182 33
789051768573859200 -887 -169 13
789051768613515648 -882 -125 19
789051768653172096 -915 -175 22
789051768692828544 -905 -220 -44
789051768732484992 -907 -200 -7
789051768772141440 -943 -216 17
789051768811797888 -936 -217 -63
789051768851454336 -958 -209 -9
789051768891110784 -1047 -206 68
789051768930767232 -1029 -141 -31
789051768970423680 -973 -175 -39
789051769010080128 -1109 -186 -174
789051769049736576 -1116 -211 -265
789051769089393024 -1239 -224 -258
789051769129049472 -1087 -86 -290
789051769168705920 -845 86 -192
789051769208362368 -837 115 -187
789051769248018816 -914 51 -176
789051769287675136 -942 44 -178
789051769327331584 -980 51 -70
789051769366988032 -961 -9 -46
789051769406644480 -903 -94 -63
789051769446300928 -918 -76 -97
789051769485957376 -948 1 -56
789051769525613824 -986 14 -29
789051769565270272 -973 -14 -34
789051769604926808 -925 -13 -69
789051769644578176 -952 22 -35
789051769684229504 -1079 48 41
789051769723880832 -1250 0 -7
789051769763532288 -1229 14 22
789051769803183616 -1159 -30 -134
789051769842834944 -964 -77 -219
789051769882486272 -875 -154 -288
789051769922137728 -838 -176 -234
789051769961789056 -908 -125 -200
789051770001440384 -1053 -36 -131
789051770041091712 -1001 -51 -106
789051770080743168 -930 -68 -45
789051770120394496 -839 -48 -6
789051770160045824 -858 -38 -19
789051770199697152 -900 -59 -24
789051770239348608 -911 -94 5
789051770278999936 -961 -95 1
789051770318651264 -1022 -135 26
789051770358302592 -1064 -184 13
789051770397954048 -1218 -161 13
789051770437605376 -1195 -144 -12
789051770477256704 -1138 -79 -85
789051770516908032 -1036 -4 -140
789051770556559488 -895 71 -210
789051770596210816 -826 75 -200
789051770635862144 -913 27 -183
789051770675513472 -1009 -72 -183
789051770715164928 -991 -81 -118
789051770754816256 -934 -41 -51
789051770794467584 -918 -51 -21
789051770834118912 -914 -46 -10
789051770873770368 -879 -24 22
789051770913421696 -873 -3 25
789051770953073024 -932 -32 9
789051770992724352 -1020 -17 6
789051771032375752 -1083 28 13
789051771072041600 -1228 -36 87
789051771111707392 -1268 7 98
789051771151373184 -1183 -49 -165
789051771191038848 -926 -119 -187
789051771230704640 -805 -226 -176
789051771270370432 -870 -188 -73
789051771310036224 -995 -45 -66
789051771349702016 -1032 -1 -89
789051771389367808 -969 -19 -19
789051771429033472 -863 -47 44
789051771468699264 -832 -81 5
789051771508365056 -865 -76 17
789051771548030848 -899 -84 74
789051771587696640 -939 -77 71
789051771627362432 -1007 -110 49
789051771667028096 -1131 -180 54
789051771706693888 -1224 -159 89
789051771746359680 -1171 -99 67
789051771786025472 -1149 -71 -44
789051771825691264 -978 11 -160
789051771865357056 -854 148 -206
789051771905022720 -908 162 -129
789051771944688512 -991 81 -61
789051771984354304 -1026 -49 -54
789051772024020096 -949 -60 -21
789051772063685888 -865 -55 4
789051772103351680 -895 -11 21
789051772143017344 -929 2 44
789051772182683136 -909 -3 45
789051772222348928 -894 -44 65
789051772262014720 -940 -75 13
789051772301680512 -1028 4 72
789051772341346304 -1160 37 122
789051772381011968 -1255 18 125
789051772420677760 -1223 1 30
789051772460343480 -1063 -68 -140
789051772500006656 -889 -94 -187
789051772539669888 -836 -156 -190
789051772579333120 -926 -160 -129
789051772618996352 -1027 -86 -99
789051772658659584 -1001 -77 -31
789051772698322816 -927 -69 -29
789051772737986048 -895 -46 9
789051772777649280 -874 -58 7
789051772817312512 -883 -87 24
789051772856975744 -887 -124 18
789051772896638976 -968 -116 61
789051772936302208 -1036 -111 88
789051772975965440 -1037 -144 61
789051773015628672 -1156 -158 107
789051773055291904 -1217 -213 58
789051773094955008 -1142 -172 -28
789051773134618240 -983 -74 -189
789051773174281472 -920 34 -263
789051773213944704 -887 55 -190
789051773253607936 -934 10 -107
789051773293271168 -1006 -89 -93
789051773332934400 -984 -99 -68
789051773372597632 -927 -88 -46
789051773412260864 -900 -69 -41
789051773451924096 -902 -60 38
789051773491587328 -816 -35 41
789051773531250560 -913 -60 60
789051773570913792 -990 -74 10
789051773610577024 -1046 -11 -14
789051773650240256 -1223 2 56
789051773689903488 -1218 5 33
789051773729566720 -1220 -45 -70
789051773769229952 -1055 -113 -161
789051773808893184 -856 -192 -268
789051773848556416 -843 -222 -166
789051773888219670 -938 -174 -134
789051773927881984 -1012 -50 -125
789051773967544320 -987 -24 -120
789051774007206784 -883 -38 -26
789051774046869120 -841 -49 -36
789051774086531456 -881 -64 -24
789051774126193920 -892 -67 23
789051774165856256 -913 -37 57
789051774205518592 -971 -63 48
789051774245181056 -1071 -128 43
789051774284843392 -1242 -138 99
789051774324505728 -1230 -130 97
789051774364168192 -1126 -72 14
789051774403830528 -1002 21 -112
789051774443492864 -907 102 -219
789051774483155328 -915 98 -155
789051774522817664 -963 32 -161
789051774562480000 -1008 -42 -107
789051774602142464 -927 -49 -49
789051774641804800 -916 -48 18
789051774681467136 -930 -20 38
789051774721129600 -921 -13 44
789051774760791936 -920 -5 60
789051774800454272 -918 -39 39
789051774840116736 -957 -49 47
789051774879779072 -1035 -19 25
789051774919441408 -1100 5 101
789051774959103872 -1151 -5 112
789051774998766208 -1177 12 24
789051775038428544 -1088 18 -100
789051775078091008 -904 5 -128
789051775117753344 -809 -91 -85
789051775157415680 -897 -117 -89
789051775197078144 -1019 -102 -114
789051775236740480 -1063 -48 -70
789051775276402944 -1028 44 17
789051775316065326 -995 58 0
789051775355712384 -968 25 -40
789051775395359488 -978 -35 -57
789051775435006592 -978 -80 -101
789051775474653696 -961 -91 -91
789051775514300928 -971 -82 -111
789051775553948032 -1016 -156 -80
789051775593595136 -997 -183 -46
789051775633242240 -971 -144 -59
789051775672889344 -969 -87 -53
789051775712536448 -987 84 -159
789051775752183552 -972 116 -110
789051775791830656 -981 144 -80
789051775831477888 -973 128 -50
789051775871124992 -970 89 -47
789051775910772096 -992 59 -30
789051775950419200 -1014 49 -40
789051775990066304 -1053 56 -26
789051776029713408 -1090 63 -33
789051776069360512 -1036 36 -43
789051776109007616 -970 23 -43
789051776148654848 -964 25 -47
789051776188301952 -965 48 -39
789051776227949056 -948 78 -15
789051776267596160 -936 97 -1
789051776307243264 -899 65 25
789051776346890368 -968 33 64
789051776386537472 -1046 35 24
789051776426184704 -1034 48 8
789051776465831808 -1045 32 -51
789051776505478912 -1076 13 -132
789051776545126016 -1106 51 -118
789051776584773120 -1087 66 -185
789051776624420224 -995 -18 -152
789051776664067328 -883 -184 -118
789051776703714432 -928 -214 -107
789051776743361668 -1025 -201 -76
789051776783029120 -1002 -161 -14
789051776822696576 -935 -48 64
789051776862364032 -874 -31 6
789051776902031488 -865 -87 -14
789051776941698944 -914 -147 1
789051776981366400 -962 -176 44
789051777021033856 -977 -148 76
789051777060701440 -961 -128 85
789051777100368896 -991 -134 66
789051777140036352 -1015 -142 50
789051777179703808 -1089 -190 125
789051777219371264 -1230 -169 122
789051777259038720 -1163 -149 27
789051777298706176 -1078 -47 -30
789051777338373632 -916 82 -103
789051777378041088 -875 102 -151
789051777417708544 -939 57 -87
789051777457376000 -966 31 -68
789051777497043456 -1020 -8 -25
789051777536710912 -976 -14 0
789051777576378496 -869 -28 23
789051777616045952 -884 -25 39
789051777655713408 -895 -8 55
789051777695380864 -923 25 103
789051777735048320 -913 44 91
789051777774715776 -938 38 73
789051777814383232 -1042 65 57
789051777854050688 -1191 120 100
789051777893718144 -1309 45 96
789051777933385600 -1203 -16 -17
789051777973053056 -1023 -130 -105
789051778012720512 -885 -143 -120
789051778052387968 -805 -166 -101
789051778092055424 -892 -103 -72
789051778131723008 -997 -27 -56
789051778171390430 -1034 -64 -21
789051778211046016 -957 -71 18
789051778250701568 -840 -31 18
789051778290357248 -875 -30 5
789051778330012800 -910 -105 37
789051778369668352 -906 -130 -28
789051778409324032 -905 -111 35
789051778448979584 -974 -106 55
789051778488635264 -1115 -204 104
789051778528290816 -1350 -162 -8
789051778567946368 -1220 -86 -112
789051778607602048 -1125 4 -145
789051778647257600 -920 57 -262
789051778686913152 -852 50 -250
789051778726568832 -913 49 -162
789051778766224384 -931 36 -190
789051778805879936 -997 -8 -131
789051778845535616 -963 -11 -63
789051778885191168 -885 -60 -18
789051778924846720 -873 -88 -35
789051778964502400 -893 -17 -14
789051779004157952 -914 19 -33
789051779043813632 -911 34 -94
789051779083469184 -1068 129 -6
789051779123124736 -1028 116 40
789051779162780416 -1274 -66 -94
789051779202435968 -1203 -58 -71
789051779242091520 -1148 -86 -191
789051779281747200 -967 -139 -326
789051779321402752 -847 -156 -343
789051779361058304 -850 -121 -208
789051779400713984 -972 -24 -140
789051779440369536 -1001 -4 -153
789051779480025088 -975 -53 -88
789051779519680768 -883 -62 -28
789051779559336320 -856 -53 -39
789051779598991956 -879 -51 -19
789051779638669696 -891 -73 -31
789051779678347392 -888 -80 31
789051779718024960 -980 -105 18
789051779757702656 -1134 -169 43
789051779797380224 -1219 -148 127
789051779837057920 -1280 -136 67
789051779876735488 -1167 -72 -29
789051779916413184 -960 7 -290
789051779956090752 -878 102 -283
789051779995768448 -923 82 -158
789051780035446144 -992 42 -111
789051780075123712 -1018 -49 -97
789051780114801408 -974 -66 -43
789051780154478976 -876 -32 -6
789051780194156672 -845 -6 17
789051780233834240 -849 1 38
789051780273511936 -830 7 52
789051780313189504 -851 -38 58
789051780352867200 -962 -41 100
789051780392544896 -1106 48 71
789051780432222464 -1243 72 134
789051780471900160 -1284 30 151
789051780511577728 -1270 -42 -45
789051780551255424 -1091 -92 -187
789051780590932992 -842 -154 -151
789051780630610688 -761 -199 -104
789051780670288256 -847 -132 -60
789051780709965952 -1011 -41 -52
789051780749643520 -1004 -50 -59
789051780789321216 -966 -21 12
789051780828998912 -924 21 46
789051780868676480 -956 39 -7
789051780908354176 -856 34 61
789051780948031744 -841 13 85
789051780987709440 -1000 -63 93
789051781027386954 -1055 -118 149
789051781067033344 -1135 -172 198
789051781106679680 -1248 -141 213
789051781146325888 -1166 -178 59
789051781185972224 -1001 -59 -142
789051781225618432 -906 96 -253
789051781265264768 -924 80 -208
789051781304910976 -926 69 -118
789051781344557312 -971 -37 -109
789051781384203520 -974 -102 -63
789051781423849856 -981 -72 -17
789051781463496064 -960 -44 -10
789051781503142400 -910 -10 13
789051781542788608 -863 0 49
789051781582434944 -841 -6 56
789051781622081152 -889 -38 32
789051781661727488 -998 -14 23
789051781701373696 -1060 48 77
789051781741020032 -1126 29 136
789051781780666240 -1197 5 169
789051781820312576 -1233 -26 10
789051781859958784 -1025 -86 -167
789051781899605120 -873 -149 -228
789051781939251328 -850 -202 -179
789051781978897664 -986 -118 -101
789051782018543872 -1082 -55 -95
789051782058190208 -1039 -46 -58
789051782097836416 -941 -47 -16
789051782137482752 -894 -56 -13
789051782177128960 -904 -62 -32
789051782216775296 -902 -43 -12
789051782256421504 -906 -59 11
789051782296067840 -951 -39 10
789051782335714048 -987 -88 0
789051782375360384 -1056 -132 27
789051782415006592 -1251 -125 31
789051782454652768 -1241 -201 -73
789051782494315136 -1070 -188 -66
789051782533977472 -856 -102 -73
789051782573639936 -722 4 -182
789051782613302272 -810 -31 -237
789051782652964608 -1058 -71 -147
789051782692627072 -1118 -103 -180
789051782732289408 -1012 -152 -47
789051782771951744 -1011 -100 -46
789051782811614208 -937 -96 -80
789051782851276544 -907 -83 -159
789051782890938880 -939 -51 -181
789051782930601344 -989 -15 -167
789051782970263680 -1022 19 -178
789051783009926016 -1018 70 -137
789051783049588480 -936 79 -103
789051783089250816 -961 26 -115
789051783128913152 -967 -76 -144
789051783168575616 -1003 -219 -150
789051783208237952 -1057 -224 -125
789051783247900416 -1004 -236 -90
789051783287562752 -963 -232 -26
789051783327225088 -970 -248 -51
789051783366887552 -935 -230 -103
789051783406549888 -967 -193 -125
789051783446212224 -1014 -193 -97
789051783485874688 -992 -194 -81
789051783525537024 -940 -164 -125
789051783565199360 -928 -155 -110
789051783604861824 -964 -174 -66
789051783644524160 -992 -195 -48
789051783684186496 -1011 -192 -43
789051783723848960 -975 -188 -105
789051783763511296 -952 -159 -89
789051783803173632 -994 -151 -19
789051783842836096 -1116 -173 -51
789051783882498444 -1182 -244 -178
789051783922141312 -1151 -191 -172
789051783961784192 -989 -16 -117
789051784001427072 -811 45 -184
789051784041069952 -822 78 -162
789051784080712832 -925 76 -124
789051784120355712 -1009 39 -131
789051784159998592 -1011 17 -25
789051784199641472 -963 -9 4
789051784239284352 -927 -34 -8
789051784278927232 -944 -22 -16
789051784318570112 -928 14 -2
789051784358212992 -911 39 17
789051784397855872 -912 26 -1
789051784437498752 -955 -4 -9
789051784477141632 -1019 11 -18
789051784516784512 -1159 32 15
789051784556427392 -1221 113 -113
789051784596070272 -1320 50 -48
789051784635713152 -1147 -51 -183
789051784675356032 -872 -157 -217
789051784714998912 -734 -231 -267
789051784754641792 -865 -226 -233
789051784794284672 -970 -183 -214
789051784833927552 -1023 -15 -160
789051784873570432 -970 -52 -88
789051784913213440 -903 -87 -43
789051784952856320 -860 -104 -24
789051784992499200 -856 -101 -10
789051785032142080 -872 -82 -8
789051785071784960 -917 -50 -12
789051785111427840 -962 -73 30
789051785151070720 -1065 -106 4
789051785190713600 -1185 -186 -20
789051785230356480 -1232 -211 -11
789051785269999360 -1252 -152 -84
789051785309642218 -1100 -65 -254
789051785349301248 -923 67 -259
789051785388960256 -823 133 -242
789051785428619264 -865 85 -204
789051785468278272 -975 -13 -169
789051785507937152 -1004 -83 -166
789051785547596160 -950 -66 -105
789051785587255168 -898 -53 -2
789051785626914176 -895 -34 12
789051785666573184 -908 9 35
789051785706232192 -888 14 64
789051785745891072 -904 -12 69
789051785785550080 -987 5 35
789051785825209088 -1037 50 41
789051785864868096 -1134 50 113
789051785904527104 -1201 10 92
789051785944186112 -1196 -34 -97
789051785983845120 -1081 -126 -237
789051786023504000 -940 -120 -264
789051786063163008 -915 -138 -161
789051786102822016 -937 -97 -72
789051786142481024 -982 -41 -95
789051786182140032 -954 -31 -52
789051786221799040 -891 -33 -32
789051786261457920 -887 -57 -23
789051786301116928 -904 -86 -16
789051786340775936 -911 -96 20
789051786380434944 -915 -94 70
789051786420093952 -942 -52 131
789051786459752960 -981 -73 74
789051786499411840 -1037 -129 67
789051786539070848 -1203 -91 124
789051786578729856 -1247 -111 68
789051786618388864 -1173 -65 -32
789051786658047872 -1028 -36 -147
789051786697706880 -917 25 -224
789051786737365786 -840 44 -192
789051786777015424 -921 52 -121
789051786816665088 -1019 -9 -70
789051786856314752 -977 -75 -55
789051786895964416 -910 -87 -11
789051786935614080 -888 -74 31
789051786975263744 -865 -34 23
789051787014913408 -908 39 73
789051787054563072 -923 2 23
789051787094212736 -911 -46 44
789051787133862400 -1069 14 48
789051787173512064 -1118 38 4
789051787213161728 -1239 11 95
789051787252811392 -1202 14 47
789051787292461056 -1172 -47 -110
789051787332110720 -974 -96 -234
789051787371760384 -827 -120 -271
789051787411410048 -877 -150 -181
789051787451059712 -986 -94 -128
789051787490709376 -1028 -3 -80
789051787530359040 -982 2 -53
789051787570008704 -860 -18 -30
789051787609658368 -807 -46 17
789051787649308032 -840 -69 6
789051787688957696 -938 -109 -3
789051787728607360 -946 -76 21
789051787768257024 -952 -53 29
789051787807906688 -1040 -89 6
789051787847556352 -1152 -131 72
789051787887206016 -1248 -101 123
789051787926855680 -1206 -118 37
789051787966505344 -1127 -76 -119
789051788006155008 -970 -15 -200
789051788045804672 -871 78 -258
789051788085454336 -884 95 -169
789051788125104000 -950 57 -100
789051788164753680 -1022 -72 -71
789051788204415232 -974 -71 -51
789051788244076800 -865 -51 -8
789051788283738240 -863 -29 57
789051788323399808 -886 -27 49
789051788363061376 -887 -27 66
789051788402722944 -917 -82 48
789051788442384384 -989 -69 21
789051788482045952 -1089 8 54
789051788521707520 -1189 22 172
789051788561368960 -1201 17 170
789051788601030528 -1164 -17 18
789051788640692096 -1056 -130 -150
789051788680353664 -880 -153 -214
789051788720015104 -850 -161 -148
789051788759676672 -931 -101 -68
789051788799338240 -1013 -47 -72
789051788838999680 -1025 -24 -18
789051788878661248 -951 -49 4
789051788918322816 -878 -69 3
789051788957984384 -877 -73 -13
789051788997645824 -900 -62 2
789051789037307392 -916 -10 70
789051789076968960 -930 2 43
789051789116630400 -1002 -114 12
789051789156291968 -1112 -171 32
789051789195953536 -1164 -134 122
789051789235615104 -1130 -127 73
789051789275276544 -1134 -84 -15
789051789314938112 -1114 -42 -89
789051789354599680 -943 58 -173
789051789394261248 -813 142 -162
789051789433922688 -873 117 -146
789051789473584256 -979 44 -131
789051789513245824 -1068 -38 -119
789051789552907264 -1016 -47 -55
789051789592568824 -912 -41 -16
789051789632233728 -884 -23 -12
789051789671898624 -883 -38 -21
789051789711563520 -906 -55 9
789051789751228544 -922 -28 10
789051789790893440 -991 -35 -1
789051789830558336 -1066 36 15
789051789870223232 -1101 44 92
789051789909888128 -1149 36 96
789051789949553152 -1233 40 -10
789051789989218048 -1096 31 -135
789051790028882944 -857 30 -213
789051790068547840 -768 -54 -136
789051790108212864 -897 -44 -86
789051790147877760 -1060 -19 -129
789051790187542656 -1110 -21 -93
789051790227207552 -1053 10 -12
789051790266872448 -966 -25 -49
789051790306537472 -951 -41 -64
789051790346202368 -950 -55 -101
789051790385867264 -906 -36 -118
789051790425532160 -929 -55 -129
789051790465197056 -993 -87 -129
789051790504862080 -1010 -114 -113
789051790544526976 -941 -36 -49
789051790584191872 -953 51 -71
789051790623856768 -1141 87 -212
789051790663521664 -1100 86 -251
789051790703186688 -1012 78 -81
789051790742851584 -900 115 -64
789051790782516480 -853 146 -102
789051790822181376 -902 166 -121
789051790861846400 -948 129 -120
789051790901511296 -1021 73 -73
789051790941176192 -1087 41 -39
789051790980841088 -1099 10 -48
789051791020506048 -1013 16 -33
789051791060165120 -953 36 -37
789051791099824128 -932 35 -40
789051791139483136 -956 42 -33
789051791179142144 -963 60 -29
789051791218801024 -976 81 -19
789051791258460032 -982 87 14
789051791298119040 -1011 86 26
789051791337778048 -1027 51 7
789051791377437056 -1051 53 -29
789051791417096064 -1117 42 -84
789051791456754944 -1187 84 -41
789051791496413952 -1174 -15 -95
789051791536072960 -903 -56 -240
789051791575731968 -734 -170 -128
789051791615390976 -852 -185 -92
789051791655049984 -980 -191 -64
789051791694708992 -1029 -210 -87
789051791734367872 -1047 -162 32
789051791774026880 -987 -135 71
789051791813685888 -900 -105 -6
789051791853344896 -862 -96 20
789051791893003904 -874 -112 12
789051791932662912 -911 -139 44
789051791972321920 -970 -161 120
789051792011980800 -967 -176 123
789051792051639808 -984 -221 100
789051792091298816 -1017 -174 99
789051792130957824 -1080 -43 181
789051792170616832 -1263 -56 62
789051792210275840 -1242 -45 0
789051792249934720 -1062 20 -80
789051792289593728 -850 71 -148
789051792329252736 -845 127 -145
789051792368911744 -950 75 -110
789051792408570752 -1028 -17 -101
789051792448229644 -989 -54 -56
789051792487880960 -930 -45 20
789051792527532288 -912 -56 31
789051792567183616 -863 -36 44
789051792606835072 -850 -6 82
789051792646486400 -879 13 88
789051792686137728 -902 2 57
789051792725789056 -991 24 45
789051792765440512 -1108 68 103
789051792805091840 -1246 43 149
789051792844743168 -1236 26 114
789051792884394496 -1237 -27 -68
789051792924045952 -1008 -84 -207
789051792963697280 -836 -102 -206
789051793003348608 -863 -178 -122
789051793042999936 -964 -129 -71
789051793082651392 -1026 -53 -77
789051793122302720 -953 -48 -27
789051793161954048 -843 -47 -2
789051793201605376 -817 -41 7
789051793241256832 -879 -72 14
789051793280908160 -967 -91 68
789051793320559488 -946 -56 47
789051793360210816 -946 -64 53
789051793399862272 -1034 -136 69
789051793439513600 -1186 -138 122
789051793479164928 -1254 -86 105
789051793518816256 -1264 -150 36
789051793558467712 -1079 -68 -129
789051793598119040 -816 51 -153
789051793637770368 -784 38 -147
789051793677421696 -905 -7 -80
789051793717073152 -1054 -41 -144
789051793756724480 -1035 -50 -79
789051793796375808 -928 -94 8
789051793836027136 -890 -66 17
789051793875678594 -883 -34 31
789051793915314688 -887 26 57
789051793954950784 -878 39 89
789051793994586880 -934 -4 100
789051794034222976 -992 10 90
789051794073859072 -1038 57 69
789051794113495168 -1156 22 207
789051794153131264 -1203 6 169
789051794192767360 -1152 -61 9
789051794232403456 -1033 -158 -145
789051794272039552 -920 -182 -242
789051794311675648 -909 -165 -155
789051794351311744 -999 -110 -50
789051794390947840 -1023 -81 -35
789051794430583936 -942 -91 -13
789051794470220032 -881 -84 38
789051794509856128 -840 -70 56
789051794549492352 -887 -62 44
789051794589128448 -904 -71 81
789051794628764544 -907 -81 78
789051794668400640 -917 -99 82
789051794708036736 -1027 -150 102
789051794747672832 -1120 -173 118
789051794787308928 -1143 -124 182
789051794826945024 -1229 -178 109
789051794866581120 -1173 -176 -19
789051794906217216 -993 -56 -210
789051794945853312 -935 55 -297
789051794985489408 -947 44 -143
789051795025125504 -968 15 -81
789051795064761600 -944 -80 -63
789051795104397696 -960 -118 -11
789051795144033792 -890 -77 4
789051795183669888 -855 -37 11
789051795223305984 -883 -27 19
789051795262942080 -859 -22 77
789051795302578202 -857 -18 60
789051795342231168 -935 -30 102
789051795381884160 -1094 29 106
789051795421537280 -1242 -12 168
789051795461190272 -1306 -61 111
789051795500843392 -1257 -129 -140
789051795540496384 -1072 -200 -168
789051795580149504 -826 -109 -132
789051795619802496 -697 -169 -117
789051795659455616 -870 -82 -87
789051795699108608 -1037 1 -119
789051795738761728 -1066 -84 -79
789051795778414720 -920 -39 -28
789051795818067840 -758 -60 3
789051795857720832 -859 -90 11
789051795897373952 -984 -104 63
789051795937026944 -971 -76 46
789051795976680064 -961 -31 41
789051796016333056 -1068 -87 39
789051796055986176 -1194 -137 69
789051796095639168 -1201 -120 137
789051796135292288 -1120 -188 39
789051796174945280 -1114 -116 -88
789051796214598400 -951 15 -213
789051796254251392 -907 106 -236
789051796293904512 -888 91 -174
789051796333557504 -961 5 -129
789051796373210624 -1020 -73 -127
789051796412863616 -986 -62 -60
789051796452516736 -903 -30 -5
789051796492169728 -865 -46 2
789051796531822848 -890 -43 7
789051796571475840 -843 -21 50
789051796611128960 -854 -70 57
789051796650781952 -984 -72 61
789051796690435072 -1101 23 45
789051796730088154 -1214 18 128
789051796769764096 -1198 -25 161
789051796809440000 -1136 -59 23
789051796849116032 -971 -132 -115
789051796888791936 -880 -182 -178
789051796928467840 -946 -181 -142
789051796968143872 -999 -113 -121
789051797007819776 -1022 -74 -64
789051797047495680 -999 -63 9
789051797087171584 -915 -106 1
789051797126847616 -876 -107 19
789051797166523520 -902 -99 10
789051797206199424 -914 -99 41
789051797245875456 -914 -87 39
789051797285551360 -936 -71 37
789051797325227264 -1006 -119 44
789051797364903296 -1055 -195 93
789051797404579200 -1187 -178 137
789051797444255104 -1213 -167 87
789051797483931136 -1169 -147 -111
789051797523607040 -863 -46 -186
789051797563282944 -781 30 -111
789051797602958976 -846 -47 -115
789051797642634880 -1055 -112 -179
789051797682310784 -1086 -157 -145
789051797721986688 -1012 -173 -39
789051797761662720 -973 -160 -32
789051797801338624 -987 -103 -82
789051797841014528 -975 -55 -104
789051797880690560 -947 -43 -106
789051797920366464 -937 -50 -117
789051797960042368 -997 -34 -157
789051797999718400 -1021 36 -128
789051798039394304 -1004 72 -92
789051798079070208 -939 43 -90
789051798118746240 -977 -59 -88
789051798158422126 -996 -174 -113
789051798198116736 -1023 -205 -113
789051798237811328 -1009 -205 -97
789051798277505920 -966 -195 -96
789051798317200512 -900 -200 -38
789051798356895104 -908 -222 -13
789051798396589696 -1014 -284 -20
789051798436284288 -1068 -289 -28
789051798475978880 -1023 -235 -36
789051798515673472 -935 -187 -46
789051798555368064 -894 -177 -51
789051798595062656 -909 -218 -33
789051798634757248 -932 -256 -5
789051798674451840 -951 -280 0
789051798714146432 -975 -274 1
789051798753841024 -995 -246 24
789051798793535616 -987 -252 25
789051798833230208 -990 -234 5
789051798872924800 -982 -234 -18
789051798912619392 -1021 -221 8
789051798952313984 -1106 -237 22
789051798992008576 -1106 -243 -70
789051799031703168 -960 -115 -141
789051799071397760 -888 47 -164
789051799111092352 -899 71 -206
789051799150786944 -1047 -28 -104
789051799190481536 -1095 -76 -99
789051799230176128 -1000 -39 -25
789051799269870720 -919 -15 19
789051799309565312 -912 -8 -15
789051799349259904 -928 -29 -32
789051799388954496 -914 -17 -16
789051799428649088 -924 -6 -14
789051799468343680 -936 -17 -1
789051799508038272 -819 -19 -8
789051799547732864 -889 57 26
789051799587427480 -1132 131 69
789051799627074560 -1195 122 136
789051799666721664 -1202 72 54
789051799706368768 -1210 47 -27
789051799746015872 -1106 -14 -169
789051799785663104 -882 -110 -276
789051799825310208 -861 -107 -222
789051799864957312 -1017 -17 -199
789051799904604416 -1041 4 -177
789051799944251520 -1033 -23 -102
789051799983898624 -903 -47 -18
789051800023545728 -800 -6 -28
789051800063192832 -825 24 -29
789051800102840064 -847 10 9
789051800142487168 -872 -34 51
789051800182134272 -972 -29 95
789051800221781376 -1012 -57 35
789051800261428480 -1067 -116 5
789051800301075584 -1161 -97 7
789051800340722688 -1250 -58 23
789051800380369792 -1220 -92 70
789051800420017024 -1183 -43 -39
789051800459664128 -916 75 -234
789051800499311232 -776 109 -225
789051800538958336 -858 52 -92
789051800578605440 -998 -47 -95
789051800618252544 -1019 -68 -71
789051800657899648 -935 -35 17
789051800697546752 -875 -31 44
789051800737193984 -906 -48 59
789051800776841088 -914 -4 95
789051800816488192 -851 23 103
789051800856135296 -874 -57 20
789051800895782400 -986 -71 -7
789051800935429504 -1099 26 -46
789051800975076608 -1247 27 163
789051801014723802 -1279 42 112
789051801054379392 -1139 29 -57
789051801094034944 -998 -113 -172
789051801133690624 -803 -209 -230
789051801173346176 -831 -262 -171
789051801213001728 -977 -187 -105
789051801252657408 -1041 -118 -117
789051801292312960 -1052 -98 -53
789051801331968512 -944 -65 17
789051801371624192 -802 -42 14
789051801411279744 -800 -42 4
789051801450935424 -885 -60 56
789051801490590976 -967 -86 95
789051801530246528 -963 -102 107
789051801569902208 -1002 -165 101
789051801609557760 -1116 -232 110
789051801649213312 -1265 -209 144
789051801688868992 -1175 -211 119
789051801728524544 -1119 -140 -10
789051801768180096 -979 -30 -63
789051801807835776 -838 70 -148
789051801847491328 -841 65 -160
789051801887146880 -985 6 -133
789051801926802560 -1019 -121 -93
789051801966458112 -990 -106 -32
789051802006113792 -879 -101 56
789051802045769344 -841 -136 68
789051802085424896 -906 -115 44
789051802125080576 -899 -70 34
789051802164736128 -879 -47 40
789051802204391680 -989 -49 15
789051802244047360 -1136 29 60
789051802283702912 -1232 -21 75
789051802323358464 -1224 -13 81
789051802363014144 -1190 -71 -101
789051802402669696 -964 -206 -242
789051802442325316 -874 -318 -183
789051802482003072 -902 -282 -160
789051802521680768 -966 -148 -109
789051802561358336 -959 -25 -62
789051802601036032 -911 -5 -15
789051802640713600 -857 -86 -16
789051802680391296 -885 -167 -12
789051802720068864 -905 -176 -8
789051802759746560 -895 -157 20
789051802799424128 -911 -112 19
789051802839101824 -931 -92 32
789051802878779520 -1063 -103 48
789051802918457088 -1160 -171 123
789051802958134784 -1173 -187 188
789051802997812352 -1144 -161 49
789051803037490048 -1118 -49 -93
789051803077167616 -974 10 -233
789051803116845312 -893 78 -242
789051803156522880 -920 69 -158
789051803196200576 -995 26 -126
789051803235878272 -1023 -68 -121
789051803275555840 -971 -63 -65
789051803315233536 -887 -38 -7
789051803354911104 -861 -25 6
789051803394588800 -888 -21 15
789051803434266368 -886 -15 48
789051803473944064 -894 -50 26
789051803513621632 -961 -39 16
789051803553299328 -1080 16 24
789051803592976896 -1175 4 113
789051803632654592 -1200 -33 62
789051803672332288 -1162 -68 -60
789051803712009856 -1067 -95 -185
789051803751687552 -907 -52 -175
789051803791365120 -833 -114 -184
789051803831042816 -954 -121 -130
789051803870720314 -1057 -91 -76
789051803910395392 -1013 -64 -55
789051803950070528 -904 -75 -25
789051803989745536 -846 -61 -7
789051804029420672 -869 -62 -12
789051804069095808 -901 -83 9
789051804108770816 -937 -77 56
789051804148445952 -959 -48 72
789051804188121088 -973 -79 72
789051804227796096 -1051 -114 53
789051804267471232 -1156 -108 116
789051804307146368 -1183 -120 57
789051804346821504 -1177 -92 -1
789051804386496512 -1120 -28 -156
789051804426171648 -942 44 -267
789051804465846784 -819 84 -233
789051804505521792 -867 65 -149
789051804545196928 -972 -21 -146
789051804584872064 -1023 -99 -153
789051804624547072 -967 -84 -87
789051804664222208 -926 -35 -26
789051804703897344 -941 -28 -22
789051804743572352 -959 -15 -6
789051804783247488 -892 -17 -10
789051804822922624 -883 -38 -30
789051804862597632 -956 -20 -22
789051804902272768 -1012 32 10
789051804941947904 -1170 12 102
789051804981622912 -1262 -15 87
789051805021298048 -1297 -32 -61
789051805060973184 -988 -56 -201
789051805100648320 -776 -51 -225
789051805140323328 -796 -46 -72
789051805179998464 -982 27 -51
789051805219673600 -1044 -3 -154
789051805259348608 -1050 -3 -32
789051805299023756 -1000 -26 0
789051805338699648 -952 -41 -81
789051805378375552 -937 -23 -74
789051805418051584 -922 18 -60
789051805457727488 -894 25 -95
789051805497403392 -951 -55 -124
789051805537079424 -1051 -125 -114
789051805576755328 -1089 -172 -68
789051805616431232 -979 -92 -19
789051805656107136 -955 -32 -39
789051805695783168 -1033 -29 -141
789051805735459072 -1040 -13 -232
789051805775134976 -921 53 -181
789051805814811008 -893 145 -88
789051805854486912 -908 199 -69
789051805894162816 -981 152 -113
789051805933838848 -1026 129 -127
789051805973514752 -1043 104 -64
789051806013190656 -1042 81 -88
789051806052866688 -1028 95 -114
789051806092542592 -985 120 -103
789051806132218496 -952 142 -74
789051806171894400 -927 145 -98
789051806211570432 -943 142 -91
789051806251246336 -969 131 -82
789051806290922240 -964 118 -91
789051806330598272 -948 114 -55
789051806370274176 -985 137 -44
789051806409950080 -1039 153 -39
789051806449626112 -1041 142 -56
789051806489302016 -1019 150 -29
789051806528977920 -1075 134 -58
789051806568653952 -1134 124 -124
789051806608329856 -1035 87 -120
789051806648005760 -942 5 -152
789051806687681664 -908 -96 -188
789051806727357720 -931 -185 -211
789051806767059072 -969 -201 -183
789051806806760448 -1019 -177 -171
789051806846461824 -991 -113 -77
789051806886163200 -939 -86 -33
789051806925864576 -900 -38 -51
789051806965565952 -909 -27 -39
789051807005267328 -943 -74 -14
789051807044968704 -955 -100 -11
789051807084670080 -925 -106 -12
789051807124371456 -944 -126 24
789051807164072832 -1072 -195 -4
789051807203774208 -1194 -125 80
789051807243475584 -1212 -90 44
789051807283176960 -1214 -88 -81
789051807322878336 -1031 -23 -203
789051807362579712 -818 75 -258
789051807402281088 -809 86 -189
789051807441982464 -931 32 -134
789051807481683840 -989 -44 -124
789051807521385216 -1016 -66 -55
789051807561086592 -926 -61 -26
789051807600787968 -890 -47 -18
789051807640489344 -918 -35 33
789051807680190720 -909 -11 26
789051807719892096 -876 5 55
789051807759593472 -924 -17 44
789051807799294848 -1042 1 32
789051807838996224 -1134 57 61
789051807878697600 -1230 14 119
789051807918398976 -1214 -1 80
789051807958100352 -1128 -22 -115
789051807997801728 -967 -42 -183
789051808037503104 -845 -131 -197
789051808077204480 -841 -207 -180
789051808116905856 -975 -154 -93
789051808156607190 -1075 -53 -67
789051808196299264 -1002 -12 -21
789051808235991296 -875 -5 -11
789051808275683328 -809 -11 39
789051808315375360 -812 -35 29
789051808355067520 -882 -99 55
789051808394759552 -953 -116 19
789051808434451584 -1033 -73 37
789051808474143616 -1186 -170 52
789051808513835648 -1294 -88 90
789051808553527680 -1123 -69 45
789051808593219712 -1082 -13 -122
789051808632911872 -993 58 -202
789051808672603904 -936 70 -211
789051808712295936 -907 84 -195
789051808751987968 -936 35 -148
789051808791680000 -989 -38 -140
789051808831372032 -938 -35 -92
789051808871064064 -877 -25 -37
789051808910756224 -896 -14 -10
789051808950448256 -911 19 2
789051808990140288 -904 46 49
789051809029832320 -927 25 79
789051809069524352 -994 3 24
789051809109216384 -1019 17 13
789051809148908416 -1157 13 107
789051809188600448 -1262 -74 101
789051809228292608 -1190 -3 28
789051809267984640 -1057 -71 -120
789051809307676672 -895 -115 -232
789051809347368704 -896 -233 -209
789051809387060736 -994 -174 -114
789051809426752768 -1033 -50 -34
789051809466444800 -947 -6 -6
789051809506136960 -824 -31 -4
789051809545828992 -812 -45 10
789051809585520984 -877 -39 -8
789051809625203712 -882 -37 55
789051809664886400 -924 -54 77
789051809704569216 -995 -88 91
789051809744251904 -1060 -145 106
789051809783934592 -1164 -189 180
789051809823617280 -1279 -108 141
789051809863300096 -1117 -145 19
789051809902982784 -974 -35 -116
789051809942665472 -930 77 -281
789051809982348288 -990 46 -215
789051810022030976 -983 62 -124
789051810061713664 -993 -54 -90
789051810101396352 -956 -115 -60
789051810141079168 -896 -100 27
789051810180761856 -829 -75 7
789051810220444544 -835 -34 -8
789051810260127360 -896 -7 60
789051810299810048 -920 9 97
789051810339492736 -981 -17 53
789051810379175424 -1033 33 22
789051810418858240 -1131 18 128
789051810458540928 -1266 -76 149
789051810498223616 -1269 -83 0
789051810537906432 -1077 -95 -178
789051810577589120 -911 -96 -204
789051810617271808 -829 -141 -185
789051810656954496 -925 -117 -94
789051810696637312 -1010 -20 -79
789051810736320000 -976 -36 1
789051810776002688 -917 -63 23
789051810815685504 -847 -65 11
789051810855368192 -879 -69 -3
789051810895050880 -923 -89 30
789051810934733696 -939 -77 47
789051810974416384 -954 -58 63
789051811014099080 -1019 -102 44
789051811053762304 -1123 -183 71
789051811093425536 -1229 -119 148
789051811133088768 -1109 -157 100
789051811172752000 -1112 -80 -31
789051811212415232 -971 25 -210
789051811252078464 -890 62 -250
789051811291741696 -915 40 -135
789051811331404928 -955 -18 -119
789051811371068160 -1021 -103 -117
789051811410731392 -1024 -94 -38
789051811450394624 -930 -75 -19
789051811490057856 -853 -60 -4
789051811529721088 -873 -47 26
789051811569384320 -908 -45 35
789051811609047552 -885 -65 -4
789051811648710784 -948 -92 6
789051811688373888 -1071 -58 1
789051811728037120 -1110 -29 51
789051811767700352 -1168 -76 78
789051811807363584 -1201 -85 43
789051811847026816 -1117 -77 -98
789051811886690048 -899 -81 -184
789051811926353280 -715 -156 -195
789051811966016512 -866 -208 -132
789051812005679744 -1108 -165 -116
789051812045342976 -1111 -113 -122
789051812085006208 -979 -98 -52
789051812124669440 -905 -133 -22
789051812164332672 -912 -116 -67
789051812203995904 -922 -104 -101
789051812243659136 -919 -100 -60
789051812283322368 -947 -127 -25
789051812322985600 -1015 -176 0
789051812362648832 -1100 -239 -18
789051812402312064 -1237 -183 -26
789051812441975286 -1087 -168 -127
789051812481652992 -805 -82 -137
789051812521330688 -667 -51 -103
789051812561008256 -892 -84 -111
789051812600685952 -1136 -114 -141
789051812640363520 -1103 -92 -98
789051812680041216 -1016 -151 16
789051812719718784 -964 -138 -18
789051812759396480 -934 -105 -73
789051812799074048 -926 -73 -131
789051812838751744 -953 -28 -117
789051812878429312 -1041 -10 -98
789051812918107008 -1083 11 -75
789051812957784704 -998 28 -61
789051812997462272 -907 -31 -84
789051813037139968 -882 -174 -108
789051813076817536 -916 -251 -118
789051813116495232 -990 -218 -31
789051813156172800 -1047 -211 6
789051813195850496 -1094 -239 -26
789051813235528064 -1045 -256 22
789051813275205760 -928 -285 18
789051813314883456 -898 -245 -16
789051813354561024 -937 -225 -17
789051813394238720 -946 -210 1
789051813433916288 -954 -180 25
789051813473593984 -954 -179 25
789051813513271552 -957 -215 -3
789051813552949248 -972 -223 20
789051813592626816 -993 -218 16
789051813632304512 -1015 -212 -7
789051813671982080 -1018 -221 -2
789051813711659776 -1103 -223 -9
789051813751337472 -1130 -213 -41
789051813791015040 -1060 -127 -103
789051813830692736 -961 -14 -143
789051813870370266 -894 55 -198
789051813910051328 -889 72 -232
789051813949732352 -970 14 -168
789051813989413376 -1075 -49 -102
789051814029094400 -1024 -33 -57
789051814068775424 -963 9 -14
789051814108456448 -922 16 1
789051814148137472 -904 -10 -2
789051814187818496 -904 0 -9
789051814227499520 -914 22 15
789051814267180544 -937 -9 12
789051814306861568 -981 -27 -2
789051814346542592 -1030 18 -13
789051814386223744 -1105 45 89
789051814425904768 -1216 32 102
789051814465585792 -1177 15 30
789051814505266816 -1120 -67 -66
789051814544947840 -951 -120 -210
789051814584628864 -786 -213 -235
789051814624309888 -842 -192 -121
789051814663990912 -991 -95 -77
789051814703671936 -1045 -37 -88
789051814743352960 -996 -53 -12
789051814783033984 -892 -76 33
789051814822715008 -833 -95 2
789051814862396032 -866 -101 2
789051814902077056 -913 -95 15
789051814941758080 -926 -79 36
789051814981439104 -978 -82 36
789051815021120128 -1030 -130 -16
789051815060801152 -1103 -187 6
789051815100482176 -1206 -149 47
789051815140163200 -1180 -124 -8
789051815179844224 -1161 -79 -94
789051815219525248 -1038 15 -188
789051815259206272 -832 119 -213
789051815298887332 -853 77 -164
789051815338569216 -974 17 -126
789051815378251136 -1024 -64 -126
789051815417932928 -974 -80 -74
789051815457614848 -888 -83 -11
789051815497296768 -877 -71 -6
789051815536978560 -910 -63 14
789051815576660480 -928 -30 42
789051815616342400 -906 -25 53
789051815656024192 -892 -71 38
789051815695706112 -1000 -60 26
789051815735388032 -1108 -23 48
789051815775069824 -1185 -46 111
789051815814751744 -1222 -12 76
789051815854433664 -1229 -50 -125
789051815894115456 -977 -74 -239
789051815933797376 -810 -147 -202
789051815973479296 -858 -165 -103
789051816013161088 -1024 -89 -66
789051816052843008 -1031 -47 -105
789051816092524928 -941 -42 -10
789051816132206720 -851 -33 13
789051816171888640 -806 -36 3
789051816211570560 -890 -41 10
789051816251252352 -923 -50 8
789051816290934272 -931 -79 80
789051816330616192 -1031 -103 40
789051816370297984 -1166 -165 25
789051816409979904 -1304 -196 35
789051816449661824 -1186 -77 -58
789051816489343616 -1117 56 -272
789051816529025536 -893 200 -194
789051816568707456 -821 145 -269
789051816608389248 -856 15 -183
789051816648071168 -983 -67 -255
789051816687753088 -1011 -33 -116
789051816727434922 -1033 28 -79
789051816767114240 -830 39 -77
789051816806793600 -842 26 -96
789051816846472960 -897 25 -17
789051816886152192 -917 13 -8
789051816925831552 -928 -27 -10
789051816965510912 -1002 58 -80
789051817005190272 -1113 117 31
789051817044869632 -1231 1 45
789051817084548864 -1157 15 17
789051817124228224 -1098 -3 -108
789051817163907584 -995 -38 -245
789051817203586944 -924 -96 -287
789051817243266304 -908 -127 -180
789051817282945536 -932 -72 -185
789051817322624896 -1018 28 -137
789051817362304256 -1011 -37 -100
789051817401983616 -929 -54 -57
789051817441662976 -809 -62 -38
789051817481342208 -874 -84 -29
789051817521021568 -917 -65 -49
789051817560700928 -890 -42 -10
789051817600380288 -983 -82 -53
789051817640059648 -1083 -113 -41
789051817679738880 -1198 -133 66
789051817719418240 -1169 -128 -16
789051817759097600 -1153 -98 -40
789051817798776960 -1117 -14 -164
789051817838456320 -953 -7 -211
789051817878135552 -824 75 -208
789051817917814912 -873 86 -198
789051817957494272 -956 23 -149
789051817997173632 -1076 -73 -136
789051818036852992 -971 -84 -61
789051818076532224 -855 -67 36
789051818116211584 -899 -18 34
789051818155890954 -895 4 27
789051818195575424 -897 10 32
789051818235259904 -916 -16 14
789051818274944256 -997 -40 7
789051818314628736 -1070 15 39
789051818354313088 -1161 33 84
789051818393997568 -1227 19 64
789051818433681920 -1253 -50 -88
789051818473366400 -1029 -153 -253
789051818513050752 -854 -175 -201
789051818552735232 -908 -191 -115
789051818592419584 -953 -90 -105
789051818632104064 -1009 5 -126
789051818671788416 -981 -31 -35
789051818711472896 -879 -75 -42
789051818751157248 -837 -90 -19
789051818790841728 -881 -94 8
789051818830526208 -917 -98 40
789051818870210560 -921 -79 67
789051818909895040 -929 -81 69
789051818949579392 -999 -110 33
789051818989263872 -1076 -147 71
789051819028948224 -1167 -35 162
789051819068632704 -1094 -118 111
789051819108317056 -1190 -141 60
789051819148001536 -1129 -114 -101
789051819187685888 -914 22 -208
789051819227370368 -834 125 -146
789051819267054720 -873 98 -165
789051819306739200 -984 18 -146
789051819346423552 -1083 -77 -125
789051819386108032 -1014 -53 -69
789051819425792384 -911 -30 -4
789051819465476864 -906 -24 16
789051819505161344 -895 -33 36
789051819544845696 -909 -29 13
789051819584530076 -901 -32 15
789051819624235648 -955 -46 45
789051819663941248 -1017 -3 47
789051819703646848 -1048 25 78
789051819743352448 -1145 -23 114
789051819783058048 -1246 -33 94
789051819822763776 -1211 -38 -77
789051819862469376 -1000 -20 -163
789051819902174976 -782 -30 -139
789051819941880576 -798 -53 -88
789051819981586176 -956 -16 -85
789051820021291776 -1036 -32 -135
789051820060997376 -1045 -29 -37
789051820100702976 -1006 -43 22
789051820140408576 -956 -49 -36
789051820180114176 -963 -24 -35
789051820219819904 -982 -13 -52
789051820259525504 -952 -4 -80
789051820299231104 -922 -39 -114
789051820338936704 -990 -104 -112
789051820378642304 -1044 -156 -79
789051820418347904 -1024 -159 -47
789051820458053504 -976 -64 -51
789051820497759104 -972 -21 -71
789051820537464704 -1026 -22 -117
789051820577170432 -1022 3 -168
789051820616876032 -960 39 -166
789051820656581632 -916 115 -114
789051820696287232 -887 171 -103
789051820735992832 -957 142 -108
789051820775698432 -1026 97 -145
789051820815404032 -1048 75 -131
789051820855109632 -1037 75 -110
789051820894815232 -1024 90 -104
789051820934520832 -1021 94 -110
789051820974226560 -981 88 -124
789051821013932158 -965 108 -72
789051821053640320 -970 140 -66
789051821093348480 -966 157 -106
789051821133056640 -943 155 -81
789051821172764800 -957 140 -46
789051821212472960 -996 135 -26
789051821252181120 -1024 120 -37
789051821291889280 -1041 121 -29
789051821331597440 -1110 126 -45
789051821371305600 -1090 89 -83
789051821411013760 -1008 7 -123
789051821450721920 -918 -125 -147
789051821490430080 -812 -222 -130
789051821530138240 -935 -243 -66
789051821569846400 -960 -223 -272
789051821609554560 -1086 -167 3
789051821649262720 -1008 -98 -70
789051821688970880 -847 -50 -116
789051821728679040 -857 -43 -132
789051821768387072 -1034 -134 11
789051821808095232 -974 -201 -97
789051821847803392 -888 -200 -94
789051821887511552 -891 -170 7
789051821927219712 -1051 -140 -6
789051821966927872 -1031 -201 -40
789051822006636032 -1070 -196 -68
789051822046344192 -1156 -162 -153
789051822086052352 -1268 -180 -83
789051822125760512 -1144 -78 -183
789051822165468672 -766 78 -277
789051822205176832 -733 68 -325
789051822244884992 -899 -33 -233
789051822284593152 -1111 -135 -177
789051822324301312 -1035 -83 -144
789051822364009472 -879 -33 -123
789051822403717632 -816 -35 -163
789051822443425790 -922 -9 -90
789051822483110272 -980 8 -27
789051822522794752 -875 8 -70
789051822562479104 -886 -66 -58
789051822602163584 -960 -30 -113
789051822641847936 -1126 58 -47
789051822681532416 -1243 17 -44
789051822721216768 -1253 0 -129
789051822760901248 -1153 -2 -155
789051822800585600 -978 -14 -273
789051822840270080 -811 -108 -247
789051822879954432 -862 -122 -181
789051822919638912 -1058 30 -110
789051822959323264 -954 98 -121
789051822999007744 -896 -37 -50
789051823038692224 -809 -110 -22
789051823078376576 -841 -97 -26
789051823118061056 -959 -92 18
789051823157745408 -997 -82 29
789051823197429888 -945 -33 48
789051823237114240 -927 -19 10
789051823276798720 -1113 -131 2
789051823316483072 -1402 -174 18
789051823356167552 -1133 -96 -47
789051823395851904 -1040 26 -57
789051823435536384 -1057 22 -237
789051823475220736 -905 72 -290
789051823514905216 -879 109 -215
789051823554589568 -955 64 -157
789051823594274048 -979 7 -109
789051823633958528 -957 -26 -14
789051823673642880 -839 -60 -24
789051823713327360 -819 -70 -31
789051823753011712 -846 -30 1
789051823792696192 -869 -27 66
789051823832380544 -959 -25 40
789051823872064932 -1049 41 -83
789051823911732352 -1209 76 -33
789051823951399808 -1332 -15 138
789051823991067264 -1167 -2 66
789051824030734720 -1103 -117 -182
789051824070402176 -890 -135 -270
789051824110069632 -886 -174 -215
789051824149737088 -941 -207 -75
789051824189404672 -1012 -118 -77
789051824229072128 -1007 -57 -9
789051824268739584 -955 -69 46
789051824308407040 -828 -105 61
789051824348074496 -785 -89 31
789051824387741952 -846 -64 87
789051824427409408 -892 -17 160
789051824467076864 -947 -36 141
789051824506744320 -1040 -149 176
789051824546411776 -1111 -240 188
789051824586079232 -1163 -146 269
789051824625746688 -1138 -157 82
789051824665414144 -1090 -131 -140
789051824705081600 -1015 -103 -228
789051824744749184 -997 33 -202
789051824784416640 -957 54 -89
789051824824084096 -990 -58 -78
789051824863751552 -971 -172 19
789051824903419008 -915 -122 -5
789051824943086464 -828 -81 25
789051824982753920 -838 -39 56
789051825022421376 -900 -31 72
789051825062088832 -873 -44 53
789051825101756288 -943 -113 77
789051825141423744 -1043 -67 58
789051825181091200 -1086 26 77
789051825220758656 -1215 -4 147
789051825260426112 -1225 -28 122
789051825300093686 -1151 -88 -56
789051825339761152 -997 -82 -97
789051825379428608 -814 -123 -118
789051825419096064 -845 -193 -37
789051825458763520 -967 -147 -50
789051825498430976 -1021 -76 -55
789051825538098432 -971 -51 -20
789051825577765888 -892 -10 19
789051825617433472 -830 12 -21
789051825657100928 -868 -16 -19
789051825696768384 -947 -56 24
789051825736435840 -1009 -66 29
789051825776103296 -1026 -76 -6
789051825815770752 -1140 -129 57
789051825855438208 -1213 -60 161
789051825895105664 -1134 -45 29
789051825934773120 -1131 -10 -101
789051825974440576 -966 36 -296
789051826014108032 -898 66 -253
789051826053775488 -910 56 -130
789051826093442944 -965 61 -104
789051826133110528 -988 27 -98
789051826172777984 -957 -6 -58
789051826212445440 -896 -56 -24
789051826252112896 -848 -63 8
789051826291780352 -875 -15 36
789051826331447808 -872 0 73
789051826371115264 -905 -37 48
789051826410782720 -989 -72 3
789051826450450176 -1112 12 -36
789051826490117632 -1265 22 74
789051826529785088 -1254 20 53
789051826569452544 -1166 -69 -180
789051826609120000 -942 -113 -243
789051826648787584 -844 -157 -201
789051826688455040 -897 -162 -140
789051826728122460 -1010 -140 -132
789051826767794176 -1023 -96 -117
789051826807465856 -932 -97 -39
789051826847137536 -874 -91 -30
789051826886809344 -865 -84 -8
789051826926481024 -897 -82 1
789051826966152704 -919 -80 13
789051827005824384 -958 -77 43
789051827045496064 -1006 -114 35
789051827085167872 -1070 -162 69
789051827124839552 -1196 -143 97
789051827164511232 -1227 -125 56
789051827204182912 -1108 -124 -132
789051827243854592 -845 -71 -140
789051827283526400 -798 -23 -116
789051827323198080 -884 -105 -125
789051827362869760 -1040 -136 -186
789051827402541440 -1059 -157 -111
789051827442213120 -985 -165 -66
789051827481884928 -968 -149 -53
789051827521556608 -956 -120 -85
789051827561228288 -966 -92 -89
789051827600899968 -999 -75 -103
789051827640571648 -1008 -80 -79
789051827680243328 -990 -63 -102
789051827719915136 -979 -31 -124
789051827759586816 -969 50 -74
789051827799258496 -935 95 -90
789051827838930176 -993 74 -44
789051827878601856 -1085 14 -83
789051827918273664 -1011 -86 -109
789051827957945344 -911 -196 -73
789051827997617024 -891 -256 -64
789051828037288704 -943 -298 -111
789051828076960384 -1011 -282 -102
789051828116632192 -1018 -293 -113
789051828156303838 -1021 -286 -127
789051828195993344 -994 -232 -123
789051828235682816 -961 -222 -147
789051828275372416 -944 -211 -123
789051828315061888 -939 -187 -97
789051828354751360 -925 -166 -64
789051828394440832 -964 -166 -57
789051828434130432 -975 -198 -38
789051828473819904 -971 -210 -5
789051828513509376 -964 -220 -12
789051828553198848 -974 -231 -10
789051828592888448 -1006 -223 18
789051828632577920 -1005 -217 2
789051828672267392 -1019 -227 15
789051828711956992 -1038 -231 38
789051828751646464 -1009 -199 22
789051828791335936 -1011 -142 -26
789051828831025408 -1017 -98 -82
789051828870715008 -989 -39 -190
789051828910404480 -937 25 -207
789051828950093952 -961 25 -139
789051828989783424 -1042 -37 -78
789051829029473024 -1026 -52 -71
789051829069162496 -957 -12 -23
789051829108851968 -905 -10 -12
789051829148541440 -893 -34 -27
789051829188231040 -901 -28 -39
789051829227920512 -908 17 -3
789051829267609984 -941 8 11
789051829307299584 -990 -20 27
789051829346989056 -1029 8 11
789051829386678528 -1075 58 55
789051829426368000 -1190 47 109
789051829466057600 -1171 19 50
789051829505747072 -1165 -110 -154
789051829545436544 -968 -192 -292
789051829585126074 -886 -196 -257
789051829624776576 -909 -165 -166
789051829664427136 -977 -63 -94
789051829704077568 -1018 -29 -79
789051829743728128 -954 -45 -27
789051829783378560 -858 -56 19
789051829823029120 -846 -48 19
789051829862679680 -878 -34 5
789051829902330112 -910 -35 43
789051829941980672 -940 -24 62
789051829981631232 -1025 -51 40
789051830021281664 -1050 -156 36
789051830060932224 -1104 -185 62
789051830100582656 -1191 -167 91
789051830140233216 -1191 -109 43
789051830179883776 -1163 -17 -111
789051830219534208 -950 63 -203
789051830259184768 -776 170 -198
789051830298835328 -818 97 -135
789051830338485760 -994 -14 -117
789051830378136320 -1084 -86 -147
789051830417786752 -985 -41 -47
789051830457437312 -899 -27 -1
789051830497087872 -916 -31 -2
789051830536738304 -928 -30 3
789051830576388864 -882 -23 29
789051830616039424 -887 -36 52
789051830655689856 -948 -43 26
789051830695340416 -1036 1 8
789051830734990848 -1077 35 60
789051830774641408 -1176 -11 123
789051830814291968 -1193 13 62
789051830853942400 -1139 -58 -119
789051830893592960 -983 -116 -210
789051830933243520 -856 -188 -228
789051830972893952 -936 -163 -153
789051831012544496 -1003 -92 -53
789051831052187392 -1014 -43 -53
789051831091830272 -923 -76 -32
789051831131473152 -841 -88 28
789051831171116032 -843 -94 35
789051831210758912 -873 -89 30
789051831250401792 -929 -97 52
789051831290044672 -948 -85 118
789051831329687552 -990 -77 149
789051831369330432 -1104 -79 118
789051831408973312 -1166 -110 153
789051831448616192 -1166 -181 86
789051831488259072 -1171 -152 73
789051831527901952 -1137 -48 -64
789051831567544832 -903 52 -202
789051831607187712 -810 140 -202
789051831646830592 -880 129 -103
789051831686473472 -975 24 -62
789051831726116352 -1039 -57 -87
789051831765759232 -984 -66 -50
789051831805402112 -903 -60 2
789051831845044992 -884 -35 9
789051831884687872 -924 -19 18
789051831924330752 -931 -21 0
789051831963973632 -922 -40 19
789051832003616512 -976 -66 -11
789051832043259392 -1021 -9 15
789051832082902400 -1082 4 119
789051832122545280 -1199 -81 95
789051832162188160 -1075 -58 -67
789051832201831040 -1110 -2 -110
789051832241473920 -1011 4 -157
789051832281116800 -879 -111 -228
789051832320759680 -914 -208 -174
789051832360402560 -986 -157 -118
789051832400045440 -1042 -44 -110
789051832439688266 -945 -23 -53
789051832479329536 -885 -16 -20
789051832518970752 -860 -56 -23
789051832558611968 -828 -52 -49
789051832598253056 -881 6 -63
789051832637894272 -956 -10 -32
789051832677535488 -1029 -57 -9
789051832717176704 -1065 -120 7
789051832756817792 -1120 -146 70
789051832796459008 -1198 -98 24
789051832836100224 -1187 -57 -87
789051832875741440 -1128 12 -259
789051832915382528 -961 59 -293
789051832955023744 -856 77 -298
789051832994664960 -922 44 -196
789051833034306176 -992 -53 -204
789051833073947264 -984 -81 -143
789051833113588480 -908 -35 -60
789051833153229696 -847 -14 -22
789051833192870912 -868 -8 -26
789051833232512128 -890 6 17
789051833272153216 -912 10 81
789051833311794432 -954 -25 26
789051833351435648 -1013 -66 -14
789051833391076864 -1065 -52 11
789051833430717952 -1137 -87 95
789051833470359168 -1258 -19 61
789051833510000384 -1212 7 -119
789051833549641600 -1032 -28 -153
789051833589282688 -857 -119 -188
789051833628923904 -845 -198 -179
789051833668565120 -930 -143 -88
789051833708206336 -1018 -54 -62
789051833747847424 -984 -30 -29
789051833787488640 -919 -36 4
789051833827129856 -872 -74 -2
789051833866770962 -881 -90 20
789051833906428288 -922 -95 47
789051833946085632 -913 -82 52
789051833985742848 -924 -56 86
789051834025400192 -1011 -100 82
789051834065057408 -1096 -157 95
789051834104714752 -1196 -96 186
789051834144372096 -1159 -120 91
789051834184029312 -1151 -71 -13
789051834223686656 -1015 2 -95
789051834263343872 -914 61 -201
789051834303001216 -838 55 -196
789051834342658560 -934 27 -143
789051834382315776 -1061 -29 -128
789051834421973120 -1037 -39 -61
789051834461630336 -932 -37 -22
789051834501287680 -900 -62 -12
789051834540945024 -904 -59 14
789051834580602240 -910 -33 29
789051834620259584 -904 -31 12
789051834659916928 -940 -44 11
789051834699574144 -1016 -11 48
789051834739231488 -1030 36 69
789051834778888704 -1107 19 128
789051834818546048 -1204 7 146
789051834858203392 -1241 -13 -18
789051834897860608 -1057 -36 -179
789051834937517952 -828 -74 -188
789051834977175168 -807 -122 -115
789051835016832512 -976 -65 -41
789051835056489856 -1068 -1 -166
789051835096147072 -1032 18 -93
789051835135804416 -961 -2 0
789051835175461632 -916 -39 -26
789051835215118976 -952 -14 -49
789051835254776320 -984 22 -22
789051835294433530 -973 32 -35
789051835334100992 -971 16 -78
789051835373768448 -973 -78 -87
789051835413435904 -1007 -136 -111
789051835453103360 -980 -146 -114
789051835492770816 -917 -154 -73
789051835532438272 -923 -105 -52
789051835572105728 -1018 -64 -87
789051835611773312 -1119 -24 -204
789051835651440768 -1040 67 -206
789051835691108224 -959 131 -102
789051835730775680 -860 138 -103
789051835770443136 -902 177 -178
789051835810110592 -1089 161 -209
789051835849778048 -1117 140 -177
789051835889445504 -994 140 -182
789051835929112960 -890 112 -97
789051835968780416 -955 104 -110
789051836008447872 -994 103 -143
789051836048115328 -1013 117 -135
789051836087782784 -998 125 -117
789051836127450240 -967 130 -118
789051836167117824 -936 122 -121
789051836206785280 -949 130 -99
789051836246452736 -994 139 -52
789051836286120192 -1029 142 -92
789051836325787648 -1041 172 -88
789051836365455104 -1165 165 -146
789051836405122560 -1154 117 -174
789051836444790016 -1034 19 -144
789051836484457472 -862 -120 -192
789051836524124928 -797 -188 -275
789051836563792384 -919 -176 -235
789051836603459840 -1052 -200 -237
789051836643127296 -929 -138 -184
789051836682794752 -1050 -109 -21
789051836722462280 -995 -100 25
789051836762137472 -860 -101 -28
789051836801812608 -864 -98 -42
789051836841487616 -915 -106 -7
789051836881162752 -945 -101 7
789051836920837888 -984 -65 35
789051836960512896 -1024 -48 23
789051837000188032 -1092 -159 84
789051837039863168 -1242 -152 174
789051837079538176 -1181 -153 64
789051837119213312 -1041 -7 -100
789051837158888448 -832 122 -404
789051837198563584 -730 110 -45
789051837238238592 -1003 54 -203
789051837277913728 -1093 33 -222
789051837317588864 -1066 -67 -167
789051837357263872 -962 -69 -77
789051837396939008 -884 -65 -70
789051837436614144 -815 -74 -64
789051837476289152 -852 -58 -24
789051837515964288 -915 -38 49
789051837555639424 -954 -26 17
789051837595314432 -970 3 23
789051837634989568 -1053 42 89
789051837674664704 -1228 5 53
789051837714339712 -1278 -12 54
789051837754014848 -1200 -49 -168
789051837793689984 -969 -54 -270
789051837833365120 -903 -72 -185
789051837873040128 -906 -134 -94
789051837912715264 -887 -70 -67
789051837952390400 -997 8 -51
789051837992065408 -962 -45 63
789051838031740544 -834 -92 41
789051838071415680 -809 -92 46
789051838111090688 -869 -68 56
789051838150765734 -899 -57 86
789051838190439040 -933 -64 123
789051838230112384 -1052 -130 38
789051838269785856 -1181 -160 98
789051838309459200 -1333 -159 27
789051838349132672 -1249 -72 -117
789051838388806016 -1036 66 -263
789051838428479488 -945 92 -277
789051838468152832 -957 103 -176
789051838507826304 -966 98 -170
789051838547499648 -931 13 -114
789051838587172992 -920 -35 -62
789051838626846464 -844 -47 -22
789051838666519808 -826 -65 1
789051838706193280 -864 -33 32
789051838745866624 -908 -18 89
789051838785540096 -922 -30 82
789051838825213440 -993 -11 71
789051838864886784 -1075 49 98
789051838904560256 -1151 55 70
789051838944233600 -1268 8 138
789051838983907072 -1197 -60 2
789051839023580416 -962 -176 -229
789051839063253888 -920 -140 -225
789051839102927232 -893 -146 -223
789051839142600704 -946 -73 -69
789051839182274048 -971 3 -12
789051839221947392 -930 -36 47
789051839261620864 -887 -70 37
789051839301294208 -854 -119 30
789051839340967680 -913 -115 39
789051839380641024 -949 -98 52
789051839420314496 -896 -88 -48
789051839459987840 -979 -175 131
789051839499661312 -1105 -172 157
789051839539334656 -1139 -91 64
789051839579008150 -1254 -91 99
789051839618673920 -1141 -104 -57
789051839658339712 -1013 -37 -268
789051839698005504 -958 82 -269
789051839737671168 -987 89 -219
789051839777336960 -968 53 -136
789051839817002752 -981 -59 -156
789051839856668544 -955 -95 -104
789051839896334336 -854 -87 -51
789051839936000128 -806 -55 -26
789051839975665792 -867 -11 4
789051840015331584 -916 27 54
789051840054997376 -907 -7 50
789051840094663168 -968 -42 94
789051840134328960 -1057 46 66
789051840173994752 -1221 50 157
789051840213660416 -1239 35 121
789051840253326208 -1160 -92 -35
789051840292992000 -989 -75 -175
789051840332657792 -881 -51 -211
789051840372323584 -926 -135 -170
789051840411989376 -997 -62 -103
789051840451655040 -1003 -70 -143
789051840491320832 -954 -136 -56
789051840530986624 -901 -110 -22
789051840570652416 -866 -52 -32
789051840610318208 -894 -48 -10
789051840649984000 -911 -26 77
789051840689649664 -929 -24 87
789051840729315456 -986 -82 28
789051840768981248 -1089 -143 89
789051840808647040 -1188 -109 154
789051840848312832 -1224 -86 149
789051840887978496 -1129 -14 82
789051840927644288 -1053 76 -155
789051840967310080 -910 104 -254
789051841006975870 -918 75 -55
789051841046662784 -1007 9 -40
789051841086349696 -1005 -80 -23
789051841126036736 -936 -47 8
789051841165723648 -821 -60 108
789051841205410688 -816 -38 85
789051841245097600 -879 9 119
789051841284784512 -902 18 219
789051841324471552 -933 -21 237
789051841364158464 -988 -31 174
789051841403845504 -1002 39 203
789051841443532416 -1091 4 299
789051841483219328 -1173 17 285
789051841522906368 -1126 -6 145
789051841562593280 -993 -112 -63
789051841602280320 -866 -135 -127
789051841641967232 -893 -139 -59
789051841681654144 -990 -110 7
789051841721341184 -1088 -93 -5
789051841761028096 -1030 -93 60
789051841800715136 -950 -76 44
789051841840402048 -860 -77 37
789051841880088960 -863 -91 24
789051841919776000 -909 -94 44
789051841959462912 -927 -85 27
789051841999149952 -982 -104 64
789051842038836864 -1020 -114 88
789051842078523776 -1027 -87 180
789051842118210816 -1063 -83 123
789051842157897728 -1106 -108 127
789051842197584768 -1155 -179 -126
789051842237271680 -873 -98 -169
789051842276958592 -833 -54 -76
789051842316645632 -990 -107 -71
789051842356332544 -1081 -114 -83
789051842396019584 -1032 -122 -31
789051842435706556 -985 -139 4
789051842475394304 -988 -136 -11
789051842515082112 -946 -146 -17
789051842554769920 -979 -161 -130
789051842594457728 -941 -66 -135
789051842634145536 -942 11 -149
789051842673833344 -1022 55 -166
789051842713521152 -1005 87 -86
789051842753208960 -929 78 -73
789051842792896768 -952 32 -82
789051842832584576 -1004 -54 -147
789051842872272384 -1026 -112 -169
789051842911960192 -1061 -147 -106
789051842951648000 -1035 -153 -102
789051842991335808 -935 -203 -48
789051843031023616 -927 -259 4
789051843070711424 -964 -296 -54
789051843110399232 -952 -259 -116
789051843150087040 -1009 -214 -111
789051843189774848 -1003 -202 -78
789051843229462784 -977 -217 -74
789051843269150592 -924 -229 -92
789051843308838400 -920 -233 -93
789051843348526208 -936 -224 -86
789051843388214016 -958 -218 -65
789051843427901824 -976 -208 -41
789051843467589632 -985 -193 10
789051843507277440 -966 -226 -19
789051843546965248 -1040 -212 -75
789051843586653056 -1207 -240 -86
789051843626340864 -1218 -217 -153
789051843666028672 -1031 -56 -173
789051843705716480 -862 99 -191
789051843745404288 -787 86 -245
789051843785092096 -951 6 -182
789051843824779904 -1047 -39 -161
789051843864467772 -1018 -24 -123
789051843904129280 -888 2 -76
789051843943790848 -884 30 -69
789051843983452288 -934 35 -61
789051844023113856 -928 47 -38
789051844062775424 -931 74 0
789051844102436992 -935 68 7
789051844142098432 -961 80 -3
789051844181760000 -1007 97 -9
789051844221421568 -1045 94 20
789051844261083008 -1175 27 37
789051844300744576 -1214 -41 -38
789051844340406144 -1240 53 -154
789051844380067712 -1052 -3 -232
789051844419729152 -858 -63 -212
789051844459390720 -786 -206 -264
789051844499052288 -871 -225 -233
789051844538713728 -989 -127 -147
789051844578375296 -1022 -29 -124
789051844618036864 -942 -9 -42
789051844657698432 -853 9 -20
789051844697359872 -862 -2 -25
789051844737021440 -907 -58 4
789051844776683008 -923 -95 18
789051844816344448 -912 -81 11
789051844856006016 -1011 -84 -12
789051844895667584 -1167 -128 0
789051844935329152 -1283 -126 -29
789051844974990592 -1233 -68 -99
789051845014652160 -1084 -24 -362
789051845054313728 -900 98 -254
789051845093975168 -820 120 -281
789051845133636736 -917 92 -249
789051845173298304 -1013 -11 -250
789051845212959872 -1000 -47 -202
789051845252621312 -886 -22 -95
789051845292282898 -845 -8 -71
789051845331960576 -876 -27 -41
789051845371638272 -893 -34 -15
789051845411315840 -888 -16 26
789051845450993536 -913 -45 0
789051845490671104 -980 -38 -24
789051845530348800 -1070 30 -11
789051845570026368 -1253 11 48
789051845609704064 -1243 27 28
789051845649381632 -1243 -37 -137
789051845689059328 -1042 -85 -277
789051845728737024 -821 -148 -226
789051845768414592 -833 -162 -182
789051845808092288 -936 -117 -116
789051845847769856 -985 -81 -135
789051845887447552 -940 -84 -109
789051845927125120 -889 -64 -52
789051845966802816 -867 -45 -34
789051846006480384 -885 -45 -17
789051846046158080 -896 -73 4
789051846085835776 -907 -81 21
789051846125513344 -969 -94 9
789051846165191040 -1113 -168 16
789051846204868608 -1248 -180 75
789051846244546304 -1248 -141 49
789051846284223872 -1175 -95 -148
789051846323901568 -1019 37 -248
789051846363579136 -958 89 -194
789051846403256832 -853 133 -172
789051846442934528 -917 37 -135
789051846482612096 -993 -100 -130
789051846522289792 -968 -130 -72
789051846561967360 -866 -101 -40
789051846601645056 -833 -55 -55
789051846641322624 -891 -1 2
789051846681000320 -912 2 20
789051846720677898 -896 -66 -16
789051846760343680 -972 -50 9
789051846800009472 -1137 0 78
789051846839675264 -1245 -45 152
789051846879340928 -1199 -43 119
789051846919006720 -1195 -96 -41
789051846958672512 -1011 -130 -152
789051846998338304 -852 -159 -184
789051847038004096 -828 -228 -162
789051847077669888 -895 -234 -94
789051847117335552 -1007 -163 -50
789051847157001344 -943 -70 -14
789051847196667136 -901 -51 15
789051847236332928 -850 -48 42
789051847275998720 -865 -83 50
789051847315664512 -907 -104 41
789051847355330176 -905 -124 68
789051847394995968 -951 -150 111
789051847434661760 -1050 -197 49
789051847474327552 -1132 -183 80
789051847513993344 -1223 -121 116
789051847553659136 -1206 -162 18
789051847593324800 -1169 -109 -152
789051847632990592 -946 34 -251
789051847672656384 -887 97 -275
789051847712322176 -921 49 -136
789051847751987968 -957 -37 -141
789051847791653760 -983 -127 -124
789051847831319424 -934 -81 -85
789051847870985216 -851 -49 -41
789051847910651008 -895 -28 3
789051847950316800 -898 -9 40
789051847989982592 -863 -42 38
789051848029648384 -859 -94 -3
789051848069314048 -977 -63 40
789051848108979840 -1164 -4 108
789051848148645640 -1266 -30 142
789051848188305408 -1218 -60 65
789051848227965184 -1136 -156 -191
789051848267625088 -975 -150 -243
789051848307284864 -846 -133 -200
789051848346944768 -853 -94 -100
789051848386604544 -970 -86 -104
789051848426264448 -1011 -60 -88
789051848465924224 -944 -81 -60
789051848505584128 -854 -67 -11
789051848545243904 -850 -81 -12
789051848584903808 -897 -72 2
789051848624563584 -920 -58 8
789051848664223488 -971 -38 59
789051848703883264 -1039 -66 56
789051848743543168 -1122 -192 63
789051848783202944 -1261 -151 84
789051848822862848 -1159 -118 7
789051848862522624 -1055 -61 -153
789051848902182528 -922 35 -234
789051848941842304 -911 42 -232
789051848981502080 -939 41 -186
789051849021161984 -1005 -14 -139
789051849060821760 -1010 -68 -111
789051849100481664 -934 -43 -74
789051849140141440 -894 -53 -47
789051849179801344 -918 -55 -38
789051849219461120 -925 -40 -34
789051849259121024 -918 -42 -14
789051849298780800 -916 -42 -15
789051849338440704 -984 -30 -16
789051849378100480 -1012 33 -3
789051849417760384 -1078 16 65
789051849457420160 -1170 -47 113
789051849497080064 -1183 -19 41
789051849536739840 -1144 -5 -50
789051849576399754 -932 -6 -111
789051849616079872 -773 -97 -181
789051849655760000 -797 -132 -140
789051849695440256 -996 -77 -147
789051849735120384 -1086 -36 -137
789051849774800640 -1079 20 -68
789051849814480768 -1026 12 -45
789051849854161024 -932 9 -67
789051849893841152 -909 14 -53
789051849933521280 -982 -25 -94
789051849973201536 -978 -24 -151
789051850012881664 -924 -4 -139
789051850052561920 -971 -52 -112
789051850092242048 -1035 -121 -25
789051850131922176 -1038 -162 -55
789051850171602432 -981 -174 -31
789051850211282560 -1035 -106 -86
789051850250962816 -964 -5 -95
789051850290642944 -911 123 -114
789051850330323200 -936 210 -146
789051850370003328 -972 164 -75
789051850409683456 -984 124 -34
789051850449363712 -975 101 -77
789051850489043840 -1035 126 -80
789051850528724096 -1047 104 -81
789051850568404224 -1049 99 -84
789051850608084352 -1032 64 -113
789051850647764608 -982 25 -117
789051850687444736 -923 22 -84
789051850727124992 -917 32 -46
789051850766805120 -944 53 -41
789051850806485376 -986 62 -39
789051850846165504 -1001 74 -14
789051850885845632 -1015 59 13
789051850925525888 -1002 47 -6
789051850965206016 -1007 88 -20
789051851004886286 -1159 145 -58
789051851044567296 -1093 -47 -182
789051851084248320 -1075 -184 -321
789051851123929344 -1031 -176 -229
789051851163610368 -862 -105 -180
789051851203291392 -812 -94 -153
789051851242972416 -977 -137 -166
789051851282653440 -995 -202 -151
789051851322334464 -1030 -178 -7
789051851362015488 -987 -109 29
789051851401696512 -921 -79 -6
789051851441377536 -910 -57 25
789051851481058560 -900 -70 81
789051851520739712 -903 -94 55
789051851560420736 -938 -107 46
789051851600101760 -996 -121 13
789051851639782784 -1054 -213 29
789051851679463808 -1137 -217 103
789051851719144832 -1241 -231 37
789051851758825856 -1174 -85 -43
789051851798506880 -970 59 -185
789051851838187904 -848 156 -239
789051851877868928 -907 158 -246
789051851917549952 -1018 66 -185
789051851957230976 -1022 -26 -169
789051851996912000 -1002 -78 -108
789051852036593024 -940 -47 -28
789051852076274048 -844 -13 -6
789051852115955072 -836 -16 5
789051852155636096 -867 -13 35
789051852195317120 -908 1 56
789051852234998144 -920 -4 61
789051852274679168 -994 -8 37
789051852314360192 -1082 19 28
789051852354041216 -1154 20 68
789051852393722368 -1233 -16 78
789051852433403358 -1236 -45 -137
789051852473047936 -1135 -47 -206
789051852512692480 -933 -8 -210
789051852552337152 -825 -122 -194
789051852591981696 -897 -185 -132
789051852631626240 -955 -120 -110
789051852671270784 -926 -53 -70
789051852710915456 -917 -46 -88
789051852750560000 -867 -28 -24
789051852790204544 -848 -59 1
789051852829849088 -890 -70 7
789051852869493760 -915 -91 9
789051852909138304 -960 -98 29
789051852948782848 -1025 -113 -22
789051852988427392 -1146 -149 28
789051853028072064 -1314 -135 85
789051853067716608 -1331 -120 -51
789051853107361152 -1048 -36 -270
789051853147005696 -890 11 -270
789051853186650368 -891 72 -197
789051853226294912 -915 33 -161
789051853265939456 -939 -115 -121
789051853305584000 -915 -100 -95
789051853345228672 -858 -50 -47
789051853384873216 -839 -9 -15
789051853424517760 -907 4 17
789051853464162432 -926 -18 54
789051853503806976 -930 -34 34
789051853543451520 -962 -50 9
789051853583096064 -1027 14 3
789051853622740736 -1116 9 73
789051853662385280 -1224 -47 27
789051853702029824 -1198 -49 -78
789051853741674368 -1090 -98 -220
789051853781319040 -988 -158 -218
789051853820963584 -854 -154 -147
789051853860608148 -894 -119 -106
789051853900261120 -1032 -37 -116
789051853939914112 -960 -21 -45
789051853979567232 -891 -8 -6
789051854019220224 -800 -60 10
789051854058873344 -822 -97 1
789051854098526336 -883 -156 39
789051854138179456 -968 -118 44
789051854177832448 -1007 -33 55
789051854217485568 -1089 -149 60
789051854257138560 -1219 -165 142
789051854296791680 -1219 -127 48
789051854336444672 -1164 -47 -41
789051854376097792 -995 92 -271
789051854415750784 -883 43 -341
789051854455403904 -878 53 -216
789051854495056896 -952 51 -157
789051854534710016 -1001 -72 -114
789051854574363008 -1026 -114 -16
789051854614016128 -949 -64 -25
789051854653669120 -870 -27 -22
789051854693322240 -850 16 17
789051854732975232 -865 22 32
789051854772628352 -894 4 58
789051854812281344 -937 -19 39
789051854851934464 -1007 24 33
789051854891587456 -1094 23 80
789051854931240576 -1230 -49 115
789051854970893568 -1262 -51 -16
789051855010546688 -1230 -63 -154
789051855050199680 -975 -110 -214
789051855089852800 -847 -179 -227
789051855129505792 -882 -166 -176
789051855169158912 -1006 -38 -144
789051855208811904 -980 30 -99
789051855248465024 -888 26 -35
789051855288118108 -786 -18 -22
789051855327785600 -874 -77 -51
789051855367453056 -919 -127 -16
789051855407120512 -921 -115 44
789051855446787968 -936 -88 62
789051855486455424 -1011 -104 33
789051855526122880 -1091 -186 34
789051855565790336 -1252 -159 108
789051855605457920 -1222 -86 90
789051855645125376 -1145 -13 -115
789051855684792832 -955 34 -239
789051855724460288 -885 61 -261
789051855764127744 -897 47 -134
789051855803795200 -945 0 -136
789051855843462656 -975 -77 -117
789051855883130112 -975 -43 -73
789051855922797568 -924 -24 -25
789051855962465024 -938 -22 -7
789051856002132480 -919 -10 15
789051856041799936 -884 -28 32
789051856081467392 -838 -52 25
789051856121134976 -919 -72 28
789051856160802432 -1025 5 -16
789051856200469888 -1070 57 37
789051856240137344 -1255 -56 136
789051856279804800 -1239 -75 33
789051856319472256 -1108 -92 -107
789051856359139712 -906 -100 -140
789051856398807168 -803 -103 -191
789051856438474624 -933 -131 -148
789051856478142080 -1007 -92 -120
789051856517809536 -1039 -55 -62
789051856557476992 -983 -98 -42
789051856597144448 -922 -105 -36
789051856636811904 -913 -112 -35
789051856676479488 -916 -93 -26
789051856716146872 -917 -70 -11
789051856755798144 -963 -122 -4
789051856795449472 -1018 -208 19
789051856835100800 -966 -202 -10
789051856874752256 -1060 -134 26
789051856914403584 -1175 -118 33
789051856954054912 -1212 -164 -95
789051856993706240 -958 -120 -110
789051857033357696 -722 -21 -94
789051857073009024 -793 -21 -152
789051857112660352 -1025 -88 -146
789051857152311680 -1119 -98 -174
789051857191963136 -1054 -110 -68
789051857231614464 -1006 -134 -22
789051857271265792 -929 -96 -111
789051857310917120 -910 -91 -174
789051857350568576 -925 -77 -181
789051857390219904 -963 -25 -202
789051857429871232 -1009 -3 -221
789051857469522560 -1068 24 -154
789051857509174016 -1014 85 -122
789051857548825344 -988 53 -120
789051857588476672 -964 -56 -117
789051857628128000 -936 -151 -145
789051857667779456 -936 -240 -141
789051857707430784 -957 -292 -111
789051857747082112 -1006 -305 -80
789051857786733440 -994 -320 -66
789051857826384896 -980 -284 -77
789051857866036224 -964 -286 -119
789051857905687552 -990 -287 -133
789051857945338880 -945 -276 -135
789051857984990336 -929 -240 -100
789051858024641664 -946 -209 -73
789051858064292992 -931 -207 -38
789051858103944320 -934 -210 -25
789051858143595830 -949 -228 -25
789051858183253120 -958 -231 -15
789051858222910464 -965 -226 -2
789051858262567680 -988 -219 15
789051858302225024 -1009 -218 -7
789051858341882240 -1029 -242 -8
789051858381539584 -1049 -236 9
789051858421196928 -1036 -192 5
789051858460854144 -1017 -108 -72
789051858500511488 -1012 -65 -185
789051858540168704 -947 -21 -231
789051858579826048 -908 -6 -201
789051858619483392 -971 -31 -131
789051858659140608 -1058 -80 -89
789051858698797952 -1009 -58 -62
789051858738455168 -913 -32 -30
789051858778112512 -898 -28 -11
789051858817769856 -921 -46 -32
789051858857427072 -940 -10 -44
789051858897084416 -929 28 -4
789051858936741632 -945 33 17
789051858976398976 -978 -12 82
789051859016056320 -977 -13 -19
789051859055713536 -1029 55 -11
789051859095370880 -1129 34 97
789051859135028096 -1239 -7 54
789051859174685440 -1191 -67 -36
789051859214342784 -1114 -180 -207
789051859254000000 -903 -145 -260
789051859293657344 -820 -154 -223
789051859333314560 -851 -147 -170
789051859372971904 -943 -101 -112
789051859412629248 -1034 -62 -64
789051859452286464 -967 -80 -14
789051859491943808 -907 -88 58
789051859531601152 -901 -61 58
789051859571258386 -904 -49 53
789051859610923264 -911 -73 85
789051859650588160 -919 -76 74
789051859690253056 -953 -88 61
789051859729918080 -1012 -144 20
789051859769582976 -1066 -151 35
789051859809247872 -1184 -127 75
789051859848912768 -1206 -198 -21
789051859888577664 -1253 -103 -139
789051859928242688 -1057 19 -264
789051859967907584 -783 124 -228
789051860007572480 -788 72 -170
789051860047237376 -962 -11 -181
789051860086902272 -1070 -86 -214
789051860126567296 -1010 -63 -116
789051860166232192 -883 -33 -60
789051860205897088 -885 -26 -22
789051860245561984 -912 -23 -17
789051860285226880 -913 -5 -1
789051860324891904 -904 -3 20
789051860364556800 -906 -47 32
789051860404221696 -963 -56 12
789051860443886592 -1045 -11 16
789051860483551616 -1215 -54 101
789051860523216512 -1242 -38 90
789051860562881408 -1219 -55 -94
789051860602546304 -992 -59 -230
789051860642211200 -843 -109 -243
789051860681876224 -875 -123 -160
789051860721541120 -971 -83 -86
789051860761206016 -1023 3 -70
789051860800870912 -956 -19 -37
789051860840535808 -869 -44 3
789051860880200832 -836 -64 15
789051860919865728 -859 -78 18
789051860959530624 -900 -81 56
789051860999195588 -911 -67 52
789051861038883456 -995 -62 61
789051861078571264 -1102 -161 31
789051861118259072 -1231 -138 97
789051861157946880 -1231 -77 100
789051861197634688 -1240 -23 -50
789051861237322496 -1045 -35 -254
789051861277010304 -854 81 -243
789051861316698112 -788 107 -145
789051861356385920 -920 39 -139
789051861396073728 -1037 -79 -133
789051861435761536 -1011 -97 -102
789051861475449344 -899 -87 -37
789051861515137152 -875 -73 -33
789051861554824960 -914 -33 -20
789051861594512768 -923 -5 -2
789051861634200576 -903 -16 7
789051861673888384 -935 -64 5
789051861713576320 -1012 -91 -45
789051861753264128 -1081 -34 52
789051861792951936 -1238 -39 124
789051861832639744 -1182 11 104
789051861872327552 -1182 -22 -25
789051861912015360 -1039 -112 -159
789051861951703168 -820 -153 -222
789051861991390976 -837 -208 -206
789051862031078784 -951 -153 -155
789051862070766592 -1034 -86 -111
789051862110454400 -1003 -50 -42
789051862150142208 -898 -47 -2
789051862189830016 -855 -60 23
789051862229517824 -874 -80 21
789051862269205632 -916 -94 45
789051862308893440 -919 -95 56
789051862348581248 -938 -88 47
789051862388269056 -1020 -109 42
789051862427956812 -1120 -163 49
789051862467617536 -1159 -104 150
789051862507278208 -1113 -98 128
789051862546938880 -1144 -80 75
789051862586599552 -1053 -48 -136
789051862626260224 -836 50 -257
789051862665920896 -849 103 -166
789051862705581696 -931 40 -166
789051862745242368 -1028 -72 -108
789051862784903040 -1049 -119 -84
789051862824563712 -941 -76 -32
789051862864224384 -899 -25 -21
789051862903885056 -915 -13 -9
789051862943545728 -930 -34 6
789051862983206400 -907 -47 1
789051863022867072 -861 -80 7
789051863062527744 -930 -120 23
789051863102188544 -1052 -62 11
789051863141849216 -1147 -17 79
789051863181509888 -1230 -33 106
789051863221170560 -1226 -30 72
789051863260831232 -1144 -90 -63
789051863300491904 -921 -111 -238
789051863340152576 -778 -178 -255
789051863379813248 -872 -198 -142
789051863419473920 -1001 -131 -113
789051863459134592 -1039 -60 -73
789051863498795264 -978 -40 -37
789051863538456064 -896 -53 -6
789051863578116736 -839 -74 2
789051863617777408 -859 -52 20
789051863657438080 -904 -50 54
789051863697098752 -920 -24 64
789051863736759424 -974 -61 52
789051863776420096 -1049 -99 51
789051863816080768 -1129 -107 103
789051863855741446 -1216 -62 147
789051863895399552 -1189 -99 72
789051863935057664 -1140 -97 -81
789051863974715776 -936 -34 -274
789051864014374016 -820 51 -251
789051864054032128 -870 47 -162
789051864093690240 -996 29 -146
789051864133348352 -1047 -36 -122
789051864173006592 -1048 -76 -111
789051864212664704 -970 -30 -55
789051864252322816 -912 10 -47
789051864291980928 -905 16 -9
789051864331639168 -892 0 -11
789051864371297280 -879 -8 -3
789051864410955392 -911 -19 -7
789051864450613504 -993 -14 -24
789051864490271616 -1033 35 21
789051864529929856 -1097 19 126
789051864569587968 -1226 -63 121
789051864609246080 -1246 -55 23
789051864648904192 -1109 -33 -109
789051864688562432 -804 -36 -226
789051864728220544 -706 -62 -151
789051864767878656 -936 0 -34
789051864807536768 -1069 7 -151
789051864847194880 -1076 29 -103
789051864886853120 -1033 9 17
789051864926511232 -954 -27 -32
789051864966169344 -918 2 -55
789051865005827456 -925 13 -54
789051865045485696 -931 24 -89
789051865085143808 -926 -12 -124
789051865124801920 -977 -109 -132
789051865164460032 -1036 -178 -128
789051865204118272 -1011 -189 -61
789051865243776384 -986 -106 -35
789051865283434528 -1044 -10 -148
789051865323120640 -1103 4 -194
789051865362806784 -991 45 -164
789051865402492928 -867 109 -127
789051865442178944 -888 146 -55
789051865481865088 -975 129 -77
789051865521551232 -1021 89 -67
789051865561237376 -1038 66 -93
789051865600923392 -1048 37 -72
789051865640609536 -1031 40 -73
789051865680295680 -981 40 -84
789051865719981824 -952 41 -84
789051865759667968 -949 58 -83
789051865799353984 -978 72 -76
789051865839040128 -973 68 -77
789051865878726272 -976 60 -57
789051865918412416 -1013 67 -62
789051865958098432 -1028 75 -53
789051865997784576 -1039 80 -59
789051866037470720 -1070 63 -96
789051866077156864 -1081 45 -88
789051866116842880 -1077 -7 -127
789051866156529024 -977 -77 -99
789051866196215168 -858 -173 -110
789051866235901312 -828 -226 -137
789051866275587456 -985 -201 -81
789051866315273472 -1063 -209 -94
789051866354959616 -1054 -175 2
789051866394645760 -935 -131 73
789051866434331904 -855 -106 22
789051866474017920 -884 -96 25
789051866513704064 -921 -127 23
789051866553390208 -938 -127 15
789051866593076352 -913 -114 42
789051866632762496 -936 -112 23
789051866672448512 -983 -153 19
789051866712134668 -1089 -210 78
789051866751819136 -1186 -205 102
789051866791503616 -1142 -194 60
789051866831187968 -1111 -157 20
789051866870872448 -1006 -116 -53
789051866910556800 -857 -22 -125
789051866950241280 -856 42 -161
789051866989925632 -941 -11 -145
789051867029610112 -1021 -36 -128
789051867069294464 -1042 -112 -65
789051867108978944 -984 -134 21
789051867148663296 -969 -91 12
789051867188347776 -926 -94 -9
789051867228032128 -926 -95 -8
789051867267716608 -913 -80 -5
789051867307401088 -914 -50 0
789051867347085440 -928 -61 40
789051867386769920 -1017 -53 32
789051867426454272 -1036 -4 8
789051867466138752 -1034 25 80
789051867505823104 -1084 7 99
789051867545507584 -1115 1 84
789051867585191936 -1132 -6 32
789051867624876416 -1101 -23 0
789051867664560768 -974 -71 -134
789051867704245248 -813 -111 -143
789051867743929600 -818 -166 -73
789051867783614080 -938 -177 -61
789051867823298560 -1073 -197 -44
789051867862982912 -1065 -153 1
789051867902667392 -956 -100 84
789051867942351744 -851 -76 47
789051867982036224 -871 -66 13
789051868021720576 -946 -71 15
789051868061405056 -978 -48 39
789051868101089408 -984 -78 63
789051868140773818 -1006 -161 72
789051868180420096 -1075 -136 77
789051868220066432 -1131 -70 103
789051868259712640 -1188 -65 46
789051868299358976 -1105 -135 -91
789051868339005184 -841 -42 -100
789051868378651520 -770 -40 -107
789051868418297728 -918 -135 -95
789051868457944064 -1045 -186 -104
789051868497590272 -1081 -203 -21
789051868537236608 -1008 -190 -3
789051868576882816 -982 -126 -14
789051868616529152 -971 -102 -47
789051868656175360 -928 -82 -44
789051868695821696 -923 -44 -48
789051868735467904 -942 -34 -48
789051868775114240 -976 -19 -30
789051868814760448 -975 14 -36
789051868854406784 -979 63 -11
789051868894052992 -1007 61 -11
789051868933699328 -1062 25 -4
789051868973345536 -1109 -66 -25
789051869012991872 -1038 -163 -78
789051869052638080 -936 -224 -82
789051869092284416 -847 -266 -133
789051869131930624 -821 -292 -126
789051869171576960 -965 -275 -111
789051869211223168 -1063 -230 -88
789051869250869504 -1040 -200 -70
789051869290515712 -1008 -200 -31
789051869330162048 -977 -221 -65
789051869369808256 -967 -209 -97
789051869409454592 -975 -186 -78
789051869449100800 -969 -160 -65
789051869488747136 -923 -150 -76
789051869528393344 -942 -154 -46
789051869568039624 -977 -186 -50
789051869607705472 -977 -213 -61
789051869647371264 -993 -207 -59
789051869687037056 -1013 -183 -75
789051869726702848 -976 -158 -91
789051869766368512 -980 -135 -111
789051869806034304 -1027 -133 -92
789051869845700096 -1060 -141 -130
789051869885365888 -1052 -100 -136
789051869925031680 -1137 -62 -198
789051869964697472 -1043 -22 -195
789051870004363136 -856 30 -151
789051870044028928 -823 59 -129
789051870083694720 -978 60 -140
789051870123360512 -1043 58 -158
789051870163026304 -1006 53 -56
789051870202692096 -952 28 -12
789051870242357760 -932 18 -20
789051870282023552 -921 9 -12
789051870321689344 -925 9 3
789051870361355136 -943 21 5
789051870401020928 -954 20 4
789051870440686720 -1008 29 5
789051870480352384 -1027 51 3
789051870520018176 -1019 58 51
789051870559683968 -1065 9 85
789051870599349760 -1127 22 84
789051870639015552 -1191 29 21
789051870678681344 -1129 21 -72
789051870718347008 -906 -35 -158
789051870758012800 -765 -78 -99
789051870797678592 -814 -88 -98
789051870837344384 -981 -91 -110
789051870877010176 -1083 -85 -61
789051870916675968 -1027 -31 12
789051870956341632 -922 -17 20
789051870996007376 -896 -32 17
789051871035687552 -929 -66 13
789051871075367680 -974 -101 13
789051871115047936 -933 -92 23
789051871154728064 -919 -65 48
789051871194408320 -980 -90 -17
789051871234088448 -1037 -100 -22
789051871273768704 -1081 -77 38
789051871313448832 -1122 -47 -10
789051871353128960 -1203 -40 -124
789051871392809216 -1217 -31 -231
789051871432489344 -931 55 -149
789051871472169600 -718 139 -167
789051871511849728 -810 100 -147
789051871551529856 -1011 61 -185
789051871591210112 -1082 28 -220
789051871630890240 -971 31 -81
789051871670570496 -908 52 -52
789051871710250624 -919 64 -55
789051871749930880 -900 48 -68
789051871789611008 -885 15 -127
789051871829291136 -943 4 -147
789051871868971392 -1037 72 -153
789051871908651520 -1095 129 -111
789051871948331776 -1075 80 -132
789051871988011904 -1111 7 -295
789051872027692032 -1045 -111 -298
789051872067372288 -904 -135 -322
789051872107052416 -901 -144 -239
789051872146732672 -1053 -75 -290
789051872186412800 -1023 -34 -260
789051872226093056 -956 7 -193
789051872265773184 -906 15 -256
789051872305453312 -961 2 -270
789051872345133568 -1018 -29 -231
789051872384813696 -983 -96 -170
789051872424493910 -890 -179 -205
789051872464177536 -893 -220 -236
789051872503861120 -868 -234 -284
789051872543544704 -790 -195 -311
789051872583228288 -767 -44 -429
789051872622911872 -745 78 -435
789051872662595456 -890 44 -430
789051872702278912 -998 -52 -403
789051872741962496 -1016 17 -407
789051872781646080 -952 82 -386
789051872821329664 -813 112 -405
789051872861013248 -810 54 -478
789051872900696832 -793 -33 -465
789051872940380416 -784 -63 -529
789051872980064000 -691 -12 -637
789051873019747584 -782 46 -653
789051873059431168 -805 -6 -547
789051873099114752 -720 -100 -638
789051873138798336 -642 -186 -762
789051873178481792 -756 -124 -766
789051873218165376 -796 -130 -765
789051873257848960 -648 -117 -699
789051873297532544 -597 -122 -782
789051873337216128 -625 -162 -776
789051873376899712 -639 -138 -813
789051873416583296 -585 -125 -813
789051873456266880 -555 -98 -885
789051873495950464 -591 -93 -872
789051873535634048 -590 -80 -913
789051873575317632 -550 -67 -899
789051873615001088 -547 -111 -947
789051873654684672 -550 -120 -929
789051873694368256 -566 -132 -928
789051873734051840 -565 -147 -917
789051873773735424 -565 -104 -903
789051873813419008 -585 -113 -917
789051873853102530 -613 -140 -976
789051873892772608 -643 -98 -936
789051873932442624 -691 -106 -906
789051873972112640 -712 -112 -837
789051874011782656 -753 -99 -780
789051874051452672 -847 -129 -774
789051874091122688 -987 -133 -756
789051874130792704 -1075 -129 -460
789051874170462720 -1202 -147 -288
789051874210132736 -1000 -111 -244
789051874249802752 -730 -81 -250
789051874289472768 -681 -47 -264
789051874329142656 -833 -46 -298
789051874368812672 -966 -2 -251
789051874408482688 -1040 -52 -151
789051874448152704 -1025 -101 -23
789051874487822720 -911 -97 44
789051874527492736 -810 -120 21
789051874567162752 -794 -83 32
789051874606832768 -921 -69 166
789051874646502784 -1110 -85 165
789051874686172800 -1033 -82 302
789051874725842816 -1012 -117 262
789051874765512832 -1024 -56 93
789051874805182848 -946 -48 22
789051874844852864 -924 -55 22
789051874884522880 -897 -40 22
789051874924192896 -818 -45 96
789051874963862912 -908 -95 57
789051875003532928 -1008 -104 -5
789051875043202944 -1171 -88 91
789051875082872960 -1082 -97 121
789051875122542848 -947 -99 74
789051875162212864 -1018 -11 165
789051875201882880 -988 -98 92
789051875241552896 -976 -91 5
789051875281222878 -939 -104 -1
789051875320911616 -1000 -102 37
789051875360600320 -1021 -84 67
789051875400288896 -947 -34 68
789051875439977600 -924 -41 111
789051875479666304 -981 -61 -2
789051875519354880 -1023 -87 44
789051875559043584 -1028 -60 44
789051875598732288 -933 -63 5
789051875638420864 -952 -33 -4
789051875678109568 -944 7 34
789051875717798144 -998 -6 74
789051875757486848 -1014 -128 45
789051875797175552 -1016 -213 129
789051875836864128 -981 -184 50
789051875876552832 -950 -131 46
789051875916241536 -973 -101 59
789051875955930112 -988 -83 45
789051875995618816 -1015 -81 39
789051876035307520 -1010 -90 6
789051876074996096 -1021 -96 22
789051876114684800 -1007 -92 46
789051876154373504 -996 -92 17
789051876194062080 -1013 -107 27
789051876233750784 -974 -91 23
789051876273439488 -1008 -69 22
789051876313128064 -990 -47 -11
789051876352816768 -949 -55 31
789051876392505472 -942 -88 28
789051876432194048 -999 -104 81
789051876471882752 -1017 -97 96
789051876511571328 -970 -85 82
789051876551260032 -977 -89 122
789051876590948736 -946 -91 82
789051876630637312 -1006 -74 99
789051876670326016 -988 -98 123
789051876710014606 -973 -95 84
789051876749688832 -971 -97 69
789051876789363072 -995 -109 64
789051876829037312 -951 -121 150
789051876868711552 -1000 -114 109
789051876908385792 -1010 -83 117
789051876948060032 -950 -61 82
789051876987734272 -934 -48 111
789051877027408512 -974 -50 121
789051877067082752 -990 -51 98
789051877106756992 -999 -48 110
789051877146431360 -1000 -57 106
789051877186105600 -984 -73 84
789051877225779840 -993 -83 94
789051877265454080 -987 -83 115
789051877305128320 -963 -82 139
789051877344802560 -985 -88 133
789051877384476800 -998 -83 170
789051877424151040 -995 -84 176
789051877463825280 -983 -82 122
789051877503499520 -969 -67 168
789051877543173760 -950 24 153
789051877582848000 -880 16 125
789051877622522240 -928 -76 154
789051877662196480 -980 -145 156
789051877701870720 -982 -171 148
789051877741544960 -996 -127 127
789051877781219200 -986 -97 106
789051877820893440 -1009 -83 79
789051877860567808 -1005 -64 68
789051877900242048 -977 -57 83
789051877939916288 -973 -65 98
789051877979590528 -1003 -73 88
789051878019264768 -996 -70 83
789051878058939008 -984 -61 63
789051878098613248 -983 -55 71
789051878138287498 -991 -57 56
789051878177950720 -991 -51 74
789051878217613952 -989 -53 78
789051878257277184 -1018 -54 77
789051878296940416 -941 -82 15
789051878336603648 -973 -55 26
789051878376266880 -1068 -24 96
789051878415930112 -1032 -59 88
789051878455593344 -976 -102 38
789051878495256576 -972 -92 34
789051878534919808 -953 -80 57
789051878574583040 -959 -46 115
789051878614246272 -980 -39 120
789051878653909504 -978 -48 113
789051878693572736 -981 -78 108
789051878733235968 -965 -84 64
789051878772899072 -997 -65 78
789051878812562304 -1003 -70 73
789051878852225536 -975 -77 77
789051878891888768 -982 -60 84
789051878931552000 -982 -47 67
789051878971215232 -987 -58 47
789051879010878464 -1008 -90 51
789051879050541696 -991 -93 57
789051879090204928 -982 -89 81
789051879129868160 -959 -102 80
789051879169531392 -978 -123 63
789051879209194624 -967 -45 75
789051879248857856 -993 -91 54
789051879288521088 -993 -103 45
789051879328184320 -946 -83 90
789051879367847552 -1003 -54 108
789051879407510784 -984 -22 65
789051879447174016 -976 5 23
789051879486837248 -1033 -34 41
789051879526500480 -1011 -82 93
789051879566163696 -941 -148 118
789051879605826048 -966 -117 108
789051879645488384 -1011 -66 27
789051879685150848 -1011 -47 31
789051879724813184 -962 -97 97
789051879764475520 -963 -100 87
789051879804137984 -980 -93 25
789051879843800320 -995 -60 42
789051879883462656 -1013 -42 55
789051879923125120 -1014 -60 33
789051879962787456 -1019 -91 19
789051880002449792 -1015 -96 -21
789051880042112256 -975 -86 46
789051880081774592 -916 -6 123
789051880121436928 -1021 -26 67
789051880161099392 -1008 -54 47
789051880200761728 -944 -78 30
789051880240424064 -969 -91 26
789051880280086528 -994 -91 35
789051880319748864 -982 -77 45
789051880359411200 -991 -83 37
789051880399073664 -1000 -86 27
789051880438736000 -985 -78 21
789051880478398336 -1002 -79 50
789051880518060800 -957 -74 44
789051880557723136 -937 -63 68
789051880597385472 -993 -87 57
789051880637047936 -982 -104 39
789051880676710272 -999 -120 56
789051880716372608 -1006 -101 40
789051880756035072 -999 -81 66
789051880795697408 -963 -58 97
789051880835359744 -996 -54 80
789051880875022208 -996 -80 81
789051880914684544 -993 -80 78
789051880954347008 -970 -84 72
789051880994009352 -985 -84 52
789051881033653120 -984 -81 49
789051881073296896 -977 -69 46
789051881112940544 -994 -80 60
789051881152584320 -996 -85 52
789051881192228096 -983 -87 54
789051881231871744 -1004 -71 52
789051881271515520 -990 -68 54
789051881311159168 -979 -72 52
789051881350802944 -1000 -62 31
789051881390446720 -987 -70 48
789051881430090368 -992 -80 44
789051881469734144 -990 -86 39
789051881509377920 -986 -89 42
789051881549021568 -984 -86 42
789051881588665344 -989 -85 39
789051881628309120 -991 -80 41
789051881667952768 -993 -71 32
789051881707596544 -985 -75 44
789051881747240192 -979 -70 34
789051881786883968 -989 -80 34
789051881826527744 -1000 -77 40
789051881866171392 -993 -70 43
789051881905815168 -989 -70 46
789051881945458944 -981 -74 51
789051881985102592 -961 -84 55
789051882024746368 -970 -91 60
789051882064390144 -995 -60 83
789051882104033792 -986 -59 52
789051882143677568 -990 -43 16
789051882183321216 -975 -65 29
789051882222964992 -1010 -78 4
789051882262608768 -983 -102 -53
789051882302252416 -996 -118 -64
789051882341896192 -996 -107 -87
789051882381539968 -981 -119 -133
789051882421183618 -999 -165 -116
789051882460848512 -981 -170 -121
789051882500513408 -981 -141 -120
789051882540178304 -959 -136 -150
789051882579843328 -985 -150 -131
789051882619508224 -983 -174 -144
789051882659173120 -982 -178 -139
789051882698838016 -972 -179 -141
789051882738502912 -967 -175 -152
789051882778167936 -963 -175 -147
789051882817832832 -975 -186 -148
789051882857497728 -976 -196 -142
789051882897162624 -957 -196 -126
789051882936827648 -951 -204 -119
789051882976492544 -975 -195 -144
789051883016157440 -1004 -188 -116
789051883055822336 -964 -194 -139
789051883095487232 -966 -186 -118
789051883135152256 -962 -192 -102
789051883174817152 -964 -191 -99
789051883214482048 -972 -197 -82
789051883254146944 -979 -169 -87
789051883293811840 -987 -154 -72
789051883333476864 -973 -170 -95
789051883373141760 -970 -173 -73
789051883412806656 -978 -162 -63
789051883452471552 -992 -131 -56
789051883492136448 -987 -127 -56
789051883531801472 -973 -127 -53
789051883571466368 -994 -130 -44
789051883611131264 -989 -122 -47
789051883650796160 -998 -106 -42
789051883690461056 -974 -106 -40
789051883730126080 -974 -129 -42
789051883769790976 -984 -141 -47
789051883809455872 -983 -130 -46
789051883849120836 -987 -118 -50
789051883888791808 -988 -119 -43
789051883928462720 -980 -128 -47
789051883968133504 -980 -124 -44
789051884007804416 -985 -120 -50
789051884047475200 -985 -124 -52
789051884087146112 -979 -117 -48
789051884126816896 -985 -115 -48
789051884166487808 -984 -129 -41
789051884206158720 -984 -124 -49
789051884245829504 -986 -121 -43
789051884285500416 -980 -124 -52
789051884325171200 -993 -122 -40
789051884364842112 -985 -117 -48
789051884404512896 -981 -121 -51
789051884444183808 -985 -123 -50
789051884483854720 -981 -123 -53
789051884523525504 -982 -119 -45
789051884563196416 -986 -119 -45
789051884602867200 -987 -115 -43
789051884642538112 -980 -119 -46
789051884682208896 -981 -121 -48
789051884721879808 -985 -117 -49
789051884761550720 -986 -115 -41
789051884801221504 -986 -124 -42
789051884840892416 -983 -124 -45
789051884880563200 -987 -118 -46
789051884920234112 -991 -110 -42
789051884959904896 -973 -119 -43
789051884999575808 -988 -112 -32
789051885039246592 -969 -112 -35
789051885078917504 -975 -112 -38
789051885118588416 -976 -131 -31
789051885158259200 -982 -114 -31
789051885197930112 -989 -99 -30
789051885237600896 -998 -114 -27
789051885277271680 -1009 -105 -69
789051885316944256 -944 -101 -72
789051885356616832 -975 -116 31
789051885396289408 -1013 -103 -5
789051885435961856 -1012 -84 -53
789051885475634432 -966 -98 -31
789051885515307008 -969 -113 -19
789051885554979584 -1004 -90 -42
789051885594652160 -996 -82 -15
789051885634324736 -974 -91 -11
789051885673997184 -989 -109 -44
789051885713669760 -1005 -136 -56
789051885753342336 -977 -110 -32
789051885793014912 -960 -92 -38
789051885832687488 -993 -90 -30
789051885872359936 -994 -99 -18
789051885912032512 -989 -96 -25
789051885951705088 -996 -89 -27
789051885991377664 -997 -89 -28
789051886031050240 -994 -92 -21
789051886070722816 -989 -93 -28
789051886110395264 -979 -95 -25
789051886150067840 -1002 -92 -13
789051886189740416 -1008 -90 -16
789051886229412992 -970 -71 -20
789051886269085568 -982 -69 -15
789051886308758016 -980 -82 11
789051886348430592 -991 -84 14
789051886388103168 -987 -76 14
789051886427775744 -991 -76 -5
789051886467448320 -999 -69 -9
789051886507120896 -982 -74 -15
789051886546793344 -993 -66 -10
789051886586465920 -987 -66 -10
789051886626138496 -998 -59 -12
789051886665811072 -986 -60 -10
789051886705483582 -990 -68 -9
789051886745136512 -996 -71 -3
789051886784789504 -989 -76 -11
789051886824442624 -988 -78 -6
789051886864095616 -990 -79 -3
789051886903748736 -987 -76 -2
789051886943401728 -985 -74 1
789051886983054848 -992 -72 -1
789051887022707840 -991 -73 -5
789051887062360960 -966 -78 -23
789051887102013952 -975 -64 33
789051887141667072 -978 -48 15
789051887181320064 -1001 -57 6
789051887220973184 -1008 -112 -34
789051887260626176 -987 -100 11
789051887300279296 -984 -84 13
789051887339932288 -1007 -66 -11
789051887379585408 -987 -68 -8
789051887419238400 -985 -77 8
789051887458891520 -991 -77 -10
789051887498544512 -985 -52 -5
789051887538197632 -976 -91 16
789051887577850624 -997 -89 -5
789051887617503744 -991 -87 -10
789051887657156736 -986 -96 0
789051887696809856 -985 -100 1
789051887736462848 -974 -90 -10
789051887776115968 -979 -89 52
789051887815768960 -988 -92 14
789051887855422080 -1013 -87 -8
789051887895075072 -988 -84 -28
789051887934728192 -975 -71 -25
789051887974381184 -991 -82 -20
789051888014034304 -994 -86 -10
789051888053687296 -983 -86 22
789051888093340416 -991 -98 18
789051888132993536 -996 -97 4
789051888172666880 -1005 -90 -11
789051888212340224 -987 -84 -13
789051888252013696 -976 -86 -6
789051888291687040 -1004 -78 5
789051888331360512 -998 -60 -4
789051888371033856 -975 -75 5
789051888410707328 -1003 -82 -4
789051888450380672 -1007 -79 -10
789051888490054144 -984 -79 13
789051888529727488 -978 -86 7
789051888569400832 -1008 -86 6
789051888609074304 -1006 -86 3
789051888648747648 -994 -83 4
789051888688421120 -1005 -67 -8
789051888728094464 -967 -102 44
789051888767767936 -991 -104 18
789051888807441280 -1002 -104 25
789051888847114752 -975 -95 15
789051888886788096 -976 -73 20
789051888926461440 -981 -69 47
789051888966134912 -989 -40 23
789051889005808256 -977 -36 40
789051889045481728 -993 -37 38
789051889085155072 -982 -33 28
789051889124828544 -984 -42 18
789051889164501888 -988 -47 27
789051889204175360 -991 -54 22
789051889243848704 -995 -57 20
789051889283522048 -991 -53 14
789051889323195520 -991 -59 16
789051889362868864 -996 -65 21
789051889402542336 -991 -55 21
789051889442215680 -991 -53 16
789051889481889152 -994 -51 21
789051889521562496 -989 -58 9
789051889561235960 -999 -52 7
789051889600900096 -991 -49 9
789051889640564224 -987 -44 4
789051889680228224 -985 -55 5
789051889719892352 -997 -56 0
789051889759556352 -988 -57 5
789051889799220480 -990 -58 2
789051889838884608 -994 -58 7
789051889878548608 -983 -66 4
789051889918212736 -994 -62 6
789051889957876736 -991 -63 5
789051889997540864 -993 -60 0
789051890037204864 -986 -58 0
789051890076868992 -994 -56 -1
789051890116533120 -991 -58 1
789051890156197120 -990 -60 -2
789051890195861248 -990 -57 -5
789051890235525248 -994 -57 0
789051890275189376 -992 -62 0
789051890314853504 -995 -63 -2
789051890354517504 -993 -58 3
789051890394181632 -986 -61 4
789051890433845632 -997 -58 0
789051890473509760 -996 -54 3
789051890513173760 -993 -57 0
789051890552837888 -986 -64 2
789051890592502016 -995 -59 4
789051890632166016 -989 -56 3
789051890671830144 -990 -59 12
789051890711494144 -994 -67 6
789051890751158272 -986 -63 11
789051890790822400 -990 -56 9
789051890830486400 -990 -58 14
789051890870150528 -992 -61 12
789051890909814528 -983 -58 15
789051890949478656 -992 -62 19
789051890989142660 -987 -64 28
789051891028792320 -1006 -73 22
789051891068441984 -977 -56 -3
789051891108091648 -925 -45 11
789051891147741312 -981 -58 111
789051891187390976 -1007 -39 58
789051891227040640 -1015 -59 33
789051891266690304 -997 -64 -33
789051891306339968 -970 -58 -25
789051891345989632 -982 -59 -11
789051891385639296 -977 -37 29
789051891425288960 -990 -49 37
789051891464938624 -1015 -72 7
789051891504588288 -1003 -92 -28
789051891544237952 -994 -90 -47
789051891583887616 -983 -78 -55
789051891623537280 -978 -80 -41
789051891663186944 -1003 -90 -39
789051891702836608 -998 -103 -52
789051891742486272 -986 -120 -82
789051891782135936 -982 -118 -60
789051891821785600 -974 -120 -75
789051891861435264 -990 -126 -77
789051891901084928 -991 -146 -88
789051891940734592 -984 -140 -96
789051891980384256 -979 -143 -116
789051892020033920 -980 -158 -117
789051892059683584 -970 -177 -122
789051892099333248 -976 -180 -131
789051892138982912 -972 -185 -125
789051892178632576 -967 -183 -125
789051892218282240 -974 -189 -130
789051892257931904 -970 -190 -153
789051892297581568 -982 -190 -102
789051892337231232 -988 -189 -96
789051892376880896 -980 -177 -110
789051892416530530 -972 -173 -124
789051892456189568 -971 -171 -132
789051892495848576 -966 -176 -129
789051892535507584 -975 -179 -125
789051892575166592 -992 -182 -112
789051892614825472 -983 -174 -97
789051892654484480 -972 -165 -112
789051892694143488 -972 -164 -116
789051892733802496 -974 -167 -102
789051892773461504 -975 -171 -113
789051892813120512 -980 -171 -93
789051892852779392 -978 -165 -94
789051892892438400 -979 -153 -88
789051892932097408 -987 -160 -79
789051892971756416 -1008 -166 -79
789051893011415424 -987 -156 -112
789051893051074432 -935 -158 -74
789051893090733440 -973 -160 -45
789051893130392320 -969 -153 -50
789051893170051328 -971 -127 -41
789051893209710336 -963 -41 -56
789051893249369344 -1008 -52 -126
789051893289028352 -958 -171 -74
789051893328687360 -1014 -215 -24
789051893368346368 -947 -213 -70
789051893408005248 -968 -214 -44
789051893447664256 -986 -213 -41
789051893487323264 -1010 -185 -36
789051893526982272 -989 -166 -21
789051893566641280 -982 -115 10
789051893606300288 -991 -66 43
789051893645959168 -987 -22 53
789051893685618176 -991 6 49
789051893725277184 -1008 7 34
789051893764936192 -987 -19 28
789051893804595200 -971 -33 24
789051893844254126 -996 -37 44
789051893883910528 -1001 -58 46
789051893923566976 -999 -62 53
789051893963223424 -982 -76 63
789051894002879872 -987 -61 69
789051894042536320 -980 -46 58
789051894082192768 -973 -46 46
789051894121849216 -933 -57 52
789051894161505664 -1009 -28 48
789051894201162112 -984 -60 63
789051894240818560 -1013 -83 87
789051894280475008 -1016 -74 108
789051894320131456 -978 -52 75
789051894359787904 -992 -81 69
789051894399444352 -988 -110 22
789051894439100800 -1028 -77 41
789051894478757248 -992 -23 114
789051894518413696 -936 -18 107
789051894558070144 -946 -37 81
789051894597726592 -1016 -135 91
789051894637383040 -1001 -169 99
789051894677039488 -931 -119 96
789051894716695936 -949 -93 51
789051894756352384 -989 -88 63
789051894796008832 -1015 -56 73
789051894835665280 -988 -46 79
789051894875321728 -1016 -48 93
789051894914978176 -990 -58 92
789051894954634624 -975 -74 85
789051894994291072 -978 -89 97
789051895033947392 -968 -95 77
789051895073603840 -975 -87 95
789051895113260288 -980 -80 104
789051895152916736 -993 -90 133
789051895192573184 -969 -94 102
789051895232229632 -971 -95 115
789051895271886172 -954 -82 125
789051895311538432 -969 -93 122
789051895351190656 -981 -80 141
789051895390842880 -962 -64 186
789051895430495104 -977 -70 168
789051895470147200 -986 -84 168
789051895509799424 -966 -77 156
789051895549451648 -966 -73 159
789051895589103872 -972 -90 145
789051895628756096 -980 -99 146
789051895668408320 -977 -97 168
789051895708060544 -970 -94 165
789051895747712768 -978 -92 156
789051895787364864 -971 -84 166
789051895827017088 -972 -82 146
789051895866669312 -968 -78 154
789051895906321536 -979 -85 150
789051895945973760 -978 -72 153
789051895985625984 -974 -78 146
789051896025278208 -979 -83 142
789051896064930304 -967 -89 138
789051896104582528 -968 -88 125
789051896144234752 -981 -85 117
789051896183886976 -976 -87 117
789051896223539200 -976 -82 128
789051896263191424 -989 -61 146
789051896302843648 -982 -62 116
789051896342495744 -981 -57 112
789051896382147968 -974 -73 118
789051896421800192 -982 -73 125
789051896461452416 -986 -64 120
789051896501104640 -980 -65 109
789051896540756864 -989 -66 117
789051896580409088 -994 -66 120
789051896620061312 -974 -61 124
789051896659713408 -986 -56 126
789051896699365608 -984 -60 125
789051896739019520 -983 -66 118
789051896778673408 -980 -67 113
789051896818327296 -978 -57 111
789051896857981184 -977 -61 127
789051896897635072 -982 -72 139
789051896937289088 -976 -74 131
789051896976942976 -976 -75 129
789051897016596864 -972 -66 127
789051897056250752 -981 -56 141
789051897095904640 -989 -91 154
789051897135558528 -961 -76 132
789051897175212416 -954 -67 125
789051897214866304 -979 -56 126
789051897254520320 -981 -60 140
789051897294174208 -985 -83 122
789051897333828096 -995 -104 138
789051897373481984 -992 -76 158
789051897413135872 -959 -34 140
789051897452789760 -967 -21 154
789051897492443648 -994 -39 171
789051897532097536 -922 -36 160
789051897571751424 -911 -86 140
789051897611405440 -961 -100 138
789051897651059328 -975 -105 161
789051897690713216 -1001 -93 158
789051897730367104 -1002 -51 132
789051897770020992 -979 -16 119
789051897809674880 -995 -26 116
789051897849328768 -1000 -60 114
789051897888982656 -975 -68 119
789051897928636672 -983 -62 123
789051897968290560 -987 -52 125
789051898007944448 -973 -45 125
789051898047598336 -968 -43 122
789051898087252224 -978 -68 140
789051898126906114 -983 -75 121
789051898166554112 -980 -76 111
789051898206202112 -982 -72 115
789051898245850112 -979 -63 128
789051898285497984 -986 -52 115
789051898325145984 -984 -45 104
789051898364793984 -973 -41 96
789051898404441984 -990 -57 105
789051898444089856 -992 -65 117
789051898483737856 -993 -83 114
789051898523385856 -982 -91 108
789051898563033856 -977 -89 94
789051898602681728 -984 -90 92
789051898642329728 -990 -76 106
789051898681977728 -973 -58 110
789051898721625728 -981 -53 102
789051898761273600 -983 -61 109
789051898800921600 -979 -60 116
789051898840569600 -983 -60 115
789051898880217600 -977 -69 111
789051898919865472 -975 -68 120
789051898959513472 -971 -66 123
789051898999161472 -975 -72 112
789051899038809472 -972 -70 115
789051899078457344 -975 -67 117
789051899118105344 -983 -64 126
789051899157753344 -976 -55 130
789051899197401344 -978 -57 138
789051899237049216 -981 -59 142
789051899276697216 -968 -53 131
789051899316345216 -982 -62 124
789051899355993216 -975 -75 135
789051899395641088 -976 -70 134
789051899435289088 -988 -67 132
789051899474937088 -979 -73 124
789051899514585088 -979 -71 122
789051899554232976 -983 -66 133
789051899593891968 -974 -69 136
789051899633550976 -980 -62 135
789051899673209984 -980 -56 137
789051899712868992 -981 -57 132
789051899752527872 -961 -64 129
789051899792186880 -972 -52 139
789051899831845888 -982 -59 133
789051899871504896 -985 -71 122
789051899911163904 -980 -72 114
789051899950822912 -980 -64 124
789051899990481792 -979 -71 123
789051900030140800 -979 -66 117
789051900069799808 -972 -63 122
789051900109458816 -980 -62 123
789051900149117824 -983 -63 124
789051900188776832 -982 -68 119
789051900228435840 -979 -68 121
789051900268094720 -983 -69 110
789051900307753728 -975 -66 125
789051900347412736 -999 -71 138
789051900387071744 -967 -52 127
789051900426730752 -972 -54 107
789051900466389760 -983 -56 115
789051900506048640 -995 -72 119
789051900545707648 -979 -76 114
789051900585366656 -968 -73 116
789051900625025664 -970 -70 119
789051900664684672 -976 -69 114
789051900704343680 -978 -81 111
789051900744002688 -986 -78 117
789051900783661568 -985 -76 113
789051900823320576 -993 -61 108
789051900862979584 -984 -56 114
789051900902638592 -977 -61 110
789051900942297600 -988 -64 112
789051900981956556 -984 -70 108
789051901021620736 -982 -69 113
789051901061284864 -977 -65 116
789051901100948864 -986 -60 109
789051901140612992 -982 -63 109
789051901180276992 -976 -61 110
789051901219941120 -980 -60 112
789051901259605248 -979 -62 117
789051901299269248 -983 -64 120
789051901338933376 -983 -62 121
789051901378597376 -972 -60 109
789051901418261504 -973 -64 118
789051901457925632 -973 -67 119
789051901497589632 -972 -66 111
789051901537253760 -982 -60 117
789051901576917760 -982 -64 121
789051901616581888 -979 -69 118
789051901656245888 -981 -69 118
789051901695910016 -976 -69 122
789051901735574144 -984 -68 118
789051901775238144 -980 -70 122
789051901814902272 -982 -69 119
789051901854566272 -982 -68 120
789051901894230400 -982 -67 119
789051901933894528 -984 -65 120
789051901973558528 -985 -67 115
789051902013222656 -972 -65 117
789051902052886656 -981 -58 142
789051902092550784 -973 -56 156
789051902132214912 -988 -58 162
789051902171878912 -986 -86 146
789051902211543040 -1004 -107 78
789051902251207040 -976 -34 110
789051902290871168 -928 -22 117
789051902330535296 -931 -52 127
789051902370199296 -993 -93 139
789051902409863282 -989 -99 146
789051902449522304 -980 -81 130
789051902489181312 -981 -56 121
789051902528840320 -991 -40 127
789051902568499328 -981 -54 119
789051902608158208 -978 -76 110
789051902647817216 -984 -81 114
789051902687476224 -980 -72 115
789051902727135232 -984 -67 114
789051902766794240 -989 -76 116
789051902806453248 -982 -77 110
789051902846112128 -979 -70 116
789051902885771136 -967 -75 118
789051902925430144 -972 -73 103
789051902965089152 -994 -72 112
789051903004748160 -984 -65 110
789051903044407168 -983 -74 106
789051903084066176 -984 -80 109
789051903123725056 -974 -83 106
789051903163384064 -983 -83 102
789051903203043072 -979 -71 105
789051903242702080 -982 -70 100
789051903282361088 -979 -73 102
789051903322020096 -983 -70 104
789051903361678976 -982 -74 105
789051903401337984 -979 -77 103
789051903440996992 -977 -79 107
789051903480656000 -978 -75 113
789051903520315008 -983 -72 106
789051903559974016 -985 -64 107
789051903599632896 -985 -67 108
789051903639291904 -979 -71 105
789051903678950912 -982 -62 106
789051903718609920 -986 -51 111
789051903758268928 -982 -53 118
789051903797927936 -977 -64 114
789051903837586852 -979 -67 123
789051903877219584 -975 -74 117
789051903916852352 -981 -65 116
789051903956484992 -981 -62 114
789051903996117760 -983 -61 115
789051904035750400 -978 -58 116
789051904075383168 -982 -58 119
789051904115015808 -981 -57 117
789051904154648576 -979 -60 118
789051904194281216 -977 -59 118
789051904233913984 -977 -58 120
789051904273546624 -983 -60 119
789051904313179392 -978 -63 120
789051904352812160 -981 -57 117
789051904392444800 -980 -55 127
789051904432077568 -973 -53 121
789051904471710208 -979 -59 115
789051904511342976 -986 -56 119
789051904550975616 -982 -57 119
789051904590608384 -979 -58 117
789051904630241024 -979 -58 126
789051904669873792 -977 -64 121
789051904709506432 -979 -58 120
789051904749139200 -978 -61 123
789051904788771968 -980 -57 121
789051904828404608 -979 -59 118
789051904868037376 -982 -59 119
789051904907670016 -982 -58 119
789051904947302784 -988 -55 128
789051904986935424 -983 -56 132
789051905026568192 -979 -55 129
789051905066200832 -975 -52 123
789051905105833600 -975 -51 135
789051905145466240 -979 -58 131
789051905185099008 -982 -47 132
789051905224731776 -974 -47 135
789051905264364402 -976 -63 127
789051905303996288 -978 -75 130
789051905343628160 -982 -77 124
789051905383260032 -975 -75 145
789051905422891904 -972 -71 156
789051905462523776 -974 -75 145
789051905502155648 -968 -73 144
789051905541787392 -956 -64 141
789051905581419264 -968 -53 158
789051905621051136 -979 -36 141
789051905660683008 -973 -33 143
789051905700314880 -977 -33 146
789051905739946752 -978 -34 138
789051905779578624 -978 -36 137
789051905819210496 -977 -30 134
789051905858842368 -978 -30 134
789051905898474240 -980 -31 132
789051905938106112 -981 -31 135
789051905977737984 -981 -29 131
789051906017369856 -983 -28 124
789051906057001600 -987 -30 128
789051906096633472 -979 -26 122
789051906136265344 -987 -32 161
789051906175897216 -977 -31 130
789051906215529088 -977 -36 132
789051906255160960 -979 -36 132
789051906294792832 -977 -40 149
789051906334424704 -982 -40 135
789051906374056576 -971 -38 145
789051906413688448 -974 -39 143
789051906453320320 -977 -39 140
789051906492952064 -974 -40 134
789051906532583936 -971 -40 135
789051906572215808 -978 -40 139
789051906611847680 -976 -40 145
789051906651479552 -978 -41 144
789051906691111410 -982 -41 146
789051906730739072 -981 -43 146
789051906770366720 -987 -43 144
789051906809994368 -997 -31 142
789051906849621888 -975 -19 126
789051906889249536 -951 -16 148
789051906928877184 -938 -34 187
789051906968504832 -963 -57 200
789051907008132480 -978 -63 175
789051907047760000 -995 -28 142
789051907087387648 -1005 -62 100
789051907127015296 -981 -74 102
789051907166642944 -969 -73 125
789051907206270592 -973 -59 132
789051907245898240 -980 -63 163
789051907285525760 -989 -67 159
789051907325153408 -984 -65 124
789051907364781056 -949 -45 123
789051907404408704 -949 -75 111
789051907444036352 -992 -79 122
789051907483663872 -974 -85 153
789051907523291520 -966 -94 147
789051907562919168 -967 -87 160
789051907602546816 -974 -77 129
789051907642174464 -985 -73 122
789051907681801984 -998 -83 109
789051907721429632 -990 -73 108
789051907761057280 -995 -67 118
789051907800684928 -994 -57 122
789051907840312576 -985 -51 101
789051907879940096 -959 -45 122
789051907919567744 -953 -62 168
789051907959195392 -972 -90 154
789051907998823040 -958 -87 170
789051908038450688 -979 -92 127
789051908078078336 -982 -95 118
789051908117705860 -998 -92 115
789051908157355520 -983 -92 104
789051908197005184 -978 -82 101
789051908236654848 -974 -71 110
789051908276304512 -991 -67 119
789051908315954176 -990 -87 126
789051908355603840 -986 -87 123
789051908395253504 -982 -91 137
789051908434903168 -980 -98 112
789051908474552832 -1000 -95 102
789051908514202496 -947 -73 117
789051908553852160 -944 -50 159
789051908593501824 -969 -57 163
789051908633151488 -970 -60 181
789051908672801152 -993 -76 125
789051908712450816 -1013 -61 110
789051908752100480 -1017 -50 104
789051908791750144 -964 -59 82
789051908831399808 -908 -81 158
789051908871049472 -958 -97 219
789051908910699136 -978 -90 192
789051908950348800 -972 -92 122
789051908989998464 -979 -91 75
789051909029648128 -977 -83 117
789051909069297792 -1016 -81 108
789051909108947456 -984 -91 114
789051909148597120 -974 -87 133
789051909188246784 -932 -87 123
789051909227896448 -988 -90 155
789051909267546112 -982 -90 142
789051909307195776 -984 -95 135
789051909346845440 -981 -101 114
789051909386495104 -973 -89 85
789051909426144768 -989 -95 110
789051909465794432 -1006 -76 111
789051909505444096 -948 -76 137
789051909545093728 -955 -74 157
789051909584749312 -974 -79 130
789051909624404864 -981 -80 123
789051909664060544 -985 -80 107
789051909703716096 -982 -90 82
789051909743371648 -979 -75 96
789051909783027328 -979 -41 118
789051909822682880 -983 -82 140
789051909862338560 -998 -99 116
789051909901994112 -984 -91 102
789051909941649664 -976 -82 109
789051909981305344 -974 -77 96
789051910020960896 -980 -86 97
789051910060616448 -997 -90 98
789051910100272128 -992 -77 107
789051910139927680 -977 -61 103
789051910179583232 -983 -46 107
789051910219238912 -994 -59 100
789051910258894464 -1003 -72 109
789051910298550016 -986 -79 96
789051910338205696 -968 -60 139
789051910377861248 -989 -63 119
789051910417516928 -975 -93 105
789051910457172480 -994 -96 106
789051910496828032 -983 -94 101
789051910536483712 -969 -76 140
789051910576139264 -972 -62 149
789051910615794816 -971 -67 127
789051910655450496 -966 -66 134
789051910695106048 -965 -62 145
789051910734761600 -975 -67 121
789051910774417280 -976 -62 130
789051910814072832 -975 -61 146
789051910853728384 -972 -56 164
789051910893384064 -979 -66 145
789051910933039616 -974 -70 157
789051910972695248 -980 -76 151
789051911012353408 -969 -75 145
789051911052011520 -963 -70 154
789051911091669632 -978 -63 146
789051911131327872 -983 -52 131
789051911170985984 -984 -50 138
789051911210644096 -978 -51 141
789051911250302208 -982 -63 127
789051911289960448 -974 -67 135
789051911329618560 -976 -66 135
789051911369276672 -980 -58 129
789051911408934784 -989 -51 132
789051911448593024 -1013 -52 149
789051911488251136 -990 -59 153
789051911527909248 -990 -52 148
789051911567567360 -988 -67 142
789051911607225472 -958 -61 156
789051911646883712 -935 -67 163
789051911686541824 -962 -70 145
789051911726199936 -966 -72 148
789051911765858048 -967 -72 153
789051911805516288 -981 -69 125
789051911845174400 -977 -67 129
789051911884832512 -970 -69 132
789051911924490624 -978 -67 163
789051911964148864 -977 -69 165
789051912003806976 -968 -66 154
789051912043465088 -975 -74 149
789051912083123200 -974 -81 159
789051912122781440 -976 -75 149
789051912162439552 -981 -66 169
789051912202097664 -970 -61 161
789051912241755776 -972 -58 159
789051912281413888 -976 -61 151
789051912321072128 -976 -66 148
789051912360730240 -977 -68 154
789051912400388354 -974 -64 157
789051912440037120 -981 -68 156
789051912479685888 -991 -76 155
789051912519334784 -975 -82 155
789051912558983552 -966 -72 165
789051912598632448 -969 -72 167
789051912638281216 -973 -61 151
789051912677929984 -970 -60 160
789051912717578880 -968 -63 160
789051912757227648 -959 -69 168
789051912796876416 -972 -78 180
789051912836525312 -978 -78 157
789051912876174080 -968 -67 173
789051912915822848 -976 -79 162
789051912955471744 -975 -88 161
789051912995120512 -979 -98 145
789051913034769408 -969 -98 152
789051913074418176 -983 -93 128
789051913114066944 -989 -93 148
789051913153715840 -968 -81 148
789051913193364608 -959 -69 157
789051913233013504 -968 -62 161
789051913272662272 -978 -75 162
789051913312311040 -979 -72 148
789051913351959936 -974 -64 148
789051913391608704 -976 -67 149
789051913431257472 -978 -64 149
789051913470906368 -979 -70 139
789051913510555136 -981 -71 144
789051913550203904 -978 -72 144
789051913589852800 -980 -74 145
789051913629501568 -980 -71 145
789051913669150464 -976 -62 146
789051913708799232 -977 -69 149
789051913748448000 -987 -74 152
789051913788096896 -972 -72 145
789051913827745730 -977 -73 150
789051913867411584 -986 -76 158
789051913907077376 -980 -75 143
789051913946743168 -972 -70 148
789051913986408832 -966 -61 158
789051914026074624 -973 -56 150
789051914065740416 -977 -58 151
789051914105406208 -973 -67 154
789051914145072000 -970 -71 165
789051914184737792 -965 -73 162
789051914224403456 -967 -73 151
789051914264069248 -964 -74 149
789051914303735040 -974 -73 159
789051914343400832 -976 -73 152
789051914383066624 -975 -68 161
789051914422732416 -973 -67 162
789051914462398080 -975 -67 162
789051914502063872 -977 -70 164
789051914541729664 -976 -68 162
789051914581395456 -976 -72 161
789051914621061248 -974 -71 159
789051914660727040 -972 -71 160
789051914700392704 -970 -64 166
789051914740058496 -977 -67 161
789051914779724288 -980 -69 168
789051914819390080 -972 -65 157
789051914859055872 -975 -61 166
789051914898721664 -971 -63 157
789051914938387328 -979 -69 157
789051914978053120 -980 -70 156
789051915017718912 -975 -71 156
789051915057384704 -974 -70 157
789051915097050496 -974 -70 161
789051915136716288 -976 -70 151
789051915176381952 -974 -68 153
789051915216047744 -977 -70 155
789051915255713452 -976 -67 152
789051915295398656 -975 -69 151
789051915335083904 -975 -71 148
789051915374769152 -977 -73 151
789051915414454400 -975 -70 150
789051915454139776 -977 -72 151
789051915493825024 -976 -68 153
789051915533510272 -976 -69 143
789051915573195520 -980 -68 157
789051915612880768 -986 -66 162
789051915652566016 -976 -60 162
789051915692251392 -970 -61 160
789051915731936640 -976 -69 154
789051915771621888 -980 -66 160
789051915811307136 -974 -70 151
789051915850992384 -974 -60 165
789051915890677632 -969 -59 167
789051915930363008 -979 -57 157
789051915970048256 -978 -58 161
789051916009733504 -976 -63 171
789051916049418752 -968 -68 169
789051916089104000 -962 -63 180
789051916128789248 -965 -61 172
789051916168474624 -969 -65 175
789051916208159872 -970 -70 174
789051916247845120 -968 -65 164
789051916287530368 -968 -66 161
789051916327215616 -972 -63 168
789051916366900864 -976 -67 173
789051916406586112 -975 -70 173
789051916446271488 -973 -70 177
789051916485956736 -975 -68 176
789051916525641984 -968 -66 181
789051916565327232 -973 -65 185
789051916605012480 -964 -60 194
789051916644697728 -969 -56 196
789051916684383118 -968 -60 209
789051916724042112 -985 -65 175
789051916763701120 -974 -76 153
789051916803360128 -959 -64 153
789051916843019136 -951 -62 187
789051916882678016 -962 -63 201
789051916922337024 -970 -58 205
789051916961996032 -969 -50 198
789051917001655040 -964 -52 186
789051917041314048 -984 -61 178
789051917080973056 -980 -62 178
789051917120631936 -975 -67 170
789051917160290944 -972 -69 167
789051917199949952 -975 -63 179
789051917239608960 -974 -58 176
789051917279267968 -967 -59 182
789051917318926976 -969 -63 179
789051917358585984 -974 -61 177
789051917398244864 -973 -58 167
789051917437903872 -973 -57 173
789051917477562880 -971 -55 175
789051917517221888 -972 -54 176
789051917556880896 -973 -58 179
789051917596539904 -975 -61 170
789051917636198784 -973 -55 172
789051917675857792 -971 -56 172
789051917715516800 -973 -51 170
789051917755175808 -970 -54 172
789051917794834816 -975 -56 164
789051917834493824 -982 -56 177
789051917874152704 -977 -64 180
789051917913811712 -967 -59 176
789051917953470720 -975 -60 176
789051917993129728 -975 -60 173
789051918032788736 -976 -61 171
789051918072447744 -974 -58 167
789051918112106690 -979 -54 175
789051918151779328 -975 -56 173
789051918191451904 -971 -56 178
789051918231124480 -973 -55 175
789051918270796928 -974 -61 183
789051918310469504 -970 -59 192
789051918350142080 -966 -55 199
789051918389814656 -965 -57 194
789051918429487232 -960 -54 194
789051918469159808 -959 -58 193
789051918508832256 -965 -53 185
789051918548504832 -953 -59 186
789051918588177408 -966 -56 195
789051918627849984 -964 -60 203
789051918667522560 -969 -58 193
789051918707195008 -972 -58 195
789051918746867584 -972 -57 197
789051918786540160 -973 -58 195
789051918826212736 -966 -55 200
789051918865885312 -971 -57 189
789051918905557888 -971 -53 199
789051918945230336 -976 -56 206
789051918984902912 -969 -62 200
789051919024575488 -965 -67 203
789051919064248064 -975 -66 189
789051919103920640 -967 -64 177
789051919143593088 -958 -63 185
789051919183265664 -958 -63 193
789051919222938240 -956 -59 200
789051919262610816 -963 -68 181
789051919302283392 -965 -67 181
789051919341955968 -976 -66 196
789051919381628416 -975 -68 176
789051919421300992 -964 -66 175
789051919460973568 -974 -72 163
789051919500646144 -980 -76 170
789051919540318588 -979 -73 166
789051919579975936 -973 -68 169
789051919619633280 -967 -58 176
789051919659290496 -974 -63 163
789051919698947840 -972 -62 168
789051919738605056 -976 -59 167
789051919778262400 -976 -53 162
789051919817919744 -979 -57 165
789051919857576960 -974 -60 165
789051919897234304 -973 -60 165
789051919936891520 -977 -63 168
789051919976548864 -972 -69 158
789051920016206208 -970 -66 176
789051920055863424 -977 -68 172
789051920095520768 -973 -57 177
789051920135177984 -972 -61 177
789051920174835328 -969 -58 176
789051920214492672 -973 -64 172
789051920254149888 -975 -67 168
789051920293807232 -972 -63 164
789051920333464448 -972 -65 171
789051920373121792 -971 -64 173
789051920412779136 -972 -66 170
789051920452436352 -967 -65 168
789051920492093696 -971 -65 175
789051920531750912 -972 -60 178
789051920571408256 -971 -61 178
789051920611065600 -959 -59 185
789051920650722816 -1006 -51 224
789051920690380160 -1002 -58 110
789051920730037504 -893 -65 137
789051920769694720 -964 -61 181
789051920809352064 -985 -57 179
789051920849009280 -995 -60 171
789051920888666624 -991 -71 184
789051920928323968 -915 -70 168
789051920967981146 -957 -34 192
789051921007655424 -982 -33 204
789051921047329664 -996 -54 206
789051921087003904 -972 -58 160
789051921126678144 -941 -59 138
789051921166352384 -988 -66 155
789051921206026624 -999 -64 177
789051921245700864 -973 -68 170
789051921285375104 -953 -61 155
789051921325049344 -976 -55 166
789051921364723712 -973 -53 160
789051921404397952 -974 -59 168
789051921444072192 -977 -57 163
789051921483746432 -980 -57 167
789051921523420672 -985 -56 167
789051921563094912 -976 -60 161
789051921602769152 -969 -64 157
789051921642443392 -971 -57 146
789051921682117632 -972 -61 149
789051921721791872 -989 -61 152
789051921761466112 -980 -62 157
789051921801140352 -972 -62 152
789051921840814592 -971 -56 158
789051921880488832 -970 -59 156
789051921920163072 -977 -61 159
789051921959837312 -975 -64 158
789051921999511552 -973 -62 147
789051922039185792 -973 -60 153
789051922078860160 -976 -56 149
789051922118534400 -976 -55 152
789051922158208640 -974 -58 156
789051922197882880 -976 -59 157
789051922237557120 -979 -57 158
789051922277231360 -975 -61 148
789051922316905600 -974 -55 151
789051922356579840 -971 -61 149
789051922396254048 -979 -60 153
789051922435896960 -977 -57 157
789051922475539840 -974 -57 158
789051922515182720 -973 -57 153
789051922554825600 -976 -58 156
789051922594468480 -975 -61 156
789051922634111360 -976 -59 154
789051922673754240 -972 -54 156
789051922713397120 -976 -56 153
789051922753040000 -974 -58 158
789051922792682880 -977 -59 151
789051922832325760 -978 -62 157
789051922871968640 -979 -64 152
789051922911611520 -981 -58 156
789051922951254400 -974 -66 159
789051922990897280 -974 -56 152
789051923030540160 -969 -63 149
789051923070183040 -979 -63 147
789051923109825920 -983 -60 167
789051923149468800 -971 -62 157
789051923189111680 -969 -61 157
789051923228754560 -981 -62 161
789051923268397440 -978 -62 172
789051923308040320 -972 -61 164
789051923347683200 -974 -58 170
789051923387326208 -976 -57 171
789051923426969088 -973 -55 174
789051923466611968 -970 -57 176
789051923506254848 -967 -59 179
789051923545897728 -972 -59 184
789051923585540608 -975 -58 176
789051923625183488 -964 -54 184
789051923664826368 -970 -57 185
789051923704469248 -971 -58 194
789051923744112128 -976 -54 188
789051923783755008 -968 -53 196
789051923823397826 -964 -55 200
789051923863044096 -966 -57 211
789051923902690304 -963 -57 200
789051923942336640 -956 -56 211
789051923981982976 -960 -58 211
789051924021629184 -955 -56 201
789051924061275392 -952 -54 201
789051924100921728 -957 -54 204
789051924140568064 -963 -52 212
789051924180214272 -967 -54 212
789051924219860480 -964 -53 206
789051924259506816 -960 -58 211
789051924299153152 -967 -55 207
789051924338799360 -959 -56 212
789051924378445568 -981 -54 201
789051924418091904 -994 -49 179
789051924457738240 -938 -41 177
789051924497384448 -969 -57 211
789051924537030656 -958 -65 191
789051924576676992 -969 -66 209
789051924616323328 -971 -63 193
789051924655969536 -970 -63 183
789051924695615744 -967 -64 175
789051924735262080 -972 -65 175
789051924774908416 -974 -63 184
789051924814554624 -974 -60 181
789051924854200832 -974 -53 172
789051924893847168 -967 -59 165
789051924933493504 -975 -57 167
789051924973139712 -968 -55 176
789051925012785920 -976 -61 179
789051925052432256 -976 -66 185
789051925092078592 -969 -62 185
789051925131724800 -970 -60 181
789051925171371008 -974 -54 184
789051925211017344 -968 -54 183
789051925250663618 -969 -52 185
789051925290337920 -970 -48 187
789051925330012160 -972 -46 185
789051925369686400 -973 -48 180
789051925409360640 -971 -49 182
789051925449034880 -970 -51 181
789051925488709120 -969 -50 181
789051925528383360 -973 -52 183
789051925568057600 -975 -51 184
789051925607731840 -968 -52 175
789051925647406208 -972 -49 184
789051925687080448 -962 -50 181
789051925726754688 -975 -55 175
789051925766428928 -974 -56 178
789051925806103168 -969 -57 180
789051925845777408 -972 -58 177
789051925885451648 -972 -58 182
789051925925125888 -968 -56 175
789051925964800128 -972 -56 179
789051926004474368 -974 -56 177
789051926044148608 -974 -55 175
789051926083822848 -974 -56 173
789051926123497088 -972 -53 176
789051926163171328 -973 -55 177
789051926202845568 -974 -58 174
789051926242519808 -974 -58 178
789051926282194176 -979 -54 187
789051926321868416 -973 -52 184
789051926361542656 -971 -53 183
789051926401216896 -975 -54 183
789051926440891136 -969 -51 183
789051926480565376 -972 -52 183
789051926520239616 -973 -50 189
789051926559913856 -971 -53 187
789051926599588096 -961 -45 195
789051926639262336 -957 -52 197
789051926678936542 -971 -55 192
789051926718582912 -967 -51 196
789051926758229248 -962 -55 195
789051926797875456 -962 -54 193
789051926837521792 -962 -55 197
789051926877168000 -964 -55 193
789051926916814336 -964 -55 200
789051926956460544 -971 -57 200
789051926996106880 -966 -52 199
789051927035753088 -969 -53 191
789051927075399424 -971 -56 190
789051927115045632 -972 -53 183
789051927154691968 -970 -51 193
789051927194338176 -970 -56 186
789051927233984512 -961 -48 187
789051927273630720 -974 -44 184
789051927313277056 -979 -49 178
789051927352923264 -971 -50 178
789051927392569600 -964 -51 187
789051927432215808 -972 -53 182
789051927471862144 -974 -49 187
789051927511508352 -972 -49 186
789051927551154688 -968 -51 181
789051927590800896 -964 -58 179
789051927630447232 -973 -60 180
789051927670093440 -976 -54 187
789051927709739776 -967 -53 185
789051927749385984 -972 -54 184
789051927789032320 -963 -54 194
789051927828678528 -965 -61 205
789051927868324864 -979 -58 169
789051927907971072 -965 -47 170
789051927947617408 -975 -42 172
789051927987263616 -978 -50 162
789051928026909952 -977 -52 169
789051928066556160 -971 -50 175
789051928106202360 -973 -53 172
789051928145836800 -975 -52 175
789051928185471232 -971 -51 177
789051928225105664 -970 -50 177
789051928264739968 -972 -53 171
789051928304374400 -971 -48 172
789051928344008832 -974 -48 171
789051928383643264 -976 -51 175
789051928423277696 -973 -52 172
789051928462912000 -969 -51 178
789051928502546432 -969 -53 169
789051928542180864 -968 -55 161
789051928581815296 -983 -55 175
789051928621449600 -970 -48 171
789051928661084032 -993 -50 229
789051928700718464 -950 -42 284
789051928740352896 -950 -60 -44
789051928779987328 -985 -67 190
789051928819621632 -977 -66 129
789051928859256064 -959 -54 154
789051928898890496 -1000 -48 160
789051928938524928 -973 -54 139
789051928978159360 -980 -69 150
789051929017793664 -968 -72 149
789051929057428096 -970 -48 184
789051929097062528 -973 -43 129
789051929136696960 -983 -63 151
789051929176331264 -969 -67 134
789051929215965696 -971 -55 165
789051929255600128 -978 -49 123
789051929295234560 -1001 -53 141
789051929334868992 -968 -71 146
789051929374503296 -975 -54 140
789051929414137728 -982 -53 123
789051929453772160 -972 -61 121
789051929493406592 -980 -64 157
789051929533040936 -968 -66 183
789051929572679552 -977 -69 160
789051929612318208 -980 -57 156
789051929651956864 -987 -60 154
789051929691595520 -952 -56 142
789051929731234176 -983 -63 127
789051929770872832 -976 -59 135
789051929810511360 -973 -57 132
789051929850150016 -976 -55 123
789051929889788672 -979 -59 118
789051929929427328 -989 -57 120
789051929969065984 -984 -62 120
789051930008704640 -978 -64 118
789051930048343296 -980 -68 125
789051930087981952 -980 -66 126
789051930127620608 -977 -70 120
789051930167259264 -977 -66 127
789051930206897792 -978 -70 118
789051930246536448 -980 -68 119
789051930286175104 -988 -61 131
789051930325813760 -983 -62 137
789051930365452416 -971 -63 148
789051930405091072 -967 -58 151
789051930444729728 -978 -66 144
789051930484368384 -972 -60 140
789051930524007040 -976 -60 142
789051930563645696 -975 -59 136
789051930603284352 -977 -57 135
789051930642922880 -977 -55 141
789051930682561536 -975 -53 143
789051930722200192 -974 -55 140
789051930761838848 -973 -55 144
789051930801477504 -977 -60 141
789051930841116160 -979 -58 145
789051930880754816 -974 -64 145
789051930920393472 -975 -55 147
789051930960032112 -974 -60 151
789051930999695360 -976 -58 147
789051931039358592 -979 -54 152
789051931079021824 -975 -55 156
789051931118685056 -974 -59 153
789051931158348288 -977 -61 167
789051931198011520 -971 -61 158
789051931237674752 -969 -59 157
789051931277337984 -975 -63 162
789051931317001216 -976 -59 163
789051931356664448 -976 -57 158
789051931396327680 -975 -56 163
789051931435990912 -973 -56 165
789051931475654144 -973 -57 165
789051931515317376 -975 -58 166
789051931554980480 -975 -59 169
789051931594643712 -973 -60 162
789051931634306944 -971 -56 167
789051931673970176 -969 -57 165
789051931713633408 -973 -59 164
789051931753296640 -978 -55 169
789051931792959872 -973 -55 173
789051931832623104 -973 -57 164
789051931872286336 -971 -57 175
789051931911949568 -972 -61 167
789051931951612800 -971 -58 171
789051931991276032 -974 -57 169
789051932030939264 -974 -57 168
789051932070602496 -974 -56 164
789051932110265728 -973 -54 169
789051932149928960 -974 -54 168
789051932189592192 -972 -55 170
789051932229255424 -975 -55 169
789051932268918656 -977 -54 178
789051932308581888 -976 -51 171
789051932348245120 -973 -55 178
789051932387908298 -963 -51 181
789051932427570688 -973 -58 179
789051932467233024 -980 -54 177
789051932506895488 -972 -55 176
789051932546557824 -974 -57 179
789051932586220160 -972 -54 195
789051932625882624 -967 -55 188
789051932665544960 -959 -51 190
789051932705207296 -964 -53 191
789051932744869760 -968 -52 190
789051932784532096 -967 -55 187
789051932824194432 -963 -53 189
789051932863856896 -966 -55 187
789051932903519232 -963 -57 188
789051932943181568 -968 -56 193
789051932982844032 -975 -56 197
789051933022506368 -963 -56 194
789051933062168704 -962 -53 196
789051933101831168 -964 -52 196
789051933141493504 -967 -54 195
789051933181155840 -959 -47 192
789051933220818304 -975 -47 256
789051933260480640 -1181 -46 226
789051933300142976 -763 -47 129
789051933339805440 -932 -79 214
789051933379467776 -950 -71 204
789051933419130112 -935 -52 163
789051933458792576 -1016 -55 227
789051933498454912 -953 -57 240
789051933538117248 -931 -68 203
789051933577779712 -937 -66 189
789051933617442048 -1009 -54 220
789051933657104384 -955 -34 231
789051933696766848 -916 -40 203
789051933736429184 -967 -52 117
789051933776091648 -1020 -57 180
789051933815753954 -957 -58 155
789051933855409536 -947 -73 177
789051933895065088 -971 -90 118
789051933934720768 -992 -80 119
789051933974376320 -991 -66 127
789051934014031872 -982 -52 169
789051934053687552 -942 -49 209
789051934093343104 -1001 -46 106
789051934132998656 -1012 -48 134
789051934172654336 -958 -47 107
789051934212309888 -944 -58 111
789051934251965568 -933 -96 223
789051934291621120 -1025 -84 110
789051934331276672 -1005 -57 113
789051934370932352 -967 -41 108
789051934410587904 -961 -47 131
789051934450243456 -941 -68 224
789051934489899136 -1021 -45 78
789051934529554688 -1010 -40 115
789051934569210240 -952 -44 116
789051934608865920 -929 -78 110
789051934648521472 -971 -91 199
789051934688177024 -1040 -74 103
789051934727832704 -976 -44 112
789051934767488256 -943 -43 120
789051934807143936 -958 -65 128
789051934846799488 -982 -76 176
789051934886455040 -1014 -48 102
789051934926110720 -984 -39 103
789051934965766272 -948 -47 112
789051935005421824 -961 -68 117
789051935045077504 -972 -94 160
789051935084733056 -1035 -64 97
789051935124388608 -979 -43 101
789051935164044288 -944 -43 99
789051935203699840 -959 -64 108
789051935243355468 -973 -92 138
789051935283024640 -1037 -67 132
789051935322693760 -971 -34 75
789051935362363008 -982 -44 101
789051935402032128 -961 -79 92
789051935441701248 -955 -92 95
789051935481370496 -1014 -97 101
789051935521039616 -1015 -59 71
789051935560708736 -979 -37 109
789051935600377984 -937 -49 111
789051935640047104 -976 -75 149
789051935679716224 -999 -73 79
789051935719385472 -1001 -50 117
789051935759054592 -969 -62 95
789051935798723712 -938 -76 124
789051935838392960 -990 -84 115
789051935878062080 -1018 -70 80
789051935917731200 -984 -60 103
789051935957400448 -937 -56 118
789051935997069568 -966 -62 127
789051936036738688 -1012 -57 101
789051936076407936 -995 -45 92
789051936116077056 -985 -54 92
789051936155746176 -938 -77 117
789051936195415424 -985 -89 110
789051936235084544 -1019 -70 99
789051936274753664 -985 -43 101
789051936314422784 -967 -57 102
789051936354092032 -963 -76 147
789051936393761152 -1000 -70 106
789051936433430272 -992 -50 79
789051936473099520 -990 -57 87
789051936512768640 -935 -66 111
789051936552437760 -974 -71 135
789051936592107008 -1021 -75 99
789051936631776128 -982 -48 89
789051936671445294 -980 -58 88
789051936711095808 -930 -71 118
789051936750746368 -986 -76 117
789051936790396800 -1009 -68 107
789051936830047360 -1015 -51 84
789051936869697792 -985 -60 74
789051936909348352 -949 -63 96
789051936948998912 -977 -65 143
789051936988649344 -1004 -54 117
789051937028299904 -981 -47 105
789051937067950464 -977 -55 99
789051937107600896 -955 -67 104
789051937147251456 -997 -72 115
789051937186901888 -1013 -64 96
789051937226552448 -978 -58 94
789051937266203008 -958 -57 107
789051937305853440 -963 -62 115
789051937345504000 -1000 -67 123
789051937385154560 -1008 -52 98
789051937424804992 -993 -46 101
789051937464455552 -968 -45 93
789051937504105984 -977 -53 108
789051937543756544 -1001 -58 133
789051937583407104 -988 -67 185
789051937623057536 -964 -58 127
789051937662708096 -966 -69 135
789051937702358656 -981 -73 111
789051937742009088 -980 -67 131
789051937781659648 -989 -45 161
789051937821310080 -982 -48 151
789051937860960640 -965 -51 155
789051937900611200 -963 -55 126
789051937940261632 -962 -58 155
789051937979912192 -972 -66 166
789051938019562624 -961 -56 163
789051938059213184 -985 -59 156
789051938098863704 -982 -64 130
789051938138538880 -982 -70 124
789051938178214016 -986 -69 136
789051938217889024 -981 -63 121
789051938257564160 -977 -57 132
789051938297239296 -989 -54 115
789051938336914304 -966 -28 185
789051938376589440 -985 -23 135
789051938416264576 -958 -82 142
789051938455939584 -968 -135 158
789051938495614720 -977 -118 132
789051938535289856 -986 -89 130
789051938574964992 -973 -67 137
789051938614640000 -965 -58 160
789051938654315136 -980 -59 160
789051938693990272 -977 -54 146
789051938733665280 -971 -48 121
789051938773340416 -975 -49 127
789051938813015552 -1003 -42 175
789051938852690560 -986 -76 150
789051938892365696 -967 -88 136
789051938932040832 -978 -86 148
789051938971715840 -1006 -77 136
789051939011390976 -991 -76 152
789051939051066112 -948 -69 179
789051939090741120 -938 -52 207
789051939130416256 -963 -50 187
789051939170091392 -964 -65 177
789051939209766400 -959 -64 174
789051939249441536 -963 -56 174
789051939289116672 -958 -45 174
789051939328791808 -973 -51 191
789051939368466816 -988 -59 189
789051939408141952 -973 -69 176
789051939447817088 -954 -59 187
789051939487492096 -964 -62 183
789051939527167142 -971 -67 177
789051939566849024 -970 -66 173
789051939606530944 -971 -64 181
789051939646212736 -975 -69 188
789051939685894656 -975 -75 179
789051939725576576 -961 -65 189
789051939765258368 -974 -60 176
789051939804940288 -991 -72 187
789051939844622208 -970 -72 197
789051939884304000 -957 -61 168
789051939923985920 -959 -62 180
789051939963667840 -971 -54 175
789051940003349632 -975 -65 178
789051940043031552 -967 -70 203
789051940082713472 -961 -68 199
789051940122395264 -976 -61 174
789051940162077184 -972 -57 175
789051940201759104 -974 -59 177
789051940241440896 -978 -57 181
789051940281122816 -977 -55 177
789051940320804736 -957 -52 199
789051940360486528 -964 -58 196
789051940400168448 -965 -64 200
789051940439850368 -968 -68 188
789051940479532160 -969 -61 192
789051940519214080 -974 -63 187
789051940558896000 -977 -57 189
789051940598577792 -965 -60 192
789051940638259712 -967 -48 191
789051940677941632 -958 -47 196
789051940717623424 -975 -51 189
789051940757305344 -974 -53 195
789051940796987264 -967 -52 196
789051940836669056 -968 -50 193
789051940876350976 -971 -53 197
789051940916032896 -963 -57 196
789051940955714730 -968 -61 198
789051940995390592 -969 -59 198
789051941035066496 -968 -60 196
789051941074742528 -966 -59 192
789051941114418432 -968 -61 191
789051941154094336 -970 -62 193
789051941193770368 -970 -60 196
789051941233446272 -973 -59 199
789051941273122176 -969 -55 194
789051941312798080 -970 -54 202
789051941352474112 -958 -47 196
789051941392150016 -963 -54 201
789051941431825920 -973 -56 201
789051941471501952 -964 -54 206
789051941511177856 -963 -52 210
789051941550853760 -963 -52 212
789051941590529792 -964 -54 200
789051941630205696 -962 -48 211
789051941669881600 -969 -47 207
789051941709557632 -968 -44 202
789051941749233536 -967 -46 204
789051941788909440 -963 -45 207
789051941828585344 -965 -46 207
789051941868261376 -965 -51 210
789051941907937280 -968 -52 208
789051941947613184 -964 -50 209
789051941987289216 -966 -49 205
789051942026965120 -966 -47 204
789051942066641024 -968 -48 206
789051942106317056 -964 -49 206
789051942145992960 -963 -48 210
789051942185668864 -965 -48 210
789051942225344768 -965 -51 208
789051942265020800 -966 -50 209
789051942304696704 -962 -49 212
789051942344372608 -967 -51 207
789051942384048686 -968 -47 213
789051942423731328 -962 -53 209
789051942463414016 -963 -43 208
789051942503096832 -949 -43 210
789051942542779520 -974 -48 209
789051942582462208 -971 -49 210
789051942622144896 -960 -50 208
789051942661827712 -961 -47 210
789051942701510400 -971 -54 215
789051942741193088 -959 -51 207
789051942780875904 -961 -52 211
789051942820558592 -965 -52 215
789051942860241280 -968 -52 210
789051942899923968 -965 -54 207
789051942939606784 -962 -52 209
789051942979289472 -964 -51 210
789051943018972160 -965 -52 209
789051943058654976 -967 -57 205
789051943098337664 -964 -54 206
789051943138020352 -963 -50 207
789051943177703040 -962 -54 196
789051943217385856 -969 -57 208
789051943257068544 -972 -56 201
789051943296751232 -964 -58 206
789051943336433920 -971 -51 204
789051943376116736 -971 -50 195
789051943415799424 -971 -52 198
789051943455482112 -977 -47 192
789051943495164928 -967 -50 187
789051943534847616 -965 -45 194
789051943574530304 -962 -45 198
789051943614212992 -972 -47 196
789051943653895808 -973 -49 198
789051943693578496 -965 -50 200
789051943733261184 -966 -49 204
789051943772944000 -964 -47 207
789051943812626756 -968 -48 198
789051943852297728 -960 -43 208
789051943891968640 -970 -45 208
789051943931639424 -966 -44 208
789051943971310336 -965 -47 210
789051944010981120 -964 -49 211
789051944050652032 -966 -44 219
789051944090322816 -970 -46 220
789051944129993728 -969 -50 225
789051944169664640 -950 -46 224
789051944209335424 -952 -43 227
789051944249006336 -959 -46 232
789051944288677120 -954 -44 233
789051944328348032 -950 -44 234
789051944368018816 -930 -41 237
789051944407689728 -955 -42 235
789051944447360640 -950 -36 232
789051944487031424 -932 -40 220
789051944526702336 -946 -39 230
789051944566373120 -955 -41 233
789051944606044032 -958 -41 228
789051944645714816 -964 -42 228
789051944685385728 -965 -44 228
789051944725056640 -961 -44 220
789051944764727424 -960 -44 224
789051944804398336 -967 -49 208
789051944844069120 -961 -48 225
789051944883740032 -968 -49 216
789051944923410816 -964 -46 214
789051944963081728 -971 -49 209
789051945002752640 -965 -47 202
789051945042423424 -967 -49 211
789051945082094336 -971 -49 217
789051945121765120 -962 -51 208
789051945161436032 -967 -49 211
789051945201106816 -958 -46 201
789051945240777606 -969 -51 213
789051945280469632 -973 -47 206
789051945320161664 -960 -47 211
789051945359853696 -966 -48 211
789051945399545728 -957 -45 208
789051945439237888 -963 -50 211
789051945478929920 -980 -49 220
789051945518621952 -968 -50 207
789051945558313984 -961 -48 203
789051945598006016 -962 -48 209
789051945637698048 -972 -54 205
789051945677390080 -968 -53 205
789051945717082240 -961 -51 201
789051945756774272 -963 -47 208
789051945796466304 -967 -47 202
789051945836158336 -963 -49 202
789051945875850368 -969 -52 205
789051945915542400 -966 -54 208
789051945955234432 -965 -50 206
789051945994926592 -968 -48 205
789051946034618624 -965 -46 206
789051946074310656 -965 -48 206
789051946114002688 -972 -52 202
789051946153694720 -964 -50 205
789051946193386752 -968 -48 207
789051946233078784 -957 -47 205
789051946272770816 -966 -54 213
789051946312462976 -973 -51 204
789051946352155008 -955 -49 205
789051946391847040 -955 -48 203
789051946431539072 -967 -50 210
789051946471231104 -974 -50 208
789051946510923136 -959 -48 209
789051946550615168 -964 -49 213
789051946590307328 -968 -50 210
789051946629999360 -965 -50 207
789051946669691400 -966 -48 209
789051946709352064 -965 -47 210
789051946749012736 -968 -50 212
789051946788673408 -966 -54 208
789051946828334080 -961 -49 213
789051946867994752 -966 -49 210
789051946907655552 -965 -47 214
789051946947316224 -963 -49 220
789051946986976896 -961 -46 214
789051947026637568 -959 -47 214
789051947066298240 -968 -48 210
789051947105958912 -965 -50 216
789051947145619584 -964 -51 211
789051947185280256 -963 -51 217
789051947224940928 -966 -50 210
789051947264601600 -961 -49 216
789051947304262400 -967 -48 212
789051947343923072 -967 -49 215
789051947383583744 -965 -50 212
789051947423244416 -965 -50 210
789051947462905088 -964 -50 216
789051947502565760 -962 -51 214
789051947542226432 -964 -50 214
789051947581887104 -967 -50 214
789051947621547776 -968 -51 206
789051947661208448 -962 -52 213
789051947700869248 -963 -46 207
789051947740529920 -963 -51 210
789051947780190592 -970 -51 210
789051947819851264 -965 -50 216
789051947859511936 -967 -48 211
789051947899172608 -962 -49 212
789051947938833280 -968 -48 208
789051947978493952 -961 -51 208
789051948018154624 -965 -52 208
789051948057815296 -966 -50 209
789051948097476056 -963 -49 203
789051948137149440 -966 -51 206
789051948176822784 -968 -51 205
789051948216496256 -966 -53 205
789051948256169600 -964 -50 206
789051948295843072 -969 -50 206
789051948335516416 -967 -51 202
789051948375189888 -964 -49 210
789051948414863232 -962 -47 203
789051948454536704 -964 -56 204
789051948494210048 -971 -51 207
789051948533883392 -965 -51 212
789051948573556864 -964 -50 205
789051948613230208 -963 -48 213
789051948652903680 -964 -53 206
789051948692577024 -964 -51 206
789051948732250496 -968 -50 206
789051948771923840 -968 -48 205
789051948811597184 -966 -50 203
789051948851270656 -964 -48 207
789051948890944000 -968 -50 207
789051948930617472 -965 -50 206
789051948970290816 -967 -52 203
789051949009964288 -974 -49 207
789051949049637632 -968 -51 203
789051949089311104 -966 -44 202
789051949128984448 -958 -50 217
789051949168657792 -967 -52 207
789051949208331264 -950 -49 225
789051949248004608 -972 -48 225
789051949287678080 -975 -48 205
789051949327351424 -976 -49 202
789051949367024896 -968 -49 202
789051949406698240 -967 -46 216
789051949446371584 -960 -48 220
789051949486045056 -952 -51 222
789051949525718462 -948 -56 223
789051949565384960 -944 -61 216
789051949605051520 -942 -59 221
789051949644718208 -939 -52 223
789051949684384768 -957 -56 218
789051949724051456 -973 -52 210
789051949763718016 -963 -49 214
789051949803384704 -973 -44 204
789051949843051264 -972 -44 199
789051949882717952 -981 -46 193
789051949922384512 -976 -49 200
789051949962051200 -968 -52 199
789051950001717760 -956 -50 212
789051950041384320 -962 -46 211
789051950081051008 -950 -44 218
789051950120717568 -960 -45 212
789051950160384256 -954 -47 209
789051950200050816 -971 -51 210
789051950239717504 -987 -49 210
789051950279384064 -984 -52 199
789051950319050752 -971 -56 200
789051950358717312 -964 -58 200
789051950398384000 -967 -53 207
789051950438050560 -951 -56 211
789051950477717120 -947 -53 228
789051950517383808 -951 -36 219
789051950557050368 -956 -31 220
789051950596717056 -968 -28 212
789051950636383616 -962 -35 201
789051950676050304 -963 -40 196
789051950715716864 -959 -40 209
789051950755383552 -968 -53 206
789051950795050112 -968 -55 217
789051950834716672 -976 -67 205
789051950874383360 -975 -67 199
789051950914049920 -978 -71 182
789051950953716710 -962 -78 193
789051950993371520 -956 -70 205
789051951033026304 -957 -56 222
789051951072680960 -964 -64 220
789051951112335744 -968 -66 211
789051951151990528 -977 -70 231
789051951191645312 -959 -60 212
789051951231299968 -941 -53 207
789051951270954752 -974 -48 199
789051951310609536 -963 -45 204
789051951350264320 -949 -42 210
789051951389918976 -944 -38 216
789051951429573760 -960 -39 212
789051951469228544 -965 -38 218
789051951508883328 -969 -38 207
789051951548537984 -957 -33 210
789051951588192768 -969 -34 210
789051951627847552 -978 -36 198
789051951667502336 -984 -53 187
789051951707156992 -981 -62 194
789051951746811776 -958 -53 197
789051951786466560 -956 -37 213
789051951826121216 -931 -50 188
789051951865776000 -964 -66 286
789051951905430784 -970 -76 -73
789051951945085568 -984 -82 204
789051951984740224 -953 -53 166
789051952024395008 -935 -34 87
789051952064049792 -991 -71 121
789051952103704576 -1003 -87 66
789051952143359232 -1007 -59 12
789051952183014016 -1027 -82 24
789051952222668800 -937 -84 61
789051952262323584 -998 -68 15
789051952301978240 -1031 -79 35
789051952341633024 -984 -80 20
789051952381287718 -975 -71 65
789051952420955136 -980 -67 27
789051952460622592 -1009 -78 45
789051952500290048 -992 -75 66
789051952539957504 -976 -66 63
789051952579624960 -971 -69 35
789051952619292416 -1022 -70 49
789051952658959872 -980 -63 70
789051952698627328 -978 -75 64
789051952738294912 -976 -81 24
789051952777962368 -1019 -66 69
789051952817629824 -975 -80 48
789051952857297280 -1005 -71 96
789051952896964736 -991 -57 79
789051952936632192 -970 -65 85
789051952976299648 -975 -70 84
789051953015967104 -982 -83 92
789051953055634560 -989 -80 80
789051953095302016 -991 -69 59
789051953134969472 -982 -58 73
789051953174636928 -980 -69 91
789051953214304384 -974 -87 97
789051953253971840 -988 -90 85
789051953293639424 -986 -81 81
789051953333306880 -987 -76 102
789051953372974336 -969 -68 100
789051953412641792 -987 -79 113
789051953452309248 -986 -87 105
789051953491976704 -986 -84 80
789051953531644160 -985 -66 110
789051953571311616 -957 -61 118
789051953610979072 -970 -63 142
789051953650646528 -988 -78 91
789051953690313984 -1003 -83 98
789051953729981440 -981 -74 100
789051953769648896 -976 -71 113
789051953809316462 -978 -72 114
789051953848982272 -997 -83 103
789051953888648064 -988 -81 103
789051953928313856 -950 -68 112
789051953967979648 -978 -70 107
789051954007645312 -992 -72 119
789051954047311104 -988 -80 112
789051954086976896 -979 -78 106
789051954126642688 -967 -74 113
789051954166308480 -981 -73 121
789051954205974272 -985 -70 101
789051954245639936 -991 -78 98
789051954285305728 -977 -71 106
789051954324971520 -977 -72 106
789051954364637312 -987 -68 110
789051954404303104 -988 -70 116
789051954443968896 -983 -66 114
789051954483634560 -976 -59 117
789051954523300352 -974 -73 111
789051954562966144 -983 -74 109
789051954602631936 -974 -77 113
789051954642297728 -983 -71 115
789051954681963520 -980 -68 116
789051954721629184 -978 -73 115
789051954761294976 -980 -65 117
789051954800960768 -979 -65 115
789051954840626560 -978 -61 114
789051954880292352 -983 -61 121
789051954919958144 -982 -62 116
789051954959623808 -978 -67 113
789051954999289600 -985 -63 116
789051955038955392 -993 -62 138
789051955078621184 -996 -73 139
789051955118286976 -984 -72 135
789051955157952768 -965 -68 132
789051955197618432 -968 -61 137
789051955237284216 -971 -58 171
789051955276946560 -971 -64 187
789051955316608896 -978 -72 157
789051955356271360 -973 -71 160
789051955395933696 -978 -67 145
789051955435596032 -968 -66 144
789051955475258496 -973 -58 169
789051955514920832 -974 -68 188
789051955554583168 -970 -64 176
789051955594245632 -951 -61 185
789051955633907968 -973 -53 191
789051955673570304 -977 -51 163
789051955713232768 -975 -60 155
789051955752895104 -966 -59 171
789051955792557440 -961 -53 165
789051955832219904 -961 -53 174
789051955871882240 -974 -59 195
789051955911544576 -973 -60 186
789051955951207040 -978 -55 184
789051955990869376 -978 -57 176
789051956030531712 -967 -52 187
789051956070194176 -972 -45 193
789051956109856512 -966 -45 199
789051956149518848 -957 -48 201
789051956189181312 -955 -45 198
789051956228843648 -959 -42 206
789051956268505984 -969 -37 198
789051956308168448 -979 -34 195
789051956347830784 -973 -40 187
789051956387493248 -968 -48 193
789051956427155584 -962 -46 193
789051956466817920 -968 -41 202
789051956506480384 -965 -45 203
789051956546142720 -958 -51 201
789051956585805056 -952 -52 192
789051956625467520 -977 -31 194
789051956665129878 -1007 -23 180
789051956704774400 -970 -23 184
789051956744418944 -970 -62 159
789051956784063616 -965 -108 136
789051956823708160 -975 -125 144
789051956863352704 -971 -81 169
789051956902997248 -950 -42 173
789051956942641920 -965 -48 174
789051956982286464 -977 -54 185
789051957021931008 -999 -51 172
789051957061575552 -989 -49 142
789051957101220224 -986 -42 151
789051957140864768 -977 -47 177
789051957180509312 -984 -60 191
789051957220153856 -972 -62 194
789051957259798528 -946 -62 206
789051957299443072 -940 -62 209
789051957339087616 -956 -61 222
789051957378732160 -950 -54 219
789051957418376832 -955 -50 217
789051957458021376 -967 -48 201
789051957497665920 -976 -55 195
789051957537310592 -970 -53 205
789051957576955136 -969 -49 211
789051957616599680 -972 -51 209
789051957656244224 -977 -48 211
789051957695888896 -975 -45 203
789051957735533440 -960 -46 220
789051957775177984 -947 -43 228
789051957814822528 -956 -39 231
789051957854467200 -962 -35 230
789051957894111744 -942 -38 238
789051957933756288 -933 -42 240
789051957973400832 -926 -47 234
789051958013045504 -922 -46 235
789051958052690048 -942 -46 236
789051958092334672 -964 -52 236
789051958131985280 -956 -49 233
789051958171635840 -960 -48 232
789051958211286272 -968 -47 229
789051958250936832 -968 -45 226
789051958290587264 -964 -50 222
789051958330237824 -969 -43 226
789051958369888384 -962 -52 225
789051958409538816 -957 -42 221
789051958449189376 -952 -47 232
789051958488839936 -989 -52 219
789051958528490368 -979 -53 209
789051958568140928 -934 -39 235
789051958607791360 -932 -37 235
789051958647441920 -943 -42 236
789051958687092480 -933 -43 243
789051958726742912 -936 -46 244
789051958766393472 -952 -50 236
789051958806044032 -962 -53 234
789051958845694464 -963 -53 229
789051958885345024 -973 -47 228
789051958924995456 -968 -44 224
789051958964646016 -970 -45 215
789051959004296576 -971 -45 214
789051959043947008 -966 -43 211
789051959083597568 -963 -45 226
789051959123248128 -962 -43 224
789051959162898560 -941 -50 224
789051959202549120 -939 -43 235
789051959242199552 -925 -46 249
789051959281850112 -935 -45 239
789051959321500672 -946 -50 236
789051959361151104 -964 -51 215
789051959400801664 -961 -48 210
789051959440452096 -969 -48 201
789051959480102656 -978 -60 172
789051959519753084 -1003 -54 227
789051959559414656 -997 -55 203
789051959599076224 -957 -47 221
789051959638737664 -973 -46 196
789051959678399232 -980 -43 180
789051959718060800 -987 -40 155
789051959757722368 -975 -50 149
789051959797383808 -969 -47 131
789051959837045376 -957 -46 156
789051959876706944 -997 -36 126
789051959916368384 -1011 -41 118
789051959956029952 -977 -82 119
789051959995691520 -948 -69 109
789051960035353088 -964 -58 127
789051960075014528 -990 -43 145
789051960114676096 -988 -32 214
789051960154337664 -959 -32 157
789051960193999104 -924 -29 157
789051960233660672 -938 -21 172
789051960273322240 -974 -19 168
789051960312983808 -957 -26 197
789051960352645248 -911 -32 222
789051960392306816 -936 -23 117
789051960431968384 -1040 -35 165
789051960471629824 -1021 -30 224
789051960511291392 -976 -43 191
789051960550952960 -933 -38 217
789051960590614528 -984 -36 224
789051960630275968 -1009 -58 251
789051960669937536 -947 -67 252
789051960709599104 -881 -40 248
789051960749260544 -937 -28 264
789051960788922112 -947 -35 289
789051960828583680 -915 -42 282
789051960868245248 -910 -43 305
789051960907906688 -922 -42 303
789051960947568218 -926 -58 310
789051960987205248 -947 -65 297
789051961026842240 -947 -74 288
789051961066479104 -924 -69 276
789051961106116096 -914 -81 275
789051961145753088 -932 -71 302
789051961185389952 -947 -85 274
789051961225026944 -934 -65 267
789051961264663936 -948 -45 253
789051961304300800 -964 -49 245
789051961343937792 -938 -59 260
789051961383574784 -938 -47 265
789051961423211648 -943 -46 257
789051961462848640 -952 -47 247
789051961502485632 -958 -54 244
789051961542122496 -944 -48 242
789051961581759488 -954 -45 241
789051961621396352 -970 -55 240
789051961661033344 -957 -58 233
789051961700670336 -951 -58 234
789051961740307200 -952 -51 235
789051961779944192 -963 -56 230
789051961819581184 -964 -66 227
789051961859218048 -946 -71 220
789051961898855040 -951 -68 224
789051961938492032 -955 -67 227
789051961978128896 -967 -63 220
789051962017765888 -967 -63 225
789051962057402880 -972 -50 233
789051962097039744 -965 -65 234
789051962136676736 -956 -66 229
789051962176313728 -932 -74 245
789051962215950592 -965 -57 235
789051962255587584 -950 -55 240
789051962295224576 -919 -61 261
789051962334861440 -930 -72 265
789051962374498342 -956 -68 256
789051962414167424 -952 -63 244
789051962453836544 -962 -55 241
789051962493505792 -965 -55 239
789051962533174912 -961 -55 236
789051962572844032 -953 -57 238
789051962612513280 -947 -55 240
789051962652182400 -938 -54 247
789051962691851520 -924 -57 267
789051962731520768 -946 -68 266
789051962771189888 -910 -59 177
789051962810859008 -886 -47 258
789051962850528256 -1024 -67 350
789051962890197376 -1002 -79 255
789051962929866496 -957 -77 205
789051962969535744 -973 -72 191
789051963009204864 -957 -57 194
789051963048873984 -933 -37 212
789051963088543232 -939 -53 230
789051963128212352 -935 -53 251
789051963167881472 -958 -48 235
789051963207550720 -953 -36 236
789051963247219840 -954 -25 228
789051963286888960 -964 -26 229
789051963326558208 -974 -24 225
789051963366227328 -973 -27 219
789051963405896448 -981 -62 208
789051963445565696 -943 -82 216
789051963485234816 -941 -58 250
789051963524903936 -941 -55 297
789051963564573184 -934 -81 266
789051963604242304 -930 -95 226
789051963643911424 -929 -89 232
789051963683580544 -965 -76 234
789051963723249792 -1002 -83 171
789051963762918912 -1007 -70 190
789051963802588172 -954 -68 251
789051963842243712 -946 -81 230
789051963881899264 -922 -110 224
789051963921554944 -927 -100 235
789051963961210496 -947 -83 240
789051964000866048 -921 -76 240
789051964040521728 -946 -80 238
789051964080177280 -971 -82 235
789051964119832832 -980 -73 237
789051964159488512 -978 -68 225
789051964199144064 -969 -73 211
789051964238799744 -957 -74 230
789051964278455296 -944 -64 253
789051964318110848 -924 -67 263
789051964357766528 -920 -80 266
789051964397422080 -926 -75 262
789051964437077632 -941 -73 238
789051964476733312 -958 -65 238
789051964516388864 -957 -76 235
789051964556044416 -969 -74 227
789051964595700096 -957 -61 238
789051964635355648 -948 -66 240
789051964675011200 -935 -73 250
789051964714666880 -933 -78 251
789051964754322432 -934 -71 259
789051964793978112 -943 -75 249
789051964833633664 -951 -75 244
789051964873289216 -958 -75 240
789051964912944896 -959 -70 239
789051964952600448 -964 -68 236
789051964992256000 -957 -68 236
789051965031911680 -944 -64 239
789051965071567232 -939 -66 250
789051965111222784 -935 -71 253
789051965150878464 -940 -61 249
789051965190534016 -943 -70 242
789051965230189678 -958 -62 241
789051965269855488 -955 -67 234
789051965309521280 -959 -65 236
789051965349187072 -959 -52 240
789051965388852864 -950 -56 239
789051965428518528 -939 -67 246
789051965468184320 -941 -65 252
789051965507850112 -943 -64 244
789051965547515904 -952 -66 245
789051965587181696 -953 -60 244
789051965626847488 -965 -61 238
789051965666513152 -962 -59 236
789051965706178944 -956 -56 247
789051965745844736 -952 -57 249
789051965785510528 -937 -57 247
789051965825176320 -935 -60 264
789051965864842112 -944 -58 261
789051965904507776 -954 -56 261
789051965944173568 -939 -65 259
789051965983839360 -938 -57 274
789051966023505152 -931 -58 278
789051966063170944 -947 -49 265
789051966102836736 -941 -47 268
789051966142502400 -944 -51 288
789051966182168192 -950 -53 289
789051966221833984 -923 -57 293
789051966261499776 -911 -48 310
789051966301165568 -939 -48 308
789051966340831360 -937 -51 307
789051966380497024 -920 -50 312
789051966420162816 -919 -51 319
789051966459828608 -920 -50 336
789051966499494400 -915 -47 339
789051966539160192 -917 -44 343
789051966578825984 -916 -47 351
789051966618491648 -915 -44 352
789051966658157428 -913 -44 349
789051966697812992 -909 -43 356
789051966737468544 -905 -45 351
789051966777124224 -910 -46 335
789051966816779776 -910 -40 329
789051966856435328 -914 -44 335
789051966896091008 -920 -51 328
789051966935746560 -926 -44 326
789051966975402112 -934 -45 312
789051967015057792 -926 -47 312
789051967054713344 -936 -49 298
789051967094369024 -933 -50 286
789051967134024576 -937 -50 284
789051967173680128 -933 -55 293
789051967213335808 -931 -57 270
789051967252991360 -953 -55 246
789051967292646912 -950 -46 251
789051967332302592 -951 -48 246
789051967371958144 -950 -49 246
789051967411613696 -956 -50 239
789051967451269376 -950 -53 239
789051967490924928 -959 -55 232
789051967530580480 -953 -48 238
789051967570236160 -960 -54 239
789051967609891712 -955 -61 239
789051967649547392 -964 -59 237
789051967689202944 -945 -51 239
789051967728858496 -952 -52 239
789051967768514176 -955 -56 239
789051967808169728 -953 -52 236
789051967847825280 -944 -47 238
789051967887480960 -947 -45 243
789051967927136512 -945 -45 255
789051967966792064 -942 -45 259
789051968006447744 -956 -41 254
789051968046103296 -938 -45 248
789051968085758938 -948 -40 250
789051968125421312 -935 -43 256
789051968165083648 -950 -46 253
789051968204746112 -956 -45 254
789051968244408448 -947 -47 251
789051968284070784 -946 -51 249
789051968323733248 -949 -47 253
789051968363395584 -947 -45 251
789051968403057920 -948 -45 250
789051968442720384 -949 -45 250
789051968482382720 -951 -46 247
789051968522045056 -951 -45 246
789051968561707520 -949 -46 246
789051968601369856 -950 -47 248
789051968641032192 -946 -48 248
789051968680694656 -955 -49 253
789051968720356992 -950 -48 241
789051968760019328 -947 -46 251
789051968799681792 -939 -42 245
789051968839344128 -949 -54 244
789051968879006592 -952 -54 247
789051968918668928 -945 -49 252
789051968958331264 -950 -53 248
789051968997993728 -949 -50 251
789051969037656064 -946 -47 246
789051969077318400 -947 -44 245
789051969116980864 -953 -42 247
789051969156643200 -950 -42 246
789051969196305536 -949 -42 245
789051969235968000 -947 -43 247
789051969275630336 -946 -48 245
789051969315292672 -948 -49 247
789051969354955136 -949 -47 244
789051969394617472 -957 -43 246
789051969434279808 -946 -48 243
789051969473942272 -952 -40 246
789051969513604612 -935 -46 246
789051969553244160 -954 -47 243
789051969592883712 -950 -42 246
789051969632523136 -948 -47 248
789051969672162688 -942 -49 249
789051969711802112 -951 -49 243
789051969751441664 -942 -45 247
789051969791081088 -953 -49 246
789051969830720640 -949 -48 245
789051969870360064 -954 -49 242
789051969909999616 -948 -46 243
789051969949639040 -951 -45 243
789051969989278592 -952 -46 243
789051970028918016 -949 -42 245
789051970068557568 -950 -44 244
789051970108196992 -956 -44 248
789051970147836544 -946 -42 241
789051970187475968 -948 -40 248
789051970227115520 -941 -43 244
789051970266755072 -949 -48 246
789051970306394496 -957 -49 244
789051970346034048 -952 -49 244
789051970385673472 -942 -43 238
789051970425313024 -947 -48 255
789051970464952448 -946 -49 250
789051970504592000 -947 -45 246
789051970544231424 -951 -40 245
789051970583870976 -949 -42 249
789051970623510400 -958 -46 246
789051970663149952 -961 -45 246
789051970702789376 -958 -41 260
789051970742428928 -972 -37 267
789051970782068352 -953 -52 270
789051970821707904 -930 -62 262
789051970861347328 -944 -49 247
789051970900986880 -944 -56 223
789051970940626310 -966 -54 238
789051970980287872 -948 -49 269
789051971019949440 -939 -56 266
789051971059610880 -937 -55 252
789051971099272448 -910 -39 261
789051971138934016 -910 -24 277
789051971178595584 -942 -23 292
789051971218257024 -968 -40 243
789051971257918592 -979 -46 225
789051971297580160 -962 -56 235
789051971337241600 -948 -60 244
789051971376903168 -951 -50 258
789051971416564736 -946 -46 262
789051971456226304 -939 -41 249
789051971495887744 -943 -34 243
789051971535549312 -952 -28 247
789051971575210880 -958 -30 254
789051971614872320 -961 -30 255
789051971654533888 -941 -36 248
789051971694195456 -951 -40 247
789051971733857024 -942 -54 257
789051971773518464 -935 -49 259
789051971813180032 -936 -44 257
789051971852841600 -931 -50 253
789051971892503040 -944 -53 251
789051971932164608 -953 -53 258
789051971971826176 -956 -55 256
789051972011487744 -956 -50 230
789051972051149184 -942 -35 250
789051972090810752 -928 -32 257
789051972130472320 -947 -48 239
789051972170133760 -959 -60 260
789051972209795328 -943 -60 264
789051972249456896 -938 -69 241
789051972289118336 -949 -74 238
789051972328779904 -963 -64 246
789051972368441430 -967 -51 244
789051972408112384 -948 -43 253
789051972447783296 -949 -43 253
789051972487454080 -944 -52 245
789051972527124992 -959 -52 241
789051972566795776 -961 -62 244
789051972606466688 -954 -59 247
789051972646137472 -946 -50 245
789051972685808384 -954 -44 249
789051972725479296 -945 -44 245
789051972765150080 -938 -38 258
789051972804820992 -942 -37 256
789051972844491776 -937 -46 241
789051972884162688 -952 -43 241
789051972923833472 -944 -32 247
789051972963504384 -939 -42 252
789051973003175296 -947 -53 246
789051973042846080 -953 -42 250
789051973082516992 -956 -35 253
789051973122187776 -950 -34 245
789051973161858688 -944 -36 255
789051973201529472 -943 -44 250
789051973241200384 -939 -46 249
789051973280871296 -953 -44 249
789051973320542080 -951 -44 251
789051973360212992 -945 -43 251
789051973399883776 -944 -43 251
789051973439554688 -954 -44 245
789051973479225472 -945 -45 244
789051973518896384 -954 -42 250
789051973558567296 -952 -40 253
789051973598238080 -949 -49 248
789051973637908992 -943 -51 253
789051973677579776 -949 -49 247
789051973717250688 -942 -41 249
789051973756921472 -956 -38 260
789051973796592278 -957 -41 251
789051973836265600 -955 -43 241
789051973875938944 -940 -46 263
789051973915612416 -938 -42 252
789051973955285760 -934 -50 253
789051973994959232 -954 -44 251
789051974034632576 -953 -43 257
789051974074306048 -950 -44 251
789051974113979392 -946 -45 256
789051974153652864 -947 -49 252
789051974193326208 -927 -53 245
789051974232999552 -928 -54 263
789051974272673024 -952 -51 253
789051974312346368 -951 -52 251
789051974352019840 -953 -54 255
789051974391693184 -946 -56 248
789051974431366656 -946 -56 244
789051974471040000 -946 -50 257
789051974510713472 -958 -48 269
789051974550386816 -951 -50 257
789051974590060160 -955 -46 258
789051974629733632 -945 -47 254
789051974669406976 -939 -43 249
789051974709080448 -947 -47 265
789051974748753792 -964 -43 253
789051974788427264 -936 -37 265
789051974828100608 -931 -41 265
789051974867774080 -935 -44 269
789051974907447424 -942 -43 257
789051974947120768 -934 -40 255
789051974986794240 -944 -37 256
789051975026467584 -953 -31 256
789051975066141056 -944 -28 260
789051975105814400 -932 -33 270
789051975145487872 -942 -42 271
789051975185161216 -951 -42 263
789051975224834708 -949 -39 270
789051975264477568 -951 -36 284
789051975304120448 -941 -36 289
789051975343763328 -930 -35 273
789051975383406208 -927 -33 295
789051975423049088 -929 -38 304
789051975462691968 -932 -35 310
789051975502334848 -932 -31 293
789051975541977728 -926 -37 310
789051975581620608 -926 -33 308
789051975621263488 -925 -32 309
789051975660906368 -932 -38 297
789051975700549248 -923 -39 314
789051975740192128 -928 -39 314
789051975779835008 -918 -43 314
789051975819477888 -915 -43 302
789051975859120768 -917 -39 289
789051975898763648 -916 -39 296
789051975938406528 -929 -38 301
789051975978049408 -936 -37 297
789051976017692288 -935 -38 304
789051976057335168 -942 -38 293
789051976096978048 -931 -41 288
789051976136620928 -936 -38 279
789051976176263808 -933 -40 289
789051976215906688 -950 -36 273
789051976255549568 -950 -38 273
789051976295192448 -935 -40 271
789051976334835328 -945 -41 270
789051976374478208 -943 -35 270
789051976414121088 -939 -34 257
789051976453763968 -943 -34 264
789051976493406848 -945 -39 249
789051976533049856 -946 -37 262
789051976572692736 -945 -38 258
789051976612335616 -941 -39 259
789051976651978460 -941 -39 262
789051976691627264 -941 -35 268
789051976731276032 -949 -36 264
789051976770924928 -953 -35 260
789051976810573696 -938 -37 259
789051976850222592 -949 -36 264
789051976889871360 -930 -40 265
789051976929520128 -942 -39 265
789051976969169024 -946 -40 274
789051977008817792 -941 -44 279
789051977048466560 -933 -46 268
789051977088115456 -936 -45 277
789051977127764224 -941 -46 269
789051977167412992 -936 -48 271
789051977207061888 -943 -44 278
789051977246710656 -942 -40 268
789051977286359552 -943 -42 267
789051977326008320 -941 -41 268
789051977365657088 -938 -42 271
789051977405305984 -941 -44 268
789051977444954752 -939 -45 271
789051977484603648 -938 -46 276
789051977524252416 -946 -42 272
789051977563901184 -935 -48 268
789051977603550080 -941 -39 269
789051977643198848 -928 -43 270
789051977682847616 -945 -43 267
789051977722496512 -949 -44 271
789051977762145280 -940 -43 272
789051977801794048 -938 -46 270
789051977841442944 -943 -46 277
789051977881091712 -935 -47 267
789051977920740608 -940 -45 273
789051977960389376 -944 -45 272
789051978000038144 -941 -44 271
789051978039687040 -943 -44 267
789051978079335836 -939 -43 268
789051978119015936 -940 -45 269
789051978158696064 -943 -44 272
789051978198376320 -940 -45 267
789051978238056448 -938 -46 271
789051978277736704 -943 -48 270
789051978317416832 -945 -45 269
789051978357096960 -940 -48 266
789051978396777216 -942 -42 269
789051978436457344 -930 -42 271
789051978476137600 -947 -46 265
789051978515817728 -948 -43 267
789051978555497984 -940 -44 272
789051978595178112 -939 -44 265
789051978634858240 -939 -46 277
789051978674538496 -939 -47 267
789051978714218624 -939 -45 274
789051978753898880 -944 -45 270
789051978793579008 -942 -45 271
789051978833259136 -939 -46 273
789051978872939392 -943 -44 292
789051978912619520 -902 7 348
789051978952299776 -938 -25 218
789051978991979904 -991 -60 141
789051979031660160 -938 -71 172
789051979071340288 -978 -73 197
789051979111020416 -977 -65 176
789051979150700672 -984 -54 216
789051979190380800 -986 -48 221
789051979230061056 -955 -48 135
789051979269741184 -936 -46 179
789051979309421312 -995 -42 215
789051979349101568 -996 -46 219
789051979388781696 -960 -42 188
789051979428461952 -934 -40 168
789051979468142080 -964 -51 202
789051979507822354 -982 -67 227
789051979547494016 -975 -64 198
789051979587165696 -962 -49 189
789051979626837376 -947 -43 161
789051979666509184 -956 -40 190
789051979706180864 -982 -51 210
789051979745852544 -975 -51 213
789051979785524224 -965 -39 215
789051979825195904 -970 -42 215
789051979864867712 -972 -53 203
789051979904539392 -966 -46 198
789051979944211072 -962 -53 199
789051979983882752 -974 -50 202
789051980023554432 -961 -47 210
789051980063226240 -971 -42 210
789051980102897920 -971 -41 219
789051980142569600 -960 -41 221
789051980182241280 -952 -40 218
789051980221912960 -960 -36 228
789051980261584640 -972 -46 231
789051980301256448 -960 -74 249
789051980340928128 -964 -79 209
789051980380599808 -950 -47 213
789051980420271488 -971 -39 225
789051980459943168 -990 -49 224
789051980499614976 -992 -61 221
789051980539286656 -927 -57 257
789051980578958336 -902 -32 265
789051980618630016 -926 -48 254
789051980658301696 -951 -87 247
789051980697973504 -939 -86 241
789051980737645184 -940 -77 232
789051980777316864 -944 -68 238
789051980816988544 -958 -65 243
789051980856660224 -950 -57 245
789051980896332032 -943 -43 244
789051980936003726 -950 -47 238
789051980975677952 -950 -61 236
789051981015352192 -953 -67 242
789051981055026432 -958 -64 240
789051981094700672 -957 -63 235
789051981134374912 -963 -73 229
789051981174049152 -955 -69 228
789051981213723392 -970 -62 234
789051981253397632 -965 -52 245
789051981293071872 -950 -51 243
789051981332746240 -957 -59 238
789051981372420480 -946 -58 242
789051981412094720 -939 -57 246
789051981451768960 -949 -59 245
789051981491443200 -941 -59 253
789051981531117440 -952 -53 249
789051981570791680 -951 -51 266
789051981610465920 -942 -52 262
789051981650140160 -940 -52 268
789051981689814400 -940 -54 263
789051981729488640 -933 -58 283
789051981769162880 -947 -50 296
789051981808837120 -935 -58 306
789051981848511360 -923 -69 293
789051981888185600 -926 -59 296
789051981927859840 -921 -51 299
789051981967534080 -923 -54 305
789051982007208448 -923 -51 311
789051982046882688 -928 -51 302
789051982086556928 -918 -54 301
789051982126231168 -922 -54 300
789051982165905408 -921 -53 305
789051982205579648 -930 -48 295
789051982245253888 -929 -51 298
789051982284928128 -928 -53 298
789051982324602368 -929 -53 316
789051982364276638 -935 -49 258
789051982403931392 -939 -49 296
789051982443586176 -931 -56 272
789051982483240832 -938 -55 273
789051982522895616 -946 -51 266
789051982562550400 -951 -48 268
789051982602205184 -945 -45 264
789051982641859840 -942 -42 265
789051982681514624 -952 -45 272
789051982721169408 -948 -43 262
789051982760824192 -938 -46 269
789051982800478848 -939 -43 265
789051982840133632 -938 -48 269
789051982879788416 -952 -46 265
789051982919443200 -941 -49 266
789051982959097856 -940 -48 269
789051982998752640 -944 -50 278
789051983038407424 -960 -46 277
789051983078062208 -941 -48 283
789051983117716864 -929 -52 279
789051983157371648 -928 -51 278
789051983197026432 -923 -51 290
789051983236681216 -923 -44 297
789051983276335872 -975 -50 305
789051983315990656 -940 -58 248
789051983355645440 -921 -49 266
789051983395300224 -930 -44 291
789051983434954880 -925 -38 297
789051983474609664 -923 -48 299
789051983514264448 -931 -47 304
789051983553919104 -925 -40 306
789051983593573888 -930 -42 312
789051983633228672 -934 -45 297
789051983672883456 -926 -44 316
789051983712538112 -916 -49 301
789051983752192896 -917 -57 325
789051983791847664 -936 -43 326
789051983831493120 -946 -35 294
789051983871138560 -928 -36 298
789051983910784000 -923 -37 300
789051983950429440 -928 -37 304
789051983990074880 -921 -40 320
789051984029720192 -926 -38 307
789051984069365632 -920 -40 320
789051984109011072 -931 -44 296
789051984148656512 -911 -51 309
789051984188301952 -941 -44 318
789051984227947392 -926 -37 306
789051984267592832 -923 -39 287
789051984307238272 -947 -43 310
789051984346883584 -944 -45 286
789051984386529024 -907 -31 287
789051984426174464 -973 -27 307
789051984465819904 -941 -33 276
789051984505465344 -922 -36 292
789051984545110784 -924 -38 312
789051984584756224 -929 -39 293
789051984624401664 -926 -35 290
789051984664047104 -926 -38 313
789051984703692416 -941 -39 299
789051984743337856 -949 -35 289
789051984782983296 -924 -41 288
789051984822628736 -926 -37 296
789051984862274176 -923 -36 285
789051984901919616 -939 -35 281
789051984941565056 -945 -32 244
789051984981210496 -975 -32 322
789051985020855936 -906 -30 318
789051985060501248 -916 -21 319
789051985100146688 -922 -31 309
789051985139792128 -935 -24 292
789051985179437568 -944 -19 283
789051985219082968 -944 -24 274
789051985258742784 -938 -31 279
789051985298402560 -933 -25 291
789051985338062464 -938 -27 284
789051985377722240 -940 -32 283
789051985417382144 -940 -33 279
789051985457041920 -943 -34 272
789051985496701824 -948 -37 286
789051985536361600 -949 -51 293
789051985576021504 -927 -50 262
789051985615681280 -928 -39 270
789051985655341184 -931 -34 257
789051985695000960 -943 -31 262
789051985734660864 -951 -29 259
789051985774320640 -948 -31 262
789051985813980544 -943 -32 260
789051985853640320 -946 -32 265
789051985893300224 -947 -33 259
789051985932960000 -948 -35 266
789051985972619776 -943 -38 267
789051986012279680 -936 -36 265
789051986051939456 -943 -32 264
789051986091599360 -942 -35 266
789051986131259136 -941 -33 266
789051986170919040 -941 -33 263
789051986210578816 -945 -34 266
789051986250238720 -940 -39 261
789051986289898496 -947 -39 265
789051986329558400 -946 -37 260
789051986369218176 -939 -37 272
789051986408878080 -940 -38 267
789051986448537856 -940 -35 274
789051986488197760 -949 -33 265
789051986527857536 -944 -33 270
789051986567517440 -938 -36 274
789051986607177216 -933 -37 289
789051986646837070 -929 -39 263
789051986686498688 -940 -36 279
789051986726160256 -969 -38 261
789051986765821696 -964 -39 251
789051986805483264 -950 -37 241
789051986845144832 -926 -42 252
789051986884806400 -933 -47 268
789051986924467840 -948 -51 260
789051986964129408 -951 -49 263
789051987003790976 -926 -33 279
789051987043452416 -918 -36 310
789051987083113984 -939 -52 307
789051987122775552 -941 -57 269
789051987162437120 -942 -37 265
789051987202098560 -934 -11 256
789051987241760128 -940 -27 247
789051987281421696 -938 -49 231
789051987321083136 -946 -63 242
789051987360744704 -961 -53 257
789051987400406272 -944 -57 246
789051987440067840 -949 -58 253
789051987479729280 -937 -71 247
789051987519390848 -945 -72 254
789051987559052416 -965 -60 242
789051987598713856 -971 -68 229
789051987638375424 -981 -68 235
789051987678036992 -955 -61 250
789051987717698560 -964 -50 247
789051987757360000 -948 -65 277
789051987797021568 -885 -38 318
789051987836683136 -918 18 333
789051987876344576 -969 30 221
789051987916006144 -931 -40 217
789051987955667712 -953 -86 208
789051987995329280 -992 -98 202
789051988034990720 -992 -102 236
789051988074652202 -952 -91 255
789051988114305152 -920 -90 268
789051988153958144 -914 -93 295
789051988193611264 -924 -72 233
789051988233264256 -918 -53 276
789051988272917376 -928 -50 257
789051988312570368 -939 -53 237
789051988352223488 -970 -69 232
789051988391876480 -982 -73 219
789051988431529600 -971 -83 217
789051988471182592 -973 -74 213
789051988510835712 -955 -57 231
789051988550488704 -935 -25 239
789051988590141824 -956 -29 241
789051988629794816 -948 -47 258
789051988669447936 -983 -48 176
789051988709100928 -972 -50 132
789051988748754048 -990 -42 196
789051988788407040 -947 -40 149
789051988828060160 -974 -61 217
789051988867713152 -973 -54 190
789051988907366272 -978 -48 127
789051988947019264 -1024 -56 154
789051988986672384 -944 -51 160
789051989026325376 -919 -50 184
789051989065978496 -962 -43 193
789051989105631488 -1008 -40 125
789051989145284608 -1026 -63 129
789051989184937600 -945 -59 121
789051989224590720 -938 -75 152
789051989264243712 -979 -87 138
789051989303896832 -984 -62 155
789051989343549824 -1012 -73 161
789051989383202944 -980 -74 145
789051989422855936 -922 -68 169
789051989462509056 -956 -66 172
789051989502162178 -977 -70 136
789051989541823744 -1005 -64 165
789051989581485312 -998 -72 138
789051989621146752 -926 -69 166
789051989660808320 -951 -60 168
789051989700469888 -967 -53 148
789051989740131456 -1042 -72 165
789051989779792896 -945 -68 127
789051989819454464 -927 -49 131
789051989859116032 -979 -53 112
789051989898777472 -1027 -53 149
789051989938439040 -979 -48 130
789051989978100608 -951 -50 140
789051990017762176 -974 -61 133
789051990057423616 -997 -63 170
789051990097085184 -973 -63 155
789051990136746752 -958 -56 142
789051990176408192 -974 -56 124
789051990216069760 -990 -65 143
789051990255731328 -988 -54 143
789051990295392896 -964 -45 156
789051990335054336 -971 -45 143
789051990374715904 -978 -56 123
789051990414377472 -997 -58 153
789051990454038912 -972 -57 122
789051990493700480 -973 -50 136
789051990533362048 -976 -52 138
789051990573023616 -992 -64 125
789051990612685056 -1002 -51 160
789051990652346624 -970 -45 105
789051990692008192 -915 -69 144
789051990731669632 -972 -86 175
789051990771331200 -1016 -77 161
789051990810992768 -1012 -67 221
789051990850654336 -941 -48 247
789051990890315776 -913 -43 242
789051990929977318 -924 -53 235
789051990969651584 -986 -56 212
789051991009325824 -980 -49 210
789051991049000064 -965 -41 202
789051991088674304 -973 -38 210
789051991128348544 -978 -43 220
789051991168022784 -967 -37 244
789051991207697024 -937 -34 254
789051991247371264 -928 -40 248
789051991287045504 -929 -39 277
789051991326719872 -931 -38 243
789051991366394112 -939 -35 235
789051991406068352 -949 -35 237
789051991445742592 -971 -27 244
789051991485416832 -959 -31 235
789051991525091072 -933 -32 251
789051991564765312 -945 -32 248
789051991604439552 -935 -37 248
789051991644113792 -942 -31 247
789051991683788032 -952 -37 246
789051991723462272 -951 -42 254
789051991763136512 -964 -44 252
789051991802810752 -952 -46 243
789051991842484992 -942 -44 258
789051991882159232 -957 -33 256
789051991921833472 -937 -30 261
789051991961507840 -937 -21 258
789051992001182080 -942 -20 250
789051992040856320 -956 -31 252
789051992080530560 -940 -45 254
789051992120204800 -951 -40 256
789051992159879040 -938 -40 265
789051992199553280 -948 -32 254
789051992239227520 -957 -27 255
789051992278901760 -943 -26 256
789051992318576000 -946 -32 264
789051992358250242 -955 -32 258
789051992397916800 -941 -32 255
789051992437583360 -941 -34 257
789051992477250048 -945 -32 257
789051992516916608 -947 -35 256
789051992556583296 -952 -36 253
789051992596249856 -955 -34 257
789051992635916544 -949 -31 245
789051992675583104 -938 -31 267
789051992715249792 -937 -31 256
789051992754916352 -941 -32 266
789051992794583040 -958 -30 260
789051992834249600 -942 -34 261
789051992873916288 -939 -35 257
789051992913582848 -941 -34 258
789051992953249408 -943 -33 257
789051992992916096 -938 -33 262
789051993032582656 -947 -31 269
789051993072249344 -938 -31 264
789051993111915904 -947 -34 258
789051993151582592 -942 -34 266
789051993191249152 -952 -30 263
789051993230915840 -942 -39 289
789051993270582400 -967 -32 371
789051993310249088 -847 -64 549
789051993349915648 -917 -21 -195
789051993389582208 -1140 -69 245
789051993429248896 -931 -9 89
789051993468915456 -821 -9 205
789051993508582144 -939 -39 160
789051993548248704 -1053 -82 200
789051993587915392 -1010 -83 178
789051993627581952 -918 -52 188
789051993667248640 -942 -41 175
789051993706915200 -1014 -65 178
789051993746581888 -987 -64 193
789051993786248516 -950 -53 124
789051993825897344 -994 -65 158
789051993865546112 -979 -65 181
789051993905195008 -952 -41 183
789051993944843776 -978 -47 162
789051993984492672 -985 -60 171
789051994024141440 -972 -67 167
789051994063790208 -969 -53 188
789051994103439104 -970 -43 154
789051994143087872 -987 -44 174
789051994182736640 -981 -45 167
789051994222385536 -964 -52 170
789051994262034304 -971 -46 174
789051994301683200 -967 -49 200
789051994341331968 -967 -51 216
789051994380980736 -970 -44 204
789051994420629632 -948 -46 189
789051994460278400 -970 -42 188
789051994499927168 -965 -46 194
789051994539576064 -978 -43 198
789051994579224832 -973 -42 201
789051994618873728 -967 -44 197
789051994658522496 -967 -43 200
789051994698171264 -971 -48 203
789051994737820160 -968 -45 199
789051994777468928 -970 -46 208
789051994817117696 -960 -45 212
789051994856766592 -962 -45 214
789051994896415360 -973 -40 211
789051994936064256 -963 -39 211
789051994975713024 -968 -40 212
789051995015361792 -963 -42 215
789051995055010688 -967 -46 215
789051995094659456 -968 -45 222
789051995134308224 -959 -45 209
789051995173957120 -967 -43 219
789051995213605900 -947 -38 215
789051995253268224 -972 -43 228
789051995292930560 -962 -40 226
789051995332593024 -957 -37 228
789051995372255360 -954 -38 226
789051995411917696 -961 -42 230
789051995451580160 -945 -37 234
789051995491242496 -945 -35 249
789051995530904832 -963 -21 275
789051995570567296 -875 -30 169
789051995610229632 -964 -50 286
789051995649891968 -901 -53 259
789051995689554432 -906 -34 263
789051995729216768 -949 -18 281
789051995768879104 -999 -40 221
789051995808541568 -992 -59 151
789051995848203904 -961 -50 121
789051995887866240 -968 -59 151
789051995927528704 -994 -79 118
789051995967191040 -998 -76 72
789051996006853376 -977 -62 45
789051996046515840 -950 -59 15
789051996086178176 -954 -56 0
789051996125840512 -947 -91 -35
789051996165502976 -956 -120 -63
789051996205165312 -951 -119 -123
789051996244827648 -925 -113 -160
789051996284490112 -911 -123 -201
789051996324152448 -903 -116 -236
789051996363814784 -912 -126 -323
789051996403477248 -993 -164 -398
789051996443139584 -1012 -188 -483
789051996482801920 -965 -170 -650
789051996522464384 -938 -135 -760
789051996562126720 -999 -181 -859
789051996601789056 -968 -187 -902
789051996641451546 -919 -144 -891
789051996681127424 -909 -124 -915
789051996720803328 -894 -150 -897
789051996760479360 -903 -179 -887
789051996800155264 -869 -151 -841
789051996839831168 -779 -106 -739
789051996879507200 -725 -85 -678
789051996919183104 -663 -99 -597
789051996958859008 -650 -114 -532
789051996998534912 -653 -114 -557
789051997038210944 -652 -130 -539
789051997077886848 -594 -81 -443
789051997117562752 -595 -34 -409
789051997157238784 -699 14 -401
789051997196914688 -862 17 -393
789051997236590592 -857 -29 -451
789051997276266624 -784 -82 -480
789051997315942528 -875 -51 -420
789051997355618432 -941 1 -460
789051997395294464 -943 -6 -401
789051997434970368 -928 -36 -412
789051997474646272 -893 -20 -421
789051997514322176 -941 5 -402
789051997553998208 -889 100 -339
789051997593674112 -866 230 -307
789051997633350016 -834 190 -279
789051997673026048 -834 176 -233
789051997712701952 -874 108 -306
789051997752377856 -912 60 -252
789051997792053888 -971 59 -88
789051997831729792 -1010 91 -156
789051997871405696 -1050 57 -145
789051997911081728 -1044 36 -120
789051997950757632 -1017 26 -136
789051997990433536 -986 26 -141
789051998030109568 -944 55 -175
789051998069785516 -982 75 -178
789051998109438464 -1020 68 -158
789051998149091456 -1028 55 -77
789051998188744576 -1004 49 -69
789051998228397568 -964 85 -70
789051998268050688 -952 128 -53
789051998307703680 -945 142 -59
789051998347356800 -936 170 -55
789051998387009792 -955 198 -48
789051998426662912 -944 202 -46
789051998466315904 -941 206 -21
789051998505969024 -942 222 15
789051998545622016 -967 222 -3
789051998585275136 -982 146 -15
789051998624928128 -1048 -5 -16
789051998664581248 -1148 -192 -80
789051998704234240 -1197 -371 28
789051998743887360 -1051 -469 107
789051998783540352 -1029 -404 80
789051998823193472 -980 -222 95
789051998862846464 -775 -169 64
789051998902499584 -825 -196 154
789051998942152576 -946 -251 101
789051998981805696 -998 -249 56
789051999021458688 -1022 -224 84
789051999061111808 -987 -139 66
789051999100764800 -936 -62 49
789051999140417920 -949 -19 40
789051999180070912 -940 -39 -5
789051999219724032 -938 -86 -5
789051999259377024 -957 -167 -3
789051999299030144 -999 -205 -18
789051999338683136 -1009 -185 -77
789051999378336256 -989 -126 -109
789051999417989248 -966 -96 -103
789051999457642368 -973 -100 -151
789051999497295466 -987 -109 -208
789051999536963840 -948 -66 -230
789051999576632192 -973 -24 -264
789051999616300416 -1014 -10 -345
789051999655968768 -987 60 -351
789051999695637120 -963 128 -298
789051999735305472 -957 124 -333
789051999774973696 -993 90 -391
789051999814642048 -994 44 -356
789051999854310400 -933 18 -328
789051999893978624 -915 53 -368
789051999933646976 -896 91 -411
789051999973315328 -944 87 -342
789052000012983552 -970 128 -352
789052000052651904 -971 143 -355
789052000092320256 -982 136 -420
789052000131988608 -1021 137 -424
789052000171656832 -955 150 -435
789052000211325184 -838 109 -286
789052000250993536 -826 93 -319
789052000290661760 -906 78 -318
789052000330330112 -965 64 -324
789052000369998464 -934 46 -372
789052000409666688 -905 24 -387
789052000449335040 -867 55 -353
789052000489003392 -841 58 -335
789052000528671744 -863 -24 -359
789052000568339968 -971 -128 -375
789052000608008320 -1165 -108 -339
789052000647676672 -1343 -10 -199
789052000687344896 -1165 -2 -74
789052000727013248 -973 -97 -103
789052000766681600 -908 -116 -84
789052000806349824 -930 -117 -100
789052000846018176 -915 -157 -119
789052000885686528 -917 -133 -60
789052000925354758 -935 -105 -50
789052000965021312 -964 -124 -28
789052001004687872 -1038 -135 -17
789052001044354560 -1047 -103 -81
789052001084021120 -941 -54 -145
789052001123687808 -830 36 -137
789052001163354368 -786 4 -78
789052001203021056 -680 -88 -112
789052001242687616 -427 -26 -41
789052001282354304 -473 -58 -79
789052001322020864 -1409 -88 -121
789052001361687552 -2000 -212 -221
789052001401354112 -2000 -346 127
789052001441020672 -2000 -432 -142
789052001480687360 -1371 -214 -155
789052001520353920 -446 96 -284
789052001560020608 111 98 -269
789052001599687168 245 84 -182
789052001639353856 268 12 -109
789052001679020416 10 15 55
789052001718687104 -299 -17 9
789052001758353664 -442 2 -129
789052001798020352 -1183 -271 94
789052001837686912 -2000 -220 122
789052001877353600 -2000 -337 180
789052001917020160 -2000 -537 356
789052001956686720 -2000 -194 250
789052001996353408 -1182 73 -220
789052002036019968 -644 77 -17
789052002075686656 -96 44 -93
789052002115353216 310 64 -183
789052002155019904 146 79 -3
789052002194686464 -11 -57 -78
789052002234353152 -234 -18 -46
789052002274019712 -779 -68 -101
789052002313686400 -1511 -251 6
789052002353353030 -2000 -124 63
789052002393023104 -2000 -88 185
789052002432693120 -2000 -115 85
789052002472363136 -1950 -82 305
789052002512033152 -822 -61 -233
789052002551703168 -105 -95 -38
789052002591373184 -13 -68 -301
789052002631043200 296 44 -93
789052002670713216 263 82 -74
789052002710383232 -111 27 19
789052002750053248 -633 24 -146
789052002789723136 -1383 -146 87
789052002829393152 -1777 -328 43
789052002869063168 -2000 -340 225
789052002908733184 -2000 -388 247
789052002948403200 -2000 -130 288
789052002988073216 -1628 22 -6
789052003027743232 -1048 26 -108
789052003067413248 -553 95 -172
789052003107083264 -54 -3 -81
789052003146753280 220 73 -183
789052003186423296 204 13 -59
789052003226093312 -15 25 60
789052003265763328 -350 -4 -30
789052003305433344 -1133 -199 -16
789052003345103360 -1919 -361 -10
789052003384773376 -2000 -142 286
789052003424443392 -2000 -75 -63
789052003464113408 -2000 -170 430
789052003503783424 -1297 -166 -76
789052003543453312 -480 -67 -89
789052003583123328 -137 -53 -91
789052003622793344 142 -43 -230
789052003662463360 327 79 18
789052003702133376 130 53 -27
789052003741803392 -115 -24 -79
789052003781473362 -640 16 19
789052003821156096 -1574 -146 171
789052003860838784 -1904 -160 91
789052003900521600 -2000 -211 277
789052003940204288 -2000 -238 183
789052003979886976 -2000 -26 195
789052004019569664 -1376 25 -105
789052004059252480 -753 27 -10
789052004098935168 -159 -67 -80
789052004138617856 186 21 -148
789052004178300672 266 75 -58
789052004217983360 54 23 1
789052004257666048 -192 -12 -18
789052004297348736 -488 -38 -28
789052004337031552 -1360 -291 -84
789052004376714240 -1954 -195 -107
789052004416396928 -2000 -27 233
789052004456079744 -2000 -165 -132
789052004495762432 -2000 -243 436
789052004535445120 -1369 -198 -176
789052004575127808 -495 -26 -140
789052004614810624 -102 -36 -87
789052004654493312 138 20 -246
789052004694176000 374 43 -30
789052004733858688 133 30 -11
789052004773541504 -161 34 1
789052004813224192 -565 71 -33
789052004852906880 -1531 -95 128
789052004892589696 -1790 -226 157
789052004932272384 -2000 -214 234
789052004971955072 -2000 -397 215
789052005011637760 -2000 -298 159
789052005051320576 -1468 -14 -281
789052005091003264 -743 69 157
789052005130685952 -108 3 -34
789052005170368768 390 25 -105
789052005210051430 282 1 -34
789052005249707008 63 -33 -37
789052005289362560 -118 65 -126
789052005329018240 -410 41 -79
789052005368673792 -1531 -303 103
789052005408329344 -1931 -268 -240
789052005447985024 -2000 -253 -58
789052005487640576 -2000 -320 63
789052005527296256 -2000 -254 173
789052005566951808 -1355 -167 -221
789052005606607360 -616 -207 -111
789052005646263040 -271 2 -39
789052005685918592 35 83 -77
789052005725574144 394 36 156
789052005765229824 140 48 -55
789052005804885376 37 86 -76
789052005844540928 -458 32 119
789052005884196608 -1974 -108 -64
789052005923852160 -1510 -286 301
789052005963507712 -2000 -305 35
789052006003163392 -2000 -481 293
789052006042818944 -2000 -266 146
789052006082474624 -1626 -101 -37
789052006122130176 -823 52 3
789052006161785728 25 72 7
789052006201441408 292 61 -84
789052006241096960 229 -24 19
789052006280752512 86 5 -42
789052006320408192 -65 2 -96
789052006360063744 -331 -65 -147
789052006399719296 -1527 -53 -198
789052006439374976 -1696 -184 -148
789052006479030528 -2000 -278 204
789052006518686080 -2000 -354 17
789052006558341760 -2000 -378 126
789052006597997312 -1718 -237 -143
789052006637652956 -1054 -175 -319
789052006677328896 -392 34 67
789052006717004800 26 195 -170
789052006756680832 549 0 -61
789052006796356736 148 -78 29
789052006836032640 26 75 52
789052006875708672 -180 43 28
789052006915384576 -1046 89 153
789052006955060480 -2000 -330 84
789052006994736384 -2000 -287 296
789052007034412416 -2000 -406 104
789052007074088320 -2000 -365 252
789052007113764224 -1458 -202 -97
789052007153440256 -580 -32 8
789052007193116160 29 139 30
789052007232792064 93 78 -45
789052007272468096 218 -179 -57
789052007312144000 120 35 17
789052007351819904 -159 162 -134
789052007391495936 -785 -107 -104
789052007431171840 -1482 -233 9
789052007470847744 -2000 -104 88
789052007510523776 -2000 -313 249
789052007550199680 -2000 -302 -255
789052007589875584 -2000 -285 70
789052007629551488 -1078 -157 -226
789052007669227520 -304 45 102
789052007708903424 2 -62 -134
789052007748579328 200 -94 -72
789052007788255360 289 137 -25
789052007827931264 181 71 -10
789052007867607168 -167 -22 -101
789052007907283200 -1063 -181 205
789052007946959104 -2000 -201 -125
789052007986635008 -1956 -272 126
789052008026311040 -2000 -354 38
789052008065986934 -2000 -279 202
789052008105665408 -1750 -123 -15
789052008145343872 -926 41 -133
789052008185022336 -200 61 -46
789052008224700928 155 2 -205
789052008264379392 274 35 -170
789052008304057856 208 116 -424
789052008343736320 44 140 86
789052008383414784 -453 -77 149
789052008423093248 -1787 -374 47
789052008462771840 -1848 -581 97
789052008502450304 -2000 -253 -128
789052008542128768 -2000 -367 109
789052008581807232 -2000 -297 290
789052008621485696 -1134 -93 -233
789052008661164160 -557 2 48
789052008700842752 -98 -27 -18
789052008740521216 193 60 -200
789052008780199680 367 112 31
789052008819878144 99 1 -2
789052008859556608 -175 -129 -127
789052008899235072 -1166 -103 -169
789052008938913664 -1749 -404 209
789052008978592128 -1729 -302 74
789052009018270592 -1762 -348 88
789052009057949056 -2000 -392 103
789052009097627520 -2000 -137 74
789052009137306112 -1551 38 -147
789052009176984576 -1010 18 -197
789052009216663040 -437 162 -93
789052009256341504 53 -18 -157
789052009296019968 249 25 -34
789052009335698432 102 64 30
789052009375377024 -76 88 17
789052009415055488 -526 -2 -87
789052009454733952 -1396 -139 -208
789052009494412436 -2000 -77 -111
789052009534067968 -2000 -125 65
789052009573723520 -2000 -154 -306
789052009613379200 -2000 -170 66
789052009653034752 -993 -100 -307
789052009692690304 -322 35 -19
789052009732345984 -27 -18 -208
789052009772001536 178 -15 -153
789052009811657088 336 57 32
789052009851312768 61 8 -44
789052009890968320 -319 -27 -158
789052009930624000 -1531 -215 28
789052009970279552 -2000 -278 104
789052010009935104 -2000 -205 -212
789052010049590784 -2000 -349 173
789052010089246336 -1809 -349 -282
789052010128901888 -1053 -26 -71
789052010168557568 -260 -31 -96
789052010208213120 230 41 -98
789052010247868672 282 3 47
789052010287524352 146 45 -12
789052010327179904 -15 78 -193
789052010366835456 -300 109 -125
789052010406491136 -1553 -222 -116
789052010446146688 -1624 -53 -192
789052010485802240 -2000 -78 115
789052010525457920 -2000 -116 -123
789052010565113472 -2000 -110 312
789052010604769152 -1442 -81 -164
789052010644424704 -653 -26 -118
789052010684080256 -337 -37 -50
789052010723735936 -14 -92 -294
789052010763391488 232 -23 -148
789052010803047040 212 86 33
789052010842702720 3 108 71
789052010882358272 -344 75 -4
789052010922013940 -1808 -211 143
789052010961662720 -2000 -293 72
789052011001311488 -2000 -50 178
789052011040960384 -2000 -202 269
789052011080609152 -2000 -343 146
789052011120258048 -1284 -160 -347
789052011159906816 -656 31 -12
789052011199555584 90 69 -298
789052011239204480 534 55 -166
789052011278853248 173 -39 22
789052011318502016 -66 -32 36
789052011358150912 -249 29 -77
789052011397799680 -1079 -126 -204
789052011437448576 -1686 46 -211
789052011477097344 -2000 -190 297
789052011516746112 -2000 52 -241
789052011556395008 -2000 -158 100
789052011596043776 -1711 -173 7
789052011635692544 -878 -91 -265
789052011675341440 -311 -9 -139
789052011714990208 67 -30 -230
789052011754639104 378 -23 -135
789052011794287872 224 130 -6
789052011833936640 -48 6 -15
789052011873585536 -449 -201 -38
789052011913234304 -1530 -204 -65
789052011952883200 -1835 -195 -69
789052011992531968 -2000 -287 -78
789052012032180736 -2000 -365 -136
789052012071829632 -2000 -168 -270
789052012111478400 -1270 -63 -320
789052012151127168 -719 -7 -114
789052012190776064 -118 6 1
789052012230424832 332 45 -155
789052012270073728 258 31 -96
789052012309722496 -28 159 2
789052012349371346 -190 74 30
789052012389042304 -755 -194 -280
789052012428713216 -1472 -111 -79
789052012468384000 -2000 -142 -78
789052012508054912 -2000 -207 -167
789052012547725696 -2000 -118 -228
789052012587396608 -1642 -75 -322
789052012627067392 -717 -48 -175
789052012666738304 -110 -45 40
789052012706409216 270 0 -184
789052012746080000 414 42 -51
789052012785750912 -152 -10 -62
789052012825421696 -310 -28 -175
789052012865092608 5 -3 -138
789052012904763392 -396 32 -24
789052012944434304 -1528 -141 -105
789052012984105088 -2000 -319 -313
789052013023776000 -2000 -335 20
789052013063446912 -2000 -249 -120
789052013103117696 -1624 -111 -269
789052013142788608 -529 122 24
789052013182459392 -199 -34 -163
789052013222130304 528 -6 -111
789052013261801088 162 27 36
789052013301472000 -22 -68 15
789052013341142912 -189 -35 -136
789052013380813696 -40 13 -82
789052013420484608 -360 -83 -182
789052013460155392 -1340 -130 23
789052013499826304 -2000 -316 -38
789052013539497088 -2000 -190 6
789052013579168000 -2000 -379 363
789052013618838784 -1807 -133 102
789052013658509696 -619 60 -657
789052013698180608 23 134 -59
789052013737851392 225 120 -270
789052013777522164 438 -40 -186
789052013817187968 168 28 26
789052013856853760 -180 64 16
789052013896519552 -790 -263 -105
789052013936185344 -1027 -166 -20
789052013975851008 -2000 61 161
789052014015516800 -2000 -138 170
789052014055182592 -2000 -143 116
789052014094848384 -1832 -164 35
789052014134514176 -778 -33 -104
789052014174179968 -108 -58 -45
789052014213845632 288 40 -293
789052014253511424 446 76 -99
789052014293177216 71 41 39
789052014332843008 -168 23 -18
789052014372508800 -345 -18 -47
789052014412174592 -854 -128 54
789052014451840256 -2000 -150 37
789052014491506048 -2000 -311 378
789052014531171840 -2000 -346 261
789052014570837632 -2000 -104 -81
789052014610503424 -916 99 -49
789052014650169216 -212 64 -13
789052014689834880 322 42 -359
789052014729500672 423 -41 -61
789052014769166464 88 24 12
789052014808832256 -155 -68 124
789052014848498048 -160 89 -105
789052014888163840 -908 -114 -208
789052014927829504 -1749 -141 -347
789052014967495296 -2000 -447 11
789052015007161088 -2000 3 -96
789052015046826880 -2000 -123 1
789052015086492672 -1848 -141 -78
789052015126158464 -911 -114 -277
789052015165824128 -266 -63 -80
789052015205489914 87 -6 -229
789052015245166720 349 66 -107
789052015284843520 269 76 -49
789052015324520320 25 37 56
789052015364197120 -270 20 -9
789052015403873920 -787 35 -37
789052015443550720 -1715 -152 101
789052015483227520 -2000 -320 -195
789052015522904192 -2000 -352 37
789052015562580992 -2000 -181 -84
789052015602257792 -1841 -66 -275
789052015641934592 -904 60 -2
789052015681611392 -246 -46 -128
789052015721288192 297 -131 -209
789052015760964992 319 -3 -73
789052015800641792 6 -25 50
789052015840318592 -50 156 -38
789052015879995392 -218 148 -295
789052015919672192 -1122 -125 -279
789052015959348992 -2000 -168 -326
789052015999025792 -2000 -99 -282
789052016038702592 -2000 -54 -474
789052016078379264 -2000 -136 -327
789052016118056064 -1074 -130 -370
789052016157732864 -225 -67 -28
789052016197409664 61 -29 -292
789052016237086464 375 -45 -218
789052016276763264 318 182 -19
789052016316440064 -28 10 22
789052016356116864 -381 -44 -66
789052016395793664 -842 8 -211
789052016435470464 -2000 -493 23
789052016475147264 -2000 156 -107
789052016514824064 -2000 132 2
789052016554500864 -2000 4 -253
789052016594177536 -1425 19 -511
789052016633854372 -728 57 86
789052016673523456 -115 -101 -153
789052016713192576 367 -77 -211
789052016752861824 133 9 -37
789052016792530944 -59 -21 -15
789052016832200064 -68 104 -48
789052016871869312 -225 -16 -3
789052016911538432 -1591 -399 -182
789052016951207552 -2000 -239 -53
789052016990876800 -2000 126 -23
789052017030545920 -2000 -12 -99
789052017070215040 -2000 -270 58
789052017109884288 -1132 -167 -171
789052017149553408 -312 -20 -194
789052017189222528 -17 24 -191
789052017228891776 179 -19 -170
789052017268560896 354 66 1
789052017308230016 123 61 43
789052017347899264 -150 -30 -24
789052017387568384 -666 -86 72
789052017427237504 -2000 -329 184
789052017466906752 -2000 -254 -73
789052017506575872 -2000 -65 135
789052017546244992 -2000 -183 50
789052017585914240 -1688 -53 -151
789052017625583360 -806 38 -66
789052017665252480 -164 103 -78
789052017704921728 301 39 -226
789052017744590848 319 -79 -77
789052017784259968 44 -73 25
789052017823929088 -114 29 -51
789052017863598336 -279 54 -39
789052017903267456 -1250 -259 -219
789052017942936576 -1428 -139 -261
789052017982605824 -2000 -191 10
789052018022274944 -2000 -70 -206
789052018061944200 -2000 -156 93
789052018101619328 -1994 -138 6
789052018141294464 -1149 -127 -346
789052018180969472 -582 -5 -54
789052018220644608 -109 2 35
789052018260319744 58 -137 -246
789052018299994752 427 -51 -180
789052018339669888 139 97 127
789052018379345024 -170 61 144
789052018419020032 -487 29 -70
789052018458695168 -1756 -74 11
789052018498370304 -2000 -417 162
789052018538045440 -2000 -130 184
789052018577720448 -2000 -82 84
789052018617395584 -1927 50 -15
789052018657070720 -1012 143 -208
789052018696745728 -324 105 -62
789052018736420864 231 19 -194
789052018776096000 399 -61 -145
789052018815771008 145 -194 77
789052018855446144 -140 -87 -68
789052018895121280 -472 61 -149
789052018934796288 -1314 -80 -196
789052018974471424 -1697 -178 -237
789052019014146560 -2000 -326 118
789052019053821568 -2000 -48 -265
789052019093496704 -2000 -185 204
789052019133171840 -1452 -81 -180
789052019172846848 -705 -71 -147
789052019212521984 -213 -72 -47
789052019252197120 101 -29 -395
789052019291872128 375 41 -110
789052019331547264 137 47 61
789052019371222400 -102 24 42
789052019410897536 -408 38 -156
789052019450572544 -1438 62 -72
789052019490247634 -2000 -493 251
789052019529885440 -2000 -69 0
789052019569523200 -2000 -98 -34
789052019609161088 -2000 -97 20
789052019648798848 -1256 102 -198
789052019688436608 -585 24 -111
789052019728074368 -26 44 -138
789052019767712256 376 -48 -275
789052019807350016 260 -31 -63
789052019846987776 -58 -17 16
789052019886625536 -194 39 -28
789052019926263424 -493 116 -68
789052019965901184 -1381 -416 22
789052020005538944 -2000 -155 -125
789052020045176832 -2000 -78 497
789052020084814592 -2000 -141 -77
789052020124452352 -2000 -73 446
789052020164090112 -1388 -203 129
789052020203728000 -541 -100 -86
789052020243365760 28 -58 -144
789052020283003520 85 33 -326
789052020322641408 454 39 45
789052020362279168 82 52 -11
789052020401916928 -61 46 -10
789052020441554688 -387 12 -43
789052020481192576 -1285 -70 204
789052020520830336 -2000 -133 87
789052020560468096 -2000 -318 255
789052020600105856 -2000 -271 385
789052020639743744 -2000 -197 295
789052020679381504 -1638 -90 -77
789052020719019264 -903 86 -154
789052020758657152 -307 32 51
789052020798294912 215 -23 -194
789052020837932672 338 49 -5
789052020877570432 117 6 76
789052020917208270 -20 97 -95
789052020956860544 -395 81 -127
789052020996512768 -1340 -264 -82
789052021036164992 -1444 -118 -252
789052021075817216 -2000 -266 249
789052021115469312 -2000 -108 -96
789052021155121536 -2000 -37 232
789052021194773760 -1784 -109 -445
789052021234425984 -1298 -202 -72
789052021274078208 -704 -13 167
789052021313730432 -222 35 166
789052021353382656 322 -44 -180
789052021393034880 373 42 -84
789052021432686976 58 49 -12
789052021472339200 43 4 -22
789052021511991424 -271 -151 25
789052021551643648 -1485 -264 4
789052021591295872 -2000 -243 -212
789052021630948096 -2000 -426 256
789052021670600320 -2000 -536 234
789052021710252416 -1942 -279 -83
789052021749904640 -951 -16 -131
789052021789556864 -151 36 6
789052021829209088 226 64 -256
789052021868861312 469 116 -114
789052021908513536 202 21 -9
789052021948165760 -105 -59 -26
789052021987817856 -396 -152 -67
789052022027470080 -1007 -374 -294
789052022067122304 -1759 -39 219
789052022106774528 -2000 -89 24
789052022146426752 -2000 37 -107
789052022186078976 -2000 -441 358
789052022225731200 -1748 -287 -234
789052022265383424 -933 -29 -196
789052022305035520 -304 78 90
789052022344687710 69 -65 -283
789052022384342528 282 11 -138
789052022423997312 297 85 118
789052022463651968 72 3 130
789052022503306752 -252 -25 34
789052022542961536 -1117 -248 -110
789052022582616320 -2000 -314 146
789052022622270976 -2000 -386 211
789052022661925760 -1854 -125 231
789052022701580544 -2000 -44 361
789052022741235328 -1950 44 351
789052022780889984 -1237 198 -215
789052022820544768 -397 226 -207
789052022860199552 29 -126 -131
789052022899854336 276 -292 -141
789052022939508992 118 97 6
789052022979163776 25 195 -124
789052023018818560 -96 119 -51
789052023058473344 -1000 -110 -39
789052023098128000 -1483 -271 -204
789052023137782784 -2000 -53 -8
789052023177437568 -2000 0 92
789052023217092352 -2000 -93 175
789052023256747008 -2000 -173 48
789052023296401792 -1120 -172 -75
789052023336056576 -408 -10 102
789052023375711360 59 -38 -166
789052023415366016 146 -96 120
789052023455020800 356 128 -40
789052023494675584 217 98 -46
789052023534330368 -76 37 -30
789052023573985024 -816 44 -71
789052023613639808 -2000 -127 -161
789052023653294592 -2000 -77 119
789052023692949248 -2000 -247 404
789052023732604032 -2000 -175 121
789052023772258744 -2000 -275 -13
789052023811900672 -1286 -126 -215
789052023851542656 -384 -111 -42
789052023891184768 93 -43 -97
789052023930826752 423 279 29
789052023970468864 146 199 28
789052024010110848 51 -26 -38
789052024049752832 -127 -50 77
789052024089394944 -799 14 -224
789052024129036928 -1506 -234 -41
789052024168679040 -2000 -88 -43
789052024208321024 -2000 -142 -10
789052024247963008 -2000 -138 67
789052024287605120 -1536 -86 -72
789052024327247104 -653 8 5
789052024366889088 -95 12 -105
789052024406531200 192 -66 -183
789052024446173184 314 50 -3
789052024485815296 206 53 -129
789052024525457280 36 30 -137
789052024565099264 -332 51 -31
789052024604741376 -1375 28 103
789052024644383360 -2000 -182 -5
789052024684025472 -2000 -335 196
789052024723667456 -2000 -424 -188
789052024763309440 -2000 -226 -174
789052024802951552 -1357 -2 -98
789052024842593536 -394 35 7
789052024882235648 71 148 -142
789052024921877632 411 37 -106
789052024961519616 202 3 -21
789052025001161728 44 -31 -17
789052025040803712 -172 34 -46
789052025080445824 -648 -52 16
789052025120087808 -1640 -105 -267
789052025159729792 -2000 -96 -316
789052025199371972 -2000 -194 -157
789052025239032704 -2000 -375 154
789052025278693376 -1928 -165 -242
789052025318354048 -1118 -128 -358
789052025358014720 -546 45 -42
789052025397675392 2 1 -65
789052025437336064 283 22 -25
789052025476996864 168 90 41
789052025516657536 134 -81 -123
789052025556318208 -76 24 105
789052025595978880 -506 32 -107
789052025635639552 -1946 -170 -291
789052025675300224 -2000 -409 -279
789052025714960896 -2000 -136 -245
789052025754621568 -2000 -501 -251
789052025794282240 -1271 -154 -259
789052025833942912 -401 138 67
789052025873603712 70 90 -54
789052025913264384 522 -16 -129
789052025952925056 79 -48 -41
789052025992585728 -8 92 -90
789052026032246400 -152 -7 -135
789052026071907072 -928 -113 -336
789052026111567744 -1490 -199 -288
789052026151228416 -2000 -279 -281
789052026190889088 -2000 -185 -91
789052026230549760 -2000 -288 -28
789052026270210432 -1876 -197 -350
789052026309871232 -1142 -64 -419
789052026349531904 -397 -28 -162
789052026389192576 -40 42 89
789052026428853248 -16 59 -190
789052026468513920 361 -73 66
789052026508174592 72 34 -79
789052026547835264 -1 -67 -98
789052026587495936 -399 -60 19
789052026627156606 -1954 -180 -32
789052026666803712 -2000 -317 -113
789052026706450816 -2000 -86 18
789052026746097920 -2000 -236 -90
789052026785745024 -1615 -122 -209
789052026825392256 -690 -4 -207
789052026865039360 -26 57 -30
789052026904686464 204 60 -238
789052026944333568 230 -62 -42
789052026983980672 80 -34 -21
789052027023627776 -71 -5 5
789052027063274880 -316 -28 -114
789052027102921984 -1176 -171 -144
789052027142569216 -1566 -146 -153
789052027182216320 -2000 -306 238
789052027221863424 -2000 -235 -327
789052027261510528 -2000 -203 306
789052027301157632 -1592 -152 -330
789052027340804736 -788 -42 -192
789052027380451840 -155 -8 87
789052027420098944 -13 -18 -160
789052027459746176 282 -140 -63
789052027499393280 97 -28 75
789052027539040384 2 -1 26
789052027578687488 -180 -24 -108
789052027618334592 -995 -142 159
789052027657981696 -2000 -155 -2
789052027697628800 -2000 -195 -13
789052027737275904 -2000 -238 90
789052027776923136 -2000 -182 180
789052027816570240 -1633 45 -72
789052027856217344 -963 289 -33
789052027895864448 -527 300 -26
789052027935511552 37 -62 -148
789052027975158656 360 -209 -112
789052028014805760 304 -156 -58
789052028054452932 42 -45 4
789052028094128128 -263 30 -115
789052028133803264 -1083 35 -5
789052028173478272 -1747 -280 -343
789052028213153408 -2000 -282 574
789052028252828544 -2000 -73 -174
789052028292503552 -2000 -16 187
789052028332178688 -1854 -81 276
789052028371853824 -951 -71 -145
789052028411528832 -296 -45 -53
789052028451203968 14 -59 -285
789052028490879104 300 -49 -229
789052028530554240 363 38 -27
789052028570229248 0 105 126
789052028609904384 -202 -36 -203
789052028649579520 -698 -58 222
789052028689254528 -2000 -60 26
789052028728929664 -2000 -275 421
789052028768604800 -2000 -249 516
789052028808279808 -2000 -227 194
789052028847954944 -1646 89 200
789052028887630080 -870 106 -95
789052028927305088 -349 85 -67
789052028966980224 207 -50 -255
789052029006655360 468 29 -86
789052029046330368 99 44 5
789052029086005504 -59 -29 -18
789052029125680640 -113 32 -164
789052029165355648 -620 -115 5
789052029205030784 -1718 -81 137
789052029244705920 -2000 -68 161
789052029284381056 -2000 6 87
789052029324056064 -2000 -86 298
789052029363731200 -1429 -106 154
789052029403406336 -490 -17 -206
789052029443081344 -57 -55 -56
789052029482756374 19 -30 -280
789052029522417920 481 31 -106
789052029562079488 99 0 17
789052029601740928 -8 -62 131
789052029641402496 -225 97 117
789052029681064064 -764 -6 130
789052029720725632 -2000 -304 -62
789052029760387072 -2000 -415 -65
789052029800048640 -2000 -250 339
789052029839710208 -2000 -295 157
789052029879371648 -1224 122 -225
789052029919033216 -493 183 69
789052029958694784 -10 25 -105
789052029998356352 438 -12 -133
789052030038017792 198 -19 -74
789052030077679360 -28 54 145
789052030117340928 -156 252 -107
789052030157002368 -398 -275 -89
789052030196663936 -1373 -252 -148
789052030236325504 -2000 -165 -164
789052030275987072 -2000 -172 13
789052030315648512 -2000 -207 104
789052030355310080 -1946 -178 -84
789052030394971648 -900 -37 -195
789052030434633088 -285 127 47
789052030474294656 72 -52 -126
789052030513956224 256 -96 -77
789052030553617792 267 13 -69
789052030593279232 168 -26 -98
789052030632940800 -89 -5 26
789052030672602368 -863 -24 131
789052030712263808 -2000 -147 106
789052030751925376 -2000 -156 207
789052030791586944 -2000 -381 193
789052030831248512 -2000 -260 11
789052030870909952 -1295 -29 -99
789052030910571506 -474 108 90
789052030950233088 40 5 -119
789052030989894656 482 -4 -230
789052031029556096 343 -33 -113
789052031069217664 24 -43 71
789052031108879232 -207 112 -105
789052031148540800 -458 -63 -151
789052031188202240 -1725 -209 -80
789052031227863808 -2000 -278 -422
789052031267525376 -2000 -268 305
789052031307186816 -2000 -232 -271
789052031346848384 -1778 -174 -248
789052031386509952 -1016 -142 119
789052031426171520 -250 -59 20
789052031465832960 232 12 -196
789052031505494528 438 56 -67
789052031545156096 309 98 -155
789052031584817536 172 35 -69
789052031624479104 -170 -17 -34
789052031664140672 -844 -116 166
789052031703802240 -2000 -166 -24
789052031743463680 -2000 -218 6
789052031783125248 -2000 -430 -37
789052031822786816 -2000 -261 6
789052031862448384 -1633 2 -40
789052031902109824 -733 200 -92
789052031941771392 -70 76 -106
789052031981432960 224 34 -111
789052032021094400 281 -63 -43
789052032060755968 122 15 -74
789052032100417536 -25 -7 41
789052032140079104 -257 -37 3
789052032179740544 -1601 16 -184
789052032219402112 -1903 -355 -500
789052032259063680 -2000 -377 208
789052032298725120 -2000 -246 -116
789052032338386654 -2000 -83 102
789052032378056704 -1157 -71 -379
789052032417726720 -507 27 29
789052032457396736 -60 -38 -102
789052032497066752 121 -47 -132
789052032536736768 460 -19 -129
789052032576406784 165 31 -68
789052032616076800 48 -21 -31
789052032655746816 -309 36 19
789052032695416832 -1289 -103 340
789052032735086848 -2000 -347 -227
789052032774756864 -2000 -257 126
789052032814426752 -2000 -441 158
789052032854096768 -1930 -66 11
789052032893766784 -1050 136 -79
789052032933436800 -298 90 -60
789052032973106816 82 -62 -57
789052033012776832 526 60 -68
789052033052446848 145 -61 -53
789052033092116864 18 18 29
789052033131786880 -53 107 -13
789052033171456896 -712 -6 -89
789052033211126912 -2000 -382 -581
789052033250796928 -2000 -367 -33
789052033290466944 -2000 -216 -76
789052033330136960 -2000 -268 -30
789052033369806976 -1325 -56 -243
789052033409476992 -520 13 -109
789052033449147008 17 34 -139
789052033488817024 538 -17 -3
789052033528487040 99 108 -96
789052033568157056 88 5 -81
789052033607827072 -39 -21 2
789052033647496960 -233 -76 -29
789052033687166976 -827 -105 143
789052033726836992 -2000 -410 -216
789052033766507010 -2000 -415 -65
789052033806164352 -2000 -450 19
789052033845821696 -2000 -86 -55
789052033885478912 -1084 8 -43
789052033925136256 -315 59 -135
789052033964793472 -7 -74 -82
789052034004450816 248 -57 -53
789052034044108160 291 71 -74
789052034083765376 188 118 -106
789052034123422720 73 57 -59
789052034163079936 -215 -38 -87
789052034202737280 -2000 -199 -114
789052034242394624 -2000 -481 -124
789052034282051840 -2000 -376 -120
789052034321709184 -2000 -184 -141
789052034361366400 -1823 -143 12
789052034401023744 -675 -10 -332
789052034440681088 6 -68 26
789052034480338304 65 -98 -352
789052034519995648 414 59 -87
789052034559652864 334 -3 -47
789052034599310208 31 -51 -23
789052034638967552 -148 -9 -28
789052034678624768 -569 -153 153
789052034718282112 -2000 -239 165
789052034757939328 -2000 -191 21
789052034797596672 -2000 -544 132
789052034837254016 -2000 -111 -22
789052034876911232 -1138 69 26
789052034916568576 -359 105 8
789052034956225792 183 -93 -103
789052034995883136 468 -17 -76
789052035035540480 216 -102 -4
789052035075197696 -36 4 -82
789052035114855040 -148 62 -128
789052035154512256 -648 -22 107
789052035194169562 -1612 -175 -325
789052035233842176 -2000 -249 -106
789052035273514752 -2000 -235 -109
789052035313187328 -2000 -277 256
789052035352859776 -2000 -106 -12
789052035392532352 -1122 -83 -399
789052035432204928 -485 -60 171
789052035471877504 -78 63 -127
789052035511550080 160 -159 -172
789052035551222656 436 -259 25
789052035590895104 151 120 -116
789052035630567680 88 171 66
789052035670240256 -304 104 44
789052035709912832 -1392 82 178
789052035749585408 -2000 -213 -172
789052035789257856 -2000 -204 175
789052035828930432 -2000 -357 124
789052035868603008 -2000 -249 -198
789052035908275584 -982 -67 -42
789052035947948160 -183 -29 -80
789052035987620608 321 125 -195
789052036027293184 427 45 -200
789052036066965760 68 -192 -22
789052036106638336 -151 -51 45
789052036146310912 -194 59 -122
789052036185983488 -533 -78 -34
789052036225655936 -1685 71 -159
789052036265328512 -2000 -459 -211
789052036305001088 -2000 -185 -170
789052036344673664 -2000 -192 30
789052036384346240 -2000 -191 -107
789052036424018688 -1082 -88 -326
789052036463691264 -390 -6 79
789052036503363840 31 -52 -167
789052036543036416 331 -65 -274
789052036582708992 299 23 49
789052036622381444 1 74 75
789052036662036224 -91 -22 -4
789052036701691008 -313 -66 -30
789052036741345664 -1094 -97 62
789052036781000448 -2000 -406 29
789052036820655232 -2000 -300 211
789052036860310016 -2000 -178 59
789052036899964672 -1834 -53 -62
789052036939619456 -831 21 -143
789052036979274240 -152 2 -2
789052037018929024 350 -84 -248
789052037058583680 386 -74 -118
789052037098238464 57 25 17
789052037137893248 -189 119 -91
789052037177548032 -312 -10 -16
789052037217202688 -1343 -234 -127
789052037256857472 -2000 -75 -438
789052037296512256 -2000 -204 -136
789052037336167040 -2000 -197 -153
789052037375821696 -2000 -144 55
789052037415476480 -689 -165 -176
789052037455131264 -125 -35 -44
789052037494785920 -62 2 -220
789052037534440704 422 -119 -22
789052037574095488 204 19 -6
789052037613750272 47 77 -70
789052037653404928 -104 73 -102
789052037693059712 -488 23 88
789052037732714496 -2000 -159 68
789052037772369280 -2000 -747 48
789052037812023936 -2000 -325 264
789052037851678720 -2000 -50 185
789052037891333504 -1347 56 -124
789052037930988288 -515 116 85
789052037970642944 25 14 -132
789052038010297728 419 48 -83
789052038049952454 216 85 -110
789052038089624192 36 -61 39
789052038129295872 -62 35 -127
789052038168967552 -286 -40 -201
789052038208639360 -1663 -221 -159
789052038248311040 -2000 -206 -179
789052038287982720 -2000 -416 119
789052038327654400 -2000 -228 -102
789052038367326080 -2000 -239 21
789052038406997888 -1134 -147 -422
789052038446669568 -443 -100 29
789052038486341248 -64 -55 120
789052038526012928 227 146 -318
789052038565684608 466 61 -67
789052038605356288 121 -29 -2
789052038645028096 -36 -30 35
789052038684699776 -273 67 -16
789052038724371456 -1116 -51 169
789052038764043136 -2000 -121 146
789052038803714816 -2000 -623 -46
789052038843386624 -2000 -247 327
789052038883058304 -2000 -46 38
789052038922729984 -1171 -1 -112
789052038962401664 -469 6 82
789052039002073344 143 -18 -186
789052039041745152 573 81 -208
789052039081416832 236 5 -42
789052039121088512 -17 -91 -29
789052039160760192 -241 15 -13
789052039200431872 -503 -48 56
789052039240103552 -1371 -155 -265
789052039279775360 -2000 -296 -343
789052039319447040 -2000 8 -52
789052039359118720 -2000 -186 365
789052039398790400 -1879 -164 -41
789052039438462080 -918 -130 -279
789052039478133802 -194 17 -52
789052039517805440 94 72 -134
789052039557477120 296 117 -120
789052039597148800 319 -31 -89
789052039636820608 48 -26 94
789052039676492288 -226 -61 29
789052039716163968 -511 -197 -158
789052039755835648 -1975 -211 18
789052039795507328 -2000 -395 128
789052039835179136 -2000 -198 369
789052039874850816 -2000 -281 205
789052039914522496 -1761 -67 -4
789052039954194176 -859 44 -81
789052039993865856 -171 102 19
789052040033537536 271 -44 -229
789052040073209344 447 -39 -165
789052040112881024 110 -42 -7
789052040152552704 -145 86 72
789052040192224384 -194 113 -32
789052040231896064 -494 -114 -140
789052040271567872 -1600 -241 59
789052040311239552 -2000 -110 -263
789052040350911232 -2000 -60 41
789052040390582912 -2000 -198 12
789052040430254592 -1718 -70 -155
789052040469926400 -874 -56 -87
789052040509598080 -407 33 47
789052040549269760 -20 -25 -105
789052040588941440 330 -155 -142
789052040628613120 395 -81 -14
789052040668284928 92 50 17
789052040707956608 -29 59 -4
789052040747628288 -418 106 -76
789052040787299968 -1491 -215 120
789052040826971648 -2000 -299 -86
789052040866643456 -2000 -197 215
789052040906315166 -2000 74 222
789052040945950336 -1969 295 -230
789052040985585536 -846 75 352
789052041025220864 -421 -24 -142
789052041064856064 168 -389 -111
789052041104491392 490 -59 -78
789052041144126592 180 154 -54
789052041183761792 36 126 -109
789052041223397120 -37 118 -45
789052041263032320 -772 -223 -52
789052041302667648 -2000 -131 -466
789052041342302848 -2000 -221 -102
789052041381938176 -2000 -272 129
789052041421573376 -2000 -214 -53
789052041461208576 -1163 -126 -213
789052041500843904 -393 -60 87
789052041540479104 82 1 -136
789052041580114432 405 -31 -63
789052041619749632 188 -53 30
789052041659384832 162 -4 -71
789052041699020160 19 96 27
789052041738655360 -258 166 -69
789052041778290688 -1097 -4 267
789052041817925888 -2000 -282 36
789052041857561088 -2000 -262 -21
789052041897196416 -2000 -346 202
789052041936831616 -1840 -1 -19
789052041976466944 -851 234 45
789052042016102144 -216 231 -57
789052042055737344 234 -76 -70
789052042095372672 387 -124 -128
789052042135007872 141 -153 -123
789052042174643200 -24 3 3
789052042214278400 -24 234 -144
789052042253913728 -706 168 -92
789052042293548928 -1856 -508 -269
789052042333184258 -2000 -482 123
789052042372824576 -2000 -85 300
789052042412464896 -2000 -275 434
789052042452105216 -2000 -222 154
789052042491745536 -1282 -144 -133
789052042531385984 -608 -32 -136
789052042571026304 -116 38 -171
789052042610666624 172 -20 -230
789052042650306944 489 44 -87
789052042689947264 119 80 53
789052042729587584 31 57 27
789052042769227904 -265 17 -17
789052042808868352 -960 -161 155
789052042848508672 -2000 -222 -10
789052042888148992 -2000 -220 224
789052042927789312 -2000 -274 317
789052042967429632 -1877 -250 7
789052043007069952 -903 14 143
789052043046710272 -176 74 -91
789052043086350720 634 160 -280
789052043125991040 304 -60 -114
789052043165631360 73 -43 -7
789052043205271680 -132 -75 -93
789052043244912000 -146 -21 -42
789052043284552320 -506 -61 37
789052043324192640 -1930 -229 69
789052043363833088 -2000 -295 78
789052043403473408 -2000 -151 85
789052043443113728 -2000 -215 459
789052043482754048 -1805 -260 -18
789052043522394368 -904 -197 -85
789052043562034688 -275 31 74
789052043601675008 23 -14 -43
789052043641315456 333 -77 -123
789052043680955776 291 30 -84
789052043720596096 129 -2 -29
789052043760236444 -82 -8 -81
789052043799878400 -422 0 -13
789052043839520384 -2000 172 -133
789052043879162496 -2000 -178 -207
789052043918804480 -2000 -451 259
789052043958446592 -2000 -522 83
789052043998088576 -1645 -43 101
789052044037730560 -1011 283 166
789052044077372672 -500 258 -7
789052044117014656 50 -67 -200
789052044156656768 342 -245 -149
789052044196298752 370 -14 -175
789052044235940736 33 104 85
789052044275582848 -153 88 -12
789052044315224832 -568 -40 -7
789052044354866944 -2000 -280 18
789052044394508928 -2000 -162 -205
789052044434150912 -2000 -134 163
789052044473793024 -2000 -155 133
789052044513435008 -1345 -153 -159
789052044553077120 -591 -49 -47
789052044592719104 -108 -74 11
789052044632361088 201 17 -176
789052044672003200 480 59 -148
789052044711645184 155 13 3
789052044751287296 18 -20 13
789052044790929280 -242 69 -120
789052044830571264 -946 62 212
789052044870213376 -2000 -117 -5
789052044909855360 -2000 -142 71
789052044949497472 -2000 -420 133
789052044989139456 -2000 103 -131
789052045028781440 -834 273 179
789052045068423552 -155 -11 -114
789052045108065536 377 -194 -58
789052045147707648 397 27 -36
789052045187349698 157 138 -38
789052045227010432 4 168 -157
789052045266671104 -95 35 -124
789052045306331776 -643 -187 -121
789052045345992448 -1931 -307 -208
789052045385653120 -2000 -358 -158
789052045425313792 -2000 -320 24
789052045464974592 -2000 -285 221
789052045504635264 -1658 -169 -135
789052045544295936 -666 -28 -199
789052045583956608 -102 75 -59
789052045623617280 67 -30 -246
789052045663277952 523 64 -77
789052045702938624 77 64 34
789052045742599296 15 -25 -54
789052045782259968 -81 113 12
789052045821920640 -589 84 64
789052045861581440 -1756 61 46
789052045901242112 -2000 -304 -82
789052045940902784 -2000 -290 -78
789052045980563456 -2000 -235 188
789052046020224128 -1396 87 52
789052046059884800 -547 326 120
789052046099545472 19 125 -175
789052046139206144 410 -52 -196
789052046178866816 345 36 -118
789052046218527488 160 61 -108
789052046258188160 -37 24 3
789052046297848960 -281 -115 151
789052046337509632 -1936 -114 -92
789052046377170304 -2000 -280 -92
789052046416830976 -2000 -189 -71
789052046456491648 -2000 -209 202
789052046496152320 -1621 -249 -199
789052046535812992 -668 -134 -206
789052046575473664 -132 33 -42
789052046615134332 185 50 -162
789052046654783104 450 106 -76
789052046694431872 91 33 -1
789052046734080768 15 51 25
789052046773729536 -130 25 -46
789052046813378432 -517 -56 89
789052046853027200 -1859 -162 340
789052046892675968 -2000 -358 -113
789052046932324864 -2000 -249 250
789052046971973632 -2000 -221 92
789052047011622400 -1476 29 121
789052047051271296 -539 235 10
789052047090920064 -52 241 -302
789052047130568960 518 -9 -178
789052047170217728 302 -66 -36
789052047209866496 -3 -2 0
789052047249515392 -34 121 -35
789052047289164160 -125 -17 36
789052047328812928 -1271 -413 147
789052047368461824 -2000 -63 -451
789052047408110592 -2000 -278 239
789052047447759488 -2000 -313 544
789052047487408256 -1653 -158 -271
789052047527057024 -646 -106 -337
789052047566705920 -280 -10 -42
789052047606354688 14 20 -118
789052047646003456 503 -2 86
789052047685652352 21 157 -5
789052047725301120 41 137 -40
789052047764950016 -98 63 -72
789052047804598784 -546 -123 69
789052047844247552 -1864 -189 -296
789052047883896448 -2000 -185 -373
789052047923545216 -2000 -258 -223
789052047963193984 -2000 -372 -108
789052048002842880 -1704 -113 -8
789052048042491714 -816 67 -16
789052048082162688 -182 34 -224
789052048121833600 434 -22 -211
789052048161504384 382 39 -123
789052048201175296 118 -1 -80
789052048240846080 -20 51 -42
789052048280516992 -124 38 68
789052048320187776 -603 -42 9
789052048359858688 -2000 -370 -145
789052048399529600 -2000 -387 -219
789052048439200384 -2000 -226 29
789052048478871296 -2000 -177 20
789052048518542080 -1012 -59 -241
789052048558212992 -278 -65 -36
789052048597883776 87 -53 -169
789052048637554688 361 25 -205
789052048677225472 321 31 73
789052048716896384 71 -16 118
789052048756567296 -62 87 -36
789052048796238080 -410 -47 -113
789052048835908992 -1532 -254 -184
789052048875579776 -2000 -496 131
789052048915250688 -2000 -34 -246
789052048954921472 -2000 6 -13
789052048994592384 -1517 -60 -180
789052049034263296 -512 142 84
789052049073934080 -35 7 -236
789052049113604992 413 -61 -209
789052049153275776 266 126 -89
789052049192946688 -19 61 -96
789052049232617472 56 39 6
789052049272288384 -29 -12 -9
789052049311959168 -1149 -285 157
789052049351630080 -2000 -185 -133
789052049391300992 -2000 -291 74
789052049430971776 -2000 -152 338
789052049470642532 -2000 -198 295
789052049510323584 -1008 -84 -361
789052049550004608 -277 62 51
789052049589685632 -73 66 -162
789052049629366656 288 -109 49
789052049669047680 345 -212 -28
789052049708728704 237 -41 -195
789052049748409728 80 106 -123
789052049788090752 -368 196 -121
789052049827771776 -1860 37 695
789052049867452800 -2000 -541 52
789052049907133824 -2000 -52 356
789052049946814976 -2000 -120 411
789052049986496000 -1215 -301 -254
789052050026177024 -549 116 384
789052050065858048 13 96 -309
789052050105539072 582 142 -162
789052050145220096 220 67 -9
789052050184901120 20 -75 -68
789052050224582144 -19 -45 -115
789052050264263168 -252 38 67
789052050303944192 -1806 -205 91
789052050343625216 -2000 -182 -211
789052050383306240 -2000 -213 266
789052050422987264 -2000 -143 419
789052050462668288 -1953 -180 77
789052050502349312 -919 -79 -197
789052050542030336 -187 -6 101
789052050581711360 155 28 -213
789052050621392384 439 77 -174
789052050661073408 188 -42 -83
789052050700754432 53 -30 -49
789052050740435456 -163 60 -118
789052050780116480 -509 152 -15
789052050819797632 -1597 -49 155
789052050859478656 -2000 -513 89
789052050899159606 -2000 -342 241
789052050938817664 -2000 -312 253
789052050978475776 -2000 -224 72
789052051018133888 -1192 33 -58
789052051057792128 -307 113 -34
789052051097450240 174 226 -145
789052051137108352 496 53 -249
789052051176766464 169 -146 -37
789052051216424704 -10 -12 -20
789052051256082816 -102 -32 16
789052051295740928 -526 -146 55
789052051335399040 -1956 -101 -21
789052051375057280 -2000 -354 -134
789052051414715392 -2000 71 -153
789052051454373504 -2000 -164 213
789052051494031616 -1853 -243 -124
789052051533689728 -767 -139 -1
789052051573347968 -71 12 -64
789052051613006080 116 10 -342
789052051652664192 611 -25 -114
789052051692322304 84 43 116
789052051731980544 27 -18 86
789052051771638656 -92 108 16
789052051811296768 -424 92 61
789052051850954880 -1261 -274 425
789052051890613120 -2000 -142 -365
789052051930271232 -2000 -277 -26
789052051969929344 -2000 -278 -50
789052052009587456 -1511 166 -91
789052052049245568 -527 141 70
789052052088903808 59 -3 38
789052052128561920 493 0 -62
789052052168220032 123 25 -81
789052052207878144 59 50 -78
789052052247536384 -23 54 -96
789052052287194496 -120 55 30
789052052326852700 -1433 -87 -108
789052052366494720 -2000 -230 -214
789052052406136704 -2000 -37 150
789052052445778816 -2000 -54 116
789052052485420800 -2000 -166 127
789052052525062912 -1613 -109 -37
789052052564704896 -962 -3 -54
789052052604346880 -241 108 -83
789052052643988992 180 -24 -57
789052052683630976 473 -14 -87
789052052723273088 136 10 -95
789052052762915072 91 -36 35
789052052802557056 -127 62 25
789052052842199168 -500 -25 -78
789052052881841152 -2000 -354 216
789052052921483136 -2000 -405 -47
789052052961125248 -2000 -307 185
789052053000767232 -2000 -141 231
789052053040409344 -1070 0 -229
789052053080051328 -374 180 10
789052053119693312 119 144 -82
789052053159335424 615 105 -175
789052053198977408 196 -53 -79
789052053238619520 3 -22 28
789052053278261504 -140 134 -18
789052053317903488 -282 105 -49
789052053357545600 -2000 -208 -80
789052053397187584 -2000 -362 -128
789052053436829696 -2000 -259 -31
789052053476471680 -2000 -194 240
789052053516113664 -1226 -88 -243
789052053555755776 -539 8 -29
789052053595397760 9 -19 -40
789052053635039744 291 78 -52
789052053674681856 357 36 -51
789052053714323840 176 14 -77
789052053753965924 3 37 -76
789052053793617280 -297 -60 26
789052053833268608 -972 -108 232
789052053872919936 -2000 -216 96
789052053912571392 -2000 -460 150
789052053952222720 -2000 -479 272
789052053991874048 -2000 -301 162
789052054031525376 -1192 -21 -30
789052054071176832 -402 25 -33
789052054110828160 169 8 -87
789052054150479488 601 129 -98
789052054190130816 224 188 -99
789052054229782272 -29 87 -33
789052054269433600 -177 17 -108
789052054309084928 -319 -53 -44
789052054348736256 -2000 -280 -129
789052054388387712 -1968 -319 -203
789052054428039040 -2000 -293 -17
789052054467690368 -2000 -252 109
789052054507341696 -2000 -88 135
789052054546993152 -901 -80 -136
789052054586644480 -310 60 -123
789052054626295808 40 -51 -117
789052054665947136 386 -121 -163
789052054705598592 293 98 -80
789052054745249920 163 -7 -62
789052054784901248 -47 50 -56
789052054824552576 -368 0 82
789052054864204032 -1371 -44 164
789052054903855360 -2000 -101 20
789052054943506688 -2000 -330 73
789052054983158016 -2000 -350 136
789052055022809472 -1817 119 -92
789052055062460800 -763 224 155
789052055102112128 -117 -9 -193
789052055141763456 318 -170 -56
789052055181414858 402 127 -78
789052055221064576 160 108 -15
789052055260714240 43 83 -119
789052055300363904 -55 32 2
789052055340013568 -650 -161 21
789052055379663232 -2000 -358 -305
789052055419312896 -2000 -288 -101
789052055458962560 -2000 -237 118
789052055498612224 -2000 -172 180
789052055538261888 -1261 -199 -238
789052055577911552 -503 -21 35
789052055617561216 -14 -32 -75
789052055657210880 344 83 -139
789052055696860544 380 52 -120
789052055736510208 193 -23 -73
789052055776159872 0 44 -28
789052055815809536 -300 176 -138
789052055855459200 -869 -100 127
789052055895108864 -2000 -181 51
789052055934758528 -2000 -239 -84
789052055974408192 -2000 -326 178
789052056014057856 -2000 -224 143
789052056053707520 -991 43 -29
789052056093357184 -376 350 77
789052056133006848 97 87 -309
789052056172656512 570 -122 -238
789052056212306176 377 -265 -115
789052056251955840 34 -182 -27
789052056291605504 -81 232 -47
789052056331255168 -251 102 -182
789052056370904832 -1530 -181 62
789052056410554496 -2000 -308 -306
789052056450204160 -2000 -199 95
789052056489853824 -2000 -228 351
789052056529503488 -2000 -251 330
789052056569153152 -1035 -141 -393
789052056608802734 -438 -9 -36
789052056648448128 -57 -11 -144
789052056688093568 146 -34 -178
789052056727739008 480 63 -31
789052056767384448 175 40 25
789052056807029888 17 -17 31
789052056846675200 -261 50 29
789052056886320640 -973 -128 29
789052056925966080 -2000 -276 21
789052056965611520 -2000 -379 2
789052057005256960 -2000 -60 57
789052057044902400 -2000 175 33
789052057084547840 -821 160 -147
789052057124193280 -84 86 -141
789052057163838720 361 -120 -97
789052057203484032 331 7 -202
789052057243129472 108 -10 -46
789052057282774912 -31 26 -59
789052057322420352 -26 56 -49
789052057362065792 -355 -36 137
789052057401711232 -2000 -286 -128
789052057441356672 -2000 -41 -156
789052057481002112 -2000 -108 -191
789052057520647552 -2000 -142 91
789052057560292864 -1370 -152 -445
789052057599938304 -550 -44 310
789052057639583744 -56 64 -40
789052057679229184 420 162 -158
789052057718874624 418 -18 -131
789052057758520064 239 4 -130
789052057798165504 -16 43 -167
789052057837810944 -345 24 -116
789052057877456384 -1247 -84 -69
789052057917101696 -2000 -322 -90
789052057956747136 -2000 -362 88
789052057996392576 -2000 -454 110
789052058036038062 -2000 -236 -84
789052058075686016 -1649 -95 -158
789052058115334016 -684 -11 14
789052058154982016 -148 164 -70
789052058194629888 527 -33 -411
789052058234277888 550 6 -107
789052058273925888 115 64 -107
789052058313573888 -106 25 -37
789052058353221760 -250 28 -66
789052058392869760 -1318 -226 -121
789052058432517760 -2000 -188 220
789052058472165760 -2000 -125 360
789052058511813632 -2000 -83 234
789052058551461632 -2000 -229 540
789052058591109632 -1327 -116 135
789052058630757632 -413 22 -84
789052058670405504 39 8 -153
789052058710053504 211 8 -263
789052058749701504 439 28 -141
789052058789349504 66 68 -13
789052058828997376 -93 -44 -29
789052058868645376 -241 25 -129
789052058908293376 -749 -96 348
789052058947941376 -2000 -300 34
789052058987589248 -2000 -218 361
789052059027237248 -2000 -43 402
789052059066885248 -1762 -133 133
789052059106533248 -672 -8 -151
789052059146181120 -67 -14 -253
789052059185829120 355 -3 -257
789052059225477120 318 26 -1
789052059265125120 43 35 37
789052059304772992 17 120 -141
789052059344420992 -65 42 -21
789052059384068992 -1188 -304 231
789052059423716992 -2000 -161 8
789052059463364916 -2000 -97 371
789052059503032320 -2000 -138 -75
789052059542699776 -2000 -78 528
789052059582367232 -882 68 -119
789052059622034688 -123 27 -53
789052059661702144 26 -47 -282
789052059701369600 355 -127 -82
789052059741037056 223 48 -50
789052059780704640 75 36 -82
789052059820372096 -93 40 -18
789052059860039552 -373 60 19
789052059899707008 -1005 -57 236
789052059939374464 -2000 -450 -180
789052059979041920 -2000 -347 91
789052060018709376 -2000 -278 181
789052060058376832 -2000 -73 -17
789052060098044288 -866 29 -66
789052060137711744 -141 72 -81
789052060177379200 397 -67 -95
789052060217046656 359 -7 -171
789052060256714112 53 21 16
789052060296381568 -144 91 -9
789052060336049152 -256 35 75
789052060375716608 -1056 -195 16
789052060415384064 -2000 -264 -179
789052060455051520 -2000 -112 -73
789052060494718976 -1835 -129 270
789052060534386432 -1214 -138 -48
789052060574053888 -773 -88 24
789052060613721344 -460 4 -128
789052060653388800 -466 42 -90
789052060693056256 -559 42 -76
789052060732723712 -720 62 -121
789052060772391168 -1286 -7 -158
789052060812058624 -1272 -176 -133
789052060851726080 -1219 -95 1
789052060891393668 -791 -94 63
789052060931064576 -730 -99 -29
789052060970735488 -989 -92 -40
789052061010406272 -1123 -94 -63
789052061050077184 -1146 -90 -46
789052061089747968 -1075 -61 -91
789052061129418880 -906 -28 -91
789052061169089664 -901 -79 -82
789052061208760576 -1152 -94 -286
789052061248431488 -769 -57 -384
789052061288102272 -916 68 83
789052061327773184 -1203 144 -72
789052061367443968 -992 56 -199
789052061407114880 -954 -13 -125
789052061446785664 -1014 -14 18
789052061486456576 -1027 -61 48
789052061526127488 -968 -37 -5
789052061565798272 -927 -34 48
789052061605469184 -969 -19 -21
789052061645139968 -907 5 119
789052061684810880 -1031 79 51
789052061724481664 -1028 117 -14
789052061764152576 -1006 140 16
789052061803823488 -1066 134 31
789052061843494272 -1025 116 85
789052061883165184 -1033 66 46
789052061922835968 -1114 15 8
789052061962506880 -1201 -23 -111
789052062002177664 -981 -71 -210
789052062041848576 -934 -202 -144
789052062081519488 -823 -299 -253
789052062121190272 -897 -263 -156
789052062160861184 -1030 -184 -126
789052062200531968 -944 -179 -64
789052062240202880 -967 -144 35
789052062279873664 -903 -149 92
789052062319544518 -965 -168 -28
789052062359226496 -917 -166 -62
789052062398908416 -893 -147 111
789052062438590208 -967 -121 45
789052062478272128 -922 -111 43
789052062517954048 -952 -192 -93
789052062557635840 -931 -212 -33
789052062597317760 -984 -190 -44
789052062636999680 -1011 -177 -2
789052062676681472 -1129 -101 124
789052062716363392 -990 -184 -27
789052062756045312 -950 -192 31
789052062795727104 -1122 -172 -77
789052062835409024 -1233 -119 -284
789052062875090944 -1112 -7 -184
789052062914772736 -940 85 -165
789052062954454656 -786 44 -241
789052062994136576 -840 -72 -230
789052063033818368 -1006 -81 -216
789052063073500288 -1041 -77 -170
789052063113182208 -1001 -84 -89
789052063152864000 -953 -90 -62
789052063192545920 -985 -92 -23
789052063232227840 -973 -88 -80
789052063271909632 -945 -100 -114
789052063311591552 -1008 -109 -131
789052063351273472 -1046 -43 -172
789052063390955264 -973 -68 -153
789052063430637184 -841 -170 -185
789052063470319104 -845 -204 -125
789052063510000896 -941 -208 -199
789052063549682816 -1123 -265 -121
789052063589364736 -1179 -222 -82
789052063629046528 -1064 -227 -103
789052063668728448 -877 -219 -50
789052063708410368 -788 -215 -66
789052063748092120 -785 -263 -117
789052063787770624 -885 -311 -126
789052063827449088 -981 -353 -139
789052063867127552 -972 -330 -73
789052063906806144 -920 -288 -35
789052063946484608 -949 -344 -44
789052063986163072 -941 -388 -195
789052064025841536 -839 -409 -152
789052064065520000 -832 -454 -141
789052064105198464 -889 -452 -170
789052064144877056 -947 -440 -198
789052064184555520 -992 -338 -325
789052064224233984 -1068 -171 -336
789052064263912448 -969 6 -342
789052064303590912 -1019 169 -107
789052064343269376 -914 234 -90
789052064382947968 -971 153 -157
789052064422626432 -1107 71 -164
789052064462304896 -1026 76 -221
789052064501983360 -849 51 -205
789052064541661824 -841 64 -300
789052064581340288 -693 29 -275
789052064621018880 -793 35 -399
789052064660697344 -822 62 -406
789052064700375808 -831 94 -451
789052064740054272 -826 134 -575
789052064779732736 -718 156 -573
789052064819411328 -627 86 -583
789052064859089792 -576 47 -690
789052064898768256 -606 58 -830
789052064938446720 -583 74 -811
789052064978125184 -640 98 -676
789052065017803648 -596 62 -772
789052065057482240 -539 -18 -859
789052065097160704 -530 -34 -876
789052065136839168 -571 -47 -967
789052065176517624 -604 -65 -993
789052065216172416 -522 -27 -1010
789052065255827200 -544 -14 -1029
789052065295481856 -545 -30 -1006
789052065335136640 -507 -109 -910
789052065374791424 -482 -161 -926
789052065414446208 -523 -110 -907
789052065454100864 -541 -94 -896
789052065493755648 -600 -150 -932
789052065533410432 -714 -199 -994
789052065573065216 -797 -169 -1048
789052065612719872 -920 -159 -977
789052065652374656 -981 -133 -912
789052065692029440 -981 -140 -635
789052065731684224 -954 -112 -395
789052065771338880 -872 -31 -317
789052065810993664 -805 50 -275
789052065850648448 -832 91 -376
789052065890303232 -859 18 -394
789052065929957888 -954 -90 -217
789052065969612672 -937 -111 -140
789052066009267456 -932 -48 -119
789052066048922112 -976 15 -26
789052066088576896 -1015 34 -44
789052066128231680 -1020 -7 -74
789052066167886464 -935 -87 -117
789052066207541120 -985 -94 -4
789052066247195904 -1007 -125 -11
789052066286850688 -1009 -116 -4
789052066326505472 -1016 -67 34
789052066366160128 -1010 -44 71
789052066405814912 -983 -37 47
789052066445469696 -927 -82 264
789052066485124480 -953 -100 88
789052066524779136 -899 -52 204
789052066564433920 -912 -15 213
789052066604088636 -949 -3 206
789052066643749248 -961 -2 227
789052066683409920 -958 -44 190
789052066723070592 -899 -87 219
789052066762731264 -921 -90 131
789052066802391936 -974 -109 174
789052066842052608 -999 -120 164
789052066881713408 -971 -131 145
789052066921374080 -951 -131 135
789052066961034752 -967 -110 170
789052067000695424 -976 -109 79
789052067040356096 -986 -97 86
789052067080016768 -980 -122 114
789052067119677440 -930 -74 86
789052067159338112 -960 -124 96
789052067198998784 -1016 -114 66
789052067238659456 -1005 -94 73
789052067278320256 -987 -99 45
789052067317980928 -983 -87 80
789052067357641600 -968 -54 62
789052067397302272 -961 -79 75
789052067436962944 -983 -100 78
789052067476623616 -919 -92 -44
789052067516284288 -923 -108 111
789052067555944960 -1010 -127 96
789052067595605632 -1210 -199 102
789052067635266304 -1095 -178 -22
789052067674926976 -936 -111 20
789052067714587776 -864 -63 -10
789052067754248448 -906 -97 -55
789052067793909120 -999 -197 -21
789052067833569792 -1011 -112 -2
789052067873230464 -914 59 19
789052067912891136 -1091 89 -68
789052067952551808 -1037 -192 15
789052067992212480 -1141 -159 -57
789052068031873264 -951 -183 59
789052068071525504 -979 -72 98
789052068111177728 -983 7 66
789052068150829952 -919 20 88
789052068190482176 -852 -31 129
789052068230134272 -974 -101 140
789052068269786496 -1038 -107 30
789052068309438720 -1020 -106 217
789052068349090944 -1045 -72 222
789052068388743168 -981 -5 172
789052068428395392 -906 -18 106
789052068468047616 -899 -45 174
789052068507699712 -947 -44 271
789052068547351936 -990 -95 211
789052068587004160 -981 -113 184
789052068626656384 -952 -146 98
789052068666308608 -941 -136 231
789052068705960832 -989 -104 194
789052068745613056 -971 -98 206
789052068785265152 -933 -103 224
789052068824917376 -954 -94 209
789052068864569600 -969 -88 233
789052068904221824 -974 -82 217
789052068943874048 -949 -73 249
789052068983526272 -997 -60 187
789052069023178496 -912 -62 307
789052069062830720 -972 -70 248
789052069102482816 -950 -63 251
789052069142135040 -925 -67 290
789052069181787264 -931 -62 271
789052069221439488 -913 -68 320
789052069261091712 -931 -53 285
789052069300743936 -921 -58 291
789052069340396160 -947 -42 287
789052069380048256 -908 -47 294
789052069419700480 -954 -36 343
789052069459352686 -937 -40 295
789052069499034624 -909 -31 326
789052069538716544 -944 -56 308
789052069578398336 -899 -63 291
789052069618080256 -954 -60 280
789052069657762176 -919 -68 242
789052069697443968 -922 -22 320
789052069737125888 -958 8 233
789052069776807808 -792 -31 342
789052069816489600 -974 -146 172
789052069856171520 -946 -96 121
789052069895853440 -1005 -42 436
789052069935535232 -1106 -50 308
789052069975217152 -839 -82 219
789052070014899072 -822 -95 218
789052070054580864 -930 -87 179
789052070094262784 -973 -33 304
789052070133944704 -966 -27 293
789052070173626496 -943 -72 264
789052070213308416 -928 -62 165
789052070252990336 -998 -48 216
789052070292672128 -1020 -48 214
789052070332354048 -977 -44 184
789052070372035968 -960 -45 191
789052070411717760 -951 -52 121
789052070451399680 -1006 -70 156
789052070491081600 -998 -41 172
789052070530763392 -898 -77 221
789052070570445312 -975 -105 171
789052070610127232 -984 -109 141
789052070649809024 -1003 -106 113
789052070689490944 -1004 -91 115
789052070729172864 -982 -70 123
789052070768854656 -975 -49 133
789052070808536576 -988 -59 150
789052070848218496 -982 -53 172
789052070887900292 -951 -75 110
789052070927588992 -960 -89 129
789052070967277696 -1025 -73 73
789052071006966272 -985 -49 105
789052071046654976 -975 -67 123
789052071086343680 -957 -78 137
789052071126032256 -961 -81 144
789052071165720960 -983 -81 105
789052071205409664 -973 -92 100
789052071245098240 -993 -86 104
789052071284786944 -978 -89 108
789052071324475648 -985 -87 102
789052071364164224 -1027 -83 81
789052071403852928 -1003 -84 67
789052071443541504 -1017 -61 69
789052071483230208 -995 -59 87
789052071522918912 -988 -81 55
789052071562607488 -971 -86 51
789052071602296192 -954 -59 120
789052071641984896 -996 -93 106
789052071681673472 -962 -148 86
789052071721362176 -975 -151 54
789052071761050880 -1006 -118 87
789052071800739456 -984 -96 116
789052071840428160 -961 -91 124
789052071880116864 -986 -92 162
789052071919805440 -972 -69 149
789052071959494144 -962 -45 200
789052071999182848 -1008 -23 145
789052072038871424 -905 -36 237
789052072078560128 -978 -41 194
789052072118248832 -987 -45 186
789052072157937408 -954 -58 203
789052072197626112 -968 -56 218
789052072237314688 -962 -56 228
789052072277003392 -959 -48 216
789052072316692024 -945 -39 216
789052072356385664 -973 -34 223
789052072396079360 -909 -27 211
789052072435773184 -923 -32 283
789052072475466880 -957 -28 205
789052072515160704 -956 -29 233
789052072554854400 -961 -31 239
789052072594548096 -958 -35 229
789052072634241920 -953 -38 226
789052072673935616 -968 -44 219
789052072713629312 -961 -59 222
789052072753323136 -1005 -53 178
789052072793016832 -924 -55 218
789052072832710656 -961 -55 223
789052072872404352 -981 -42 217
789052072912098048 -961 -46 252
789052072951791872 -999 -30 184
789052072991485568 -982 -32 148
789052073031179392 -958 -69 176
789052073070873088 -920 -75 193
789052073110566784 -928 -58 205
789052073150260608 -959 -47 150
789052073189954304 -946 -52 226
789052073229648000 -993 -63 175
789052073269341824 -980 -79 120
789052073309035520 -1024 -32 248
789052073348729344 -1034 -4 198
789052073388423040 -919 -76 13
789052073428116736 -878 -133 35
789052073467810560 -979 -160 95
789052073507504256 -1044 -117 157
789052073547197952 -987 -85 99
789052073586891776 -964 -44 85
789052073626585472 -979 -21 112
789052073666279296 -986 -38 89
789052073705972992 -987 -70 68
789052073745666844 -1002 -84 52
789052073785335168 -999 -88 21
789052073825003520 -1005 -83 26
789052073864671744 -1011 -83 53
789052073904340096 -1036 -68 55
789052073944008448 -1011 -70 75
789052073983676672 -963 -63 92
789052074023345024 -975 -57 79
789052074063013376 -979 -56 89
789052074102681728 -982 -63 116
789052074142349952 -982 -69 145
789052074182018304 -965 -55 157
789052074221686656 -967 -44 158
789052074261354880 -992 -37 172
789052074301023232 -952 -40 140
789052074340691584 -935 -54 212
789052074380359808 -997 -50 156
789052074420028160 -984 -52 172
789052074459696512 -961 -49 186
789052074499364864 -969 -50 192
789052074539033088 -970 -45 204
789052074578701440 -970 -37 198
789052074618369792 -954 -34 213
789052074658038016 -995 -25 159
789052074697706368 -898 -33 246
789052074737374720 -982 -39 212
789052074777042944 -987 -34 173
789052074816711296 -947 -40 208
789052074856379648 -975 -41 210
789052074896048000 -972 -49 227
789052074935716224 -961 -41 210
789052074975384576 -956 -33 207
789052075015052928 -974 -29 226
789052075054721152 -953 -30 176
789052075094389504 -907 -39 282
789052075134057856 -958 -40 175
789052075173726124 -912 -33 179
789052075213387648 -923 -39 211
789052075253049216 -975 -28 206
789052075292710656 -982 -26 191
789052075332372224 -976 -51 174
789052075372033792 -1009 -51 198
789052075411695360 -1012 -44 163
789052075451356800 -959 -31 104
789052075491018368 -961 -41 129
789052075530679936 -992 -32 138
789052075570341376 -1023 -28 138
789052075610002944 -977 -30 156
789052075649664512 -962 -32 152
789052075689326080 -969 -37 147
789052075728987520 -993 -57 154
789052075768649088 -984 -45 156
789052075808310656 -977 -32 98
789052075847972096 -925 -68 134
789052075887633664 -952 -80 129
789052075927295232 -1006 -77 106
789052075966956800 -993 -89 119
789052076006618240 -1001 -77 110
789052076046279808 -978 -59 106
789052076085941376 -962 -51 102
789052076125602816 -998 -55 91
789052076165264384 -1009 -58 97
789052076204925952 -985 -53 64
789052076244587520 -951 -62 95
789052076284248960 -982 -57 59
789052076323910528 -1011 -62 62
789052076363572096 -1001 -71 69
789052076403233536 -985 -71 32
789052076442895104 -984 -70 34
789052076482556672 -989 -69 37
789052076522218240 -996 -68 21
789052076561879680 -1008 -57 32
789052076601541264 -987 -55 38
789052076641201920 -1015 -59 58
789052076680862592 -1025 -60 52
789052076720523264 -1011 -60 43
789052076760183936 -983 -56 57
789052076799844608 -989 -55 81
789052076839505408 -1018 -58 125
789052076879166080 -987 -53 170
789052076918826752 -921 -47 179
789052076958487424 -946 -49 100
789052076998148096 -895 -60 198
789052077037808768 -1001 -67 137
789052077077469440 -1005 -51 157
789052077117130112 -973 -49 173
789052077156790784 -977 -43 161
789052077196451456 -966 -45 189
789052077236112256 -968 -45 202
789052077275772928 -968 -36 208
789052077315433600 -986 -26 203
789052077355094272 -969 -31 110
789052077394754944 -898 -76 313
789052077434415616 -966 -84 283
789052077474076288 -987 -63 222
789052077513736960 -932 -40 212
789052077553397632 -950 -14 213
789052077593058304 -958 -51 230
789052077632719104 -955 -92 215
789052077672379776 -923 -82 210
789052077712040448 -958 -61 190
789052077751701120 -929 -47 187
789052077791361792 -943 -47 268
789052077831022464 -988 -70 155
789052077870683136 -1002 -54 169
789052077910343808 -995 -59 184
789052077950004480 -947 -84 172
789052077989665152 -963 -91 184
789052078029325920 -969 -89 183
789052078068998528 -970 -88 155
789052078108671104 -1008 -80 133
789052078148343680 -933 -82 118
789052078188016128 -976 -82 166
789052078227688704 -1003 -58 121
789052078267361280 -985 -40 141
789052078307033856 -966 -44 149
789052078346706432 -988 -63 146
789052078386379008 -1025 -129 165
789052078426051456 -1024 -157 86
789052078465724032 -957 -132 124
789052078505396608 -1010 -94 119
789052078545069184 -909 -116 203
789052078584741760 -932 -106 219
789052078624414208 -955 -78 205
789052078664086784 -928 -65 250
789052078703759360 -986 -71 181
789052078743431936 -936 -116 224
789052078783104512 -979 -125 271
789052078822776960 -987 -78 184
789052078862449536 -899 -52 197
789052078902122112 -970 -56 180
789052078941794688 -961 -81 300
789052078981467264 -948 -88 182
789052079021139840 -886 -72 177
789052079060812288 -940 -85 222
789052079100484864 -994 -78 237
789052079140157440 -984 -65 251
789052079179830016 -942 -55 203
789052079219502592 -951 -65 193
789052079259175040 -978 -74 212
789052079298847616 -981 -75 165
789052079338520192 -939 -80 263
789052079378192768 -984 -76 198
789052079417865344 -982 -77 193
789052079457537798 -976 -90 199
789052079497200128 -986 -98 172
789052079536862464 -959 -73 175
789052079576524928 -946 -33 228
789052079616187264 -937 -35 220
789052079655849600 -954 -74 192
789052079695512064 -941 -80 117
789052079735174400 -907 -71 224
789052079774836736 -1002 -90 167
789052079814499200 -993 -60 220
789052079854161536 -1004 -92 173
789052079893823872 -954 -112 97
789052079933486336 -946 -101 89
789052079973148672 -1003 -104 112
789052080012811008 -1020 -92 101
789052080052473472 -996 -87 86
789052080092135808 -960 -91 86
789052080131798144 -974 -95 85
789052080171460608 -994 -91 72
789052080211122944 -1011 -87 49
789052080250785280 -992 -87 77
789052080290447744 -995 -76 103
789052080330110080 -997 -75 80
789052080369772416 -979 -80 73
789052080409434880 -985 -85 52
789052080449097216 -998 -84 50
789052080488759552 -963 -76 41
789052080528422016 -969 -82 75
789052080568084352 -991 -76 62
789052080607746688 -1008 -75 65
789052080647409152 -995 -73 56
789052080687071488 -980 -74 37
789052080726733824 -992 -69 35
789052080766396288 -991 -68 38
789052080806058624 -1012 -60 45
789052080845720960 -1037 -69 89
789052080885383452 -1007 -65 46
789052080925040768 -965 -66 72
789052080964698112 -978 -57 88
789052081004355328 -1019 -57 77
789052081044012672 -954 -64 113
789052081083669888 -973 -87 167
789052081123327232 -1030 -120 89
789052081162984576 -945 -82 98
789052081202641792 -946 -38 94
789052081242299136 -1005 -6 108
789052081281956352 -979 -6 103
789052081321613696 -964 -30 175
789052081361271040 -995 -42 132
789052081400928256 -985 -34 115
789052081440585600 -958 -27 150
789052081480242816 -972 -39 169
789052081519900160 -975 -48 175
789052081559557504 -979 -61 182
789052081599214720 -983 -51 162
789052081638872064 -993 -50 192
789052081678529408 -933 -57 180
789052081718186624 -936 -45 226
789052081757843968 -972 -37 147
789052081797501184 -952 -27 161
789052081837158528 -980 -29 197
789052081876815872 -993 -41 182
789052081916473088 -958 -50 190
789052081956130432 -922 -55 199
789052081995787648 -948 -62 166
789052082035444992 -967 -54 197
789052082075102336 -1017 -43 135
789052082114759552 -937 -59 211
789052082154416896 -977 -51 148
789052082194074112 -1000 -42 136
789052082233731456 -975 -56 149
789052082273388800 -986 -45 130
789052082313046022 -973 -50 154
789052082352709248 -971 -42 187
789052082392372480 -974 -40 174
789052082432035712 -956 -50 195
789052082471698944 -994 -48 147
789052082511362176 -909 -53 219
789052082551025408 -981 -60 194
789052082590688640 -987 -39 149
789052082630351872 -939 -41 159
789052082670015104 -978 -36 163
789052082709678336 -967 -45 205
789052082749341568 -950 -47 161
789052082789004800 -974 -34 172
789052082828668032 -991 -35 188
789052082868331264 -999 -38 99
789052082907994368 -942 -47 165
789052082947657600 -996 -50 141
789052082987320832 -999 -43 105
789052083026984064 -991 -49 111
789052083066647296 -988 -53 109
789052083106310528 -974 -67 108
789052083145973760 -977 -77 111
789052083185636992 -995 -65 105
789052083225300224 -980 -59 107
789052083264963456 -997 -52 80
789052083304626688 -957 -63 83
789052083344289920 -979 -70 104
789052083383953152 -1009 -71 81
789052083423616384 -996 -66 70
789052083463279616 -991 -67 80
789052083502942848 -976 -75 73
789052083542606080 -987 -75 68
789052083582269312 -1000 -70 66
789052083621932544 -988 -70 52
789052083661595776 -1001 -62 54
789052083701259008 -970 -63 61
789052083740922204 -988 -72 59
789052083780558336 -1015 -83 56
789052083820194432 -1024 -115 36
789052083859830528 -927 -78 52
789052083899466624 -969 -37 54
789052083939102720 -994 -26 45
789052083978738816 -987 -33 56
789052084018374912 -988 -50 48
789052084058011008 -1001 -61 53
789052084097647104 -979 -56 35
789052084137283200 -1000 -52 75
789052084176919296 -1016 -48 69
789052084216555392 -1007 -52 59
789052084256191488 -994 -65 65
789052084295827584 -990 -70 74
789052084335463680 -984 -76 106
789052084375099904 -976 -74 112
789052084414736000 -986 -63 107
789052084454372096 -974 -57 145
789052084494008192 -1003 -38 114
789052084533644288 -929 -55 170
789052084573280384 -965 -61 161
789052084612916480 -1000 -63 152
789052084652552576 -969 -64 160
789052084692188672 -974 -62 179
789052084731824768 -975 -65 187
789052084771460864 -963 -58 174
789052084811096960 -969 -46 175
789052084850733056 -965 -48 193
789052084890369152 -1019 -40 151
789052084930005248 -929 -46 214
789052084969641344 -965 -53 196
789052085009277440 -985 -41 167
789052085048913536 -953 -43 208
789052085088549632 -972 -38 208
789052085128185728 -968 -46 224
789052085167821816 -958 -47 218
789052085207474816 -954 -36 215
789052085247127808 -952 -38 219
789052085286780928 -986 -36 218
789052085326433920 -930 -35 232
789052085366087040 -959 -43 275
789052085405740032 -975 -38 205
789052085445393152 -924 -41 238
789052085485046144 -946 -38 251
789052085524699264 -965 -42 249
789052085564352256 -937 -39 268
789052085604005376 -949 -32 258
789052085643658368 -947 -33 257
789052085683311488 -948 -38 274
789052085722964480 -949 -45 238
789052085762617600 -934 -38 348
789052085802270592 -948 -41 246
789052085841923712 -915 -34 303
789052085881576704 -926 -36 316
789052085921229824 -924 -40 307
789052085960882816 -909 -48 331
789052086000535936 -916 -39 307
789052086040188928 -903 -31 260
789052086079842048 -927 -20 318
789052086119495040 -999 -31 243
789052086159148160 -901 -34 325
789052086198801152 -957 -43 282
789052086238454272 -930 -35 242
789052086278107264 -929 -44 267
789052086317760384 -954 -50 246
789052086357413376 -935 -59 260
789052086397066496 -931 -57 245
789052086436719488 -941 -47 205
789052086476372608 -940 -47 200
789052086516025600 -953 -50 180
789052086555678720 -978 -88 185
789052086595331768 -950 -72 191
789052086634984704 -992 -73 171
789052086674637696 -1007 -64 193
789052086714290816 -990 -67 167
789052086753943808 -984 -50 101
789052086793596928 -967 -73 117
789052086833249920 -981 -91 124
789052086872903040 -1007 -92 128
789052086912556032 -990 -88 133
789052086952209152 -1004 -73 90
789052086991862144 -943 -62 156
789052087031515264 -982 -84 151
789052087071168256 -1008 -135 32
789052087110821376 -986 -67 221
789052087150474368 -966 -60 101
789052087190127488 -913 -73 129
789052087229780480 -973 -87 126
789052087269433600 -999 -99 138
789052087309086592 -998 -89 128
789052087348739712 -996 -87 123
789052087388392704 -949 -74 109
789052087428045824 -948 -56 184
789052087467698816 -978 -79 111
789052087507351936 -1025 -74 102
789052087547004928 -1010 -47 154
789052087586658048 -984 -46 94
789052087626311040 -928 -58 121
789052087665964160 -935 -68 132
789052087705617152 -1000 -69 162
789052087745270272 -1005 -74 131
789052087784923264 -983 -62 79
789052087824576384 -933 -62 144
789052087864229376 -973 -62 120
789052087903882496 -1006 -80 123
789052087943535488 -999 -84 129
789052087983188608 -984 -79 113
789052088022841736 -972 -79 102
789052088062505856 -975 -79 110
789052088102169984 -991 -83 114
789052088141833984 -993 -83 106
789052088181498112 -994 -72 95
789052088221162112 -966 -66 93
789052088260826240 -988 -66 137
789052088300490368 -1011 -69 122
789052088340154368 -1014 -67 121
789052088379818496 -987 -71 123
789052088419482496 -975 -77 106
789052088459146624 -962 -78 145
789052088498810752 -971 -74 160
789052088538474752 -979 -64 162
789052088578138880 -964 -63 177
789052088617802880 -1007 -48 159
789052088657467008 -927 -64 195
789052088697131008 -947 -71 216
789052088736795136 -992 -60 194
789052088776459264 -966 -65 217
789052088816123264 -952 -67 215
789052088855787392 -960 -74 226
789052088895451392 -955 -73 222
789052088935115520 -956 -64 227
789052088974779648 -951 -54 224
789052089014443648 -968 -46 239
789052089054107776 -962 -47 197
789052089093771776 -921 -62 311
789052089133435904 -977 -58 221
789052089173100032 -949 -42 240
789052089212764032 -935 -53 264
789052089252428160 -948 -56 248
789052089292092160 -939 -56 277
789052089331756288 -924 -53 255
789052089371420416 -918 -47 252
789052089411084416 -926 -47 249
789052089450748460 -979 -42 246
789052089490388736 -929 -40 245
789052089530029056 -934 -54 288
789052089569669376 -961 -45 212
789052089609309696 -963 -43 235
789052089648950144 -961 -50 238
789052089688590464 -960 -51 237
789052089728230784 -952 -55 243
789052089767871104 -948 -49 225
789052089807511424 -959 -48 213
789052089847151744 -954 -51 221
789052089886792064 -994 -55 188
789052089926432512 -921 -55 225
789052089966072832 -948 -59 206
789052090005713152 -991 -55 166
789052090045353472 -983 -57 176
789052090084993792 -990 -60 163
789052090124634112 -977 -60 161
789052090164274432 -972 -62 145
789052090203914880 -985 -60 144
789052090243555200 -976 -59 118
789052090283195520 -988 -56 138
789052090322835840 -975 -58 106
789052090362476160 -967 -68 160
789052090402116480 -973 -65 112
789052090441756800 -1000 -55 115
789052090481397248 -994 -67 120
789052090521037568 -978 -66 105
789052090560677888 -973 -64 109
789052090600318208 -982 -64 107
789052090639958528 -991 -60 109
789052090679598848 -987 -66 113
789052090719239168 -993 -58 92
789052090758879616 -964 -67 105
789052090798519936 -980 -67 92
789052090838160256 -994 -67 103
789052090877800630 -993 -60 95
789052090917472256 -989 -66 90
789052090957143936 -980 -68 88
789052090996815616 -984 -71 95
789052091036487424 -987 -69 93
789052091076159104 -987 -67 79
789052091115830784 -997 -67 81
789052091155502464 -984 -65 83
789052091195174144 -999 -70 104
789052091234845952 -999 -61 98
789052091274517632 -1009 -58 108
789052091314189312 -981 -57 109
789052091353860992 -980 -60 112
789052091393532672 -977 -65 127
789052091433204480 -980 -75 114
789052091472876160 -978 -70 126
789052091512547840 -971 -74 146
789052091552219520 -1012 -60 140
789052091591891200 -948 -70 181
789052091631562880 -956 -66 199
789052091671234688 -987 -55 186
789052091710906368 -966 -59 217
789052091750578048 -946 -65 232
789052091790249728 -938 -61 232
789052091829921408 -945 -54 237
789052091869593216 -946 -49 269
789052091909264896 -936 -48 254
789052091948936576 -956 -48 277
789052091988608256 -937 -48 241
789052092028279936 -900 -60 303
789052092067951744 -967 -50 268
789052092107623424 -940 -45 297
789052092147295104 -929 -47 288
789052092186966784 -946 -47 282
789052092226638464 -935 -48 305
789052092266310272 -922 -44 290
789052092305982004 -935 -40 290
789052092345641728 -920 -45 304
789052092385301504 -958 -32 278
789052092424961408 -889 -33 319
789052092464621184 -949 -38 325
789052092504281088 -947 -32 279
789052092543940864 -919 -35 319
789052092583600768 -938 -36 315
789052092623260544 -926 -38 315
789052092662920448 -917 -37 320
789052092702580224 -931 -29 304
789052092742240128 -927 -29 304
789052092781899904 -943 -30 317
789052092821559808 -938 -27 261
789052092861219584 -882 -33 380
789052092900879488 -964 -32 273
789052092940539264 -920 -27 312
789052092980199168 -940 -30 317
789052093019858944 -940 -31 308
789052093059518848 -928 -28 330
789052093099178624 -923 -30 316
789052093138838400 -923 -32 318
789052093178498304 -921 -36 310
789052093218158080 -949 -32 304
789052093257817984 -908 -28 308
789052093297477760 -944 -32 369
789052093337137664 -930 -32 285
789052093376797440 -902 -30 329
789052093416457344 -900 -41 299
789052093456117120 -901 -31 280
789052093495777024 -925 -27 306
789052093535436800 -934 -31 268
789052093575096704 -930 -36 260
789052093614756480 -940 -36 251
789052093654416384 -989 -37 213
789052093694076160 -928 -35 231
789052093733736120 -972 -48 237
789052093773412864 -1006 -40 178
789052093813089664 -990 -46 181
789052093852766464 -980 -47 164
789052093892443264 -961 -52 181
789052093932120064 -961 -49 174
789052093971796864 -978 -41 149
789052094011473664 -979 -43 143
789052094051150336 -982 -44 156
789052094090827136 -985 -43 108
789052094130503936 -952 -49 176
789052094170180736 -985 -60 131
789052094209857536 -1015 -54 109
789052094249534336 -982 -66 126
789052094289211136 -990 -59 108
789052094328887936 -973 -60 122
789052094368564736 -973 -61 123
789052094408241536 -987 -52 126
789052094447918336 -975 -55 109
789052094487595136 -992 -52 137
789052094527271936 -965 -50 84
789052094566948736 -969 -63 122
789052094606625408 -1004 -67 107
789052094646302208 -1005 -61 119
789052094685979008 -966 -68 115
789052094725655808 -978 -64 87
789052094765332608 -978 -65 100
789052094805009408 -978 -69 80
789052094844686208 -996 -61 94
789052094884363008 -991 -70 91
789052094924039808 -1006 -61 87
789052094963716608 -967 -66 96
789052095003393408 -979 -86 57
789052095043070208 -996 -74 85
789052095082747008 -988 -65 73
789052095122423680 -985 -56 79
789052095162100576 -981 -62 69
789052095201762176 -987 -72 81
789052095241423744 -990 -65 64
789052095281085184 -1001 -75 92
789052095320746752 -988 -84 68
789052095360408320 -975 -64 33
789052095400069888 -975 -60 72
789052095439731328 -998 -51 60
789052095479392896 -1002 -53 56
789052095519054464 -991 -52 51
789052095558715904 -992 -62 49
789052095598377472 -986 -73 36
789052095638039040 -987 -79 40
789052095677700608 -1009 -76 55
789052095717362048 -1016 -68 81
789052095757023616 -1027 -91 93
789052095796685184 -994 -77 46
789052095836346624 -948 -70 76
789052095876008192 -975 -49 104
789052095915669760 -1008 -36 97
789052095955331328 -977 -42 105
789052095994992768 -963 -56 110
789052096034654336 -978 -66 120
789052096074315904 -980 -62 127
789052096113977472 -980 -61 144
789052096153638912 -973 -61 135
789052096193300480 -984 -66 167
789052096232962048 -1002 -61 126
789052096272623488 -931 -71 212
789052096312285056 -963 -55 204
789052096351946624 -971 -49 210
789052096391608192 -962 -60 227
789052096431269632 -969 -58 218
789052096470931200 -939 -56 285
789052096510592768 -954 -72 262
789052096550254208 -933 -84 254
789052096589915724 -922 -87 247
789052096629585792 -939 -86 266
789052096669255808 -964 -85 229
789052096708925824 -886 -87 343
789052096748595840 -952 -89 243
789052096788265856 -940 -79 270
789052096827935872 -935 -82 301
789052096867605888 -948 -78 270
789052096907275904 -929 -77 296
789052096946945920 -930 -69 276
789052096986615936 -931 -54 286
789052097026285952 -937 -48 282
789052097065955840 -938 -53 307
789052097105625856 -959 -59 252
789052097145295872 -890 -57 362
789052097184965888 -962 -56 272
789052097224635904 -921 -47 301
789052097264305920 -917 -50 322
789052097303975936 -932 -54 313
789052097343645952 -923 -56 339
789052097383315968 -921 -51 336
789052097422985984 -920 -48 323
789052097462656000 -917 -53 314
789052097502326016 -907 -52 330
789052097541996032 -936 -53 262
789052097581666048 -872 -51 369
789052097621336064 -972 -49 300
789052097661006080 -921 -49 303
789052097700676096 -924 -50 323
789052097740346112 -934 -56 309
789052097780016128 -919 -56 318
789052097819686144 -920 -68 307
789052097859356160 -966 -60 344
789052097899026048 -972 -38 247
789052097938696064 -920 -42 254
789052097978366080 -965 -43 228
789052098018036080 -912 -35 317
789052098057690880 -964 -52 313
789052098097345664 -949 -53 245
789052098137000320 -914 -78 302
789052098176655104 -947 -83 286
789052098216309888 -916 -85 295
789052098255964672 -927 -80 296
789052098295619328 -924 -77 280
789052098335274112 -924 -70 275
789052098374928896 -930 -65 286
789052098414583680 -975 -61 237
789052098454238336 -884 -58 299
789052098493893120 -943 -73 296
789052098533547904 -972 -69 235
789052098573202688 -947 -70 253
789052098612857344 -969 -67 251
789052098652512128 -960 -63 246
789052098692166912 -935 -62 242
789052098731821568 -937 -59 243
789052098771476352 -953 -56 233
789052098811131136 -934 -60 241
789052098850785920 -984 -61 218
789052098890440576 -919 -61 232
789052098930095360 -967 -72 241
789052098969750144 -1014 -57 219
789052099009404928 -960 -61 191
789052099049059584 -935 -56 203
789052099088714368 -952 -52 217
789052099128369152 -950 -49 200
789052099168023936 -961 -51 199
789052099207678592 -961 -49 193
789052099247333376 -977 -52 209
789052099286988160 -1001 -52 155
789052099326642944 -954 -59 156
789052099366297600 -977 -59 143
789052099405952384 -992 -53 133
789052099445607084 -1000 -54 125
789052099485276160 -984 -56 130
789052099524945280 -969 -54 114
789052099564614528 -985 -56 129
789052099604283648 -988 -60 117
789052099643952768 -981 -58 114
789052099683622016 -982 -62 120
789052099723291136 -992 -54 105
789052099762960256 -970 -59 109
789052099802629504 -978 -63 104
789052099842298624 -992 -64 107
789052099881967744 -987 -61 105
789052099921636992 -983 -55 120
789052099961306112 -1020 -63 131
789052100000975232 -1002 -65 122
789052100040644352 -969 -52 116
789052100080313600 -976 -47 117
789052100119982720 -980 -55 114
789052100159651840 -1009 -51 136
789052100199321088 -945 -54 119
789052100238990208 -931 -60 191
789052100278659328 -1008 -57 133
789052100318328576 -982 -50 143
789052100357997696 -963 -49 169
789052100397666816 -980 -49 167
789052100437336064 -983 -61 188
789052100477005184 -971 -65 188
789052100516674304 -966 -54 190
789052100556343552 -966 -53 197
789052100596012672 -988 -55 218
789052100635681792 -943 -57 189
789052100675351040 -923 -66 276
789052100715020160 -980 -59 224
789052100754689280 -957 -53 245
789052100794358528 -928 -58 268
789052100834027648 -932 -55 256
789052100873696884 -927 -53 288
789052100913377920 -933 -50 291
789052100953058944 -937 -54 291
789052100992739968 -933 -52 282
789052101032420992 -946 -55 310
789052101072102016 -936 -49 255
789052101111783040 -895 -54 366
789052101151464064 -968 -51 274
789052101191145088 -923 -46 300
789052101230826112 -921 -54 317
789052101270507136 -939 -54 298
789052101310188160 -923 -57 312
789052101349869184 -927 -50 306
789052101389550336 -929 -44 308
789052101429231360 -924 -43 302
789052101468912384 -932 -46 324
789052101508593408 -950 -47 267
789052101548274432 -878 -47 373
789052101587955456 -952 -52 283
789052101627636480 -912 -41 294
789052101667317504 -910 -39 293
789052101706998528 -936 -43 291
789052101746679552 -933 -46 316
789052101786360576 -939 -53 298
789052101826041600 -928 -51 295
789052101865722624 -925 -50 282
789052101905403648 -924 -59 297
789052101945084672 -969 -54 253
789052101984765696 -902 -60 278
789052102024446720 -929 -73 297
789052102064127744 -945 -63 218
789052102103808768 -954 -54 242
789052102143489792 -981 -58 247
789052102183170816 -970 -62 237
789052102222851840 -934 -63 228
789052102262532864 -947 -64 214
789052102302213942 -965 -61 198
789052102341898368 -977 -63 201
789052102381582848 -985 -65 198
789052102421267200 -951 -61 147
789052102460951680 -955 -71 201
789052102500636032 -988 -71 158
789052102540320512 -995 -64 156
789052102580004864 -981 -78 142
789052102619689344 -983 -81 122
789052102659373696 -965 -85 152
789052102699058176 -965 -90 105
789052102738742528 -983 -90 81
789052102778427008 -1014 -73 82
789052102818111360 -1016 -48 113
789052102857795840 -980 -57 62
789052102897480192 -953 -76 77
789052102937164672 -987 -86 78
789052102976849152 -988 -97 64
789052103016533504 -982 -94 69
789052103056217984 -1000 -89 96
789052103095902336 -972 -113 56
789052103135586816 -1008 -88 83
789052103175271168 -981 -69 56
789052103214955648 -981 -65 52
789052103254640000 -986 -75 54
789052103294324480 -995 -72 46
789052103334008832 -995 -76 62
789052103373693312 -1025 -18 73
789052103413377664 -955 -60 48
789052103453062144 -965 -94 42
789052103492746624 -997 -99 42
789052103532430976 -989 -97 38
789052103572115456 -992 -85 55
789052103611799808 -1000 -76 67
789052103651484288 -1002 -79 61
789052103691168640 -1007 -79 54
789052103730853080 -1013 -76 81
789052103770520576 -993 -67 34
789052103810188032 -960 -68 106
789052103849855488 -974 -57 119
789052103889522944 -1015 -55 109
789052103929190400 -974 -68 144
789052103968857856 -951 -77 153
789052104008525312 -975 -80 165
789052104048192896 -964 -70 186
789052104087860352 -970 -65 191
789052104127527808 -965 -54 179
789052104167195264 -962 -55 198
789052104206862720 -991 -55 209
789052104246530176 -947 -54 177
789052104286197632 -927 -64 253
789052104325865088 -974 -53 190
789052104365532544 -988 -47 226
789052104405200000 -980 -60 247
789052104444867456 -952 -60 219
789052104484534912 -912 -61 243
789052104524202368 -941 -51 245
789052104563869824 -957 -42 254
789052104603537408 -949 -42 246
789052104643204864 -937 -46 273
789052104682872320 -973 -44 258
789052104722539776 -904 -56 291
789052104762207232 -946 -58 293
789052104801874688 -944 -43 269
789052104841542144 -920 -51 305
789052104881209600 -932 -55 311
789052104920877056 -921 -55 315
789052104960544512 -918 -49 325
789052105000211968 -920 -45 332
789052105039879424 -917 -48 334
789052105079546880 -910 -47 317
789052105119214336 -898 -52 328
789052105158881834 -919 -51 254
789052105198554368 -881 -44 354
789052105238226944 -957 -56 311
789052105277899520 -928 -48 276
789052105317571968 -941 -43 305
789052105357244544 -959 -56 293
789052105396917120 -920 -57 276
789052105436589696 -924 -53 259
789052105476262272 -960 -54 256
789052105515934848 -966 -55 246
789052105555607296 -949 -60 232
789052105595279872 -947 -62 230
789052105634952448 -968 -55 185
789052105674625024 -934 -60 233
789052105714297600 -973 -68 212
789052105753970048 -980 -58 191
789052105793642624 -987 -60 194
789052105833315200 -985 -70 175
789052105872987776 -951 -67 169
789052105912660352 -973 -68 186
789052105952332928 -976 -69 171
789052105992005376 -976 -60 169
789052106031677952 -969 -66 134
789052106071350528 -979 -70 161
789052106111023104 -995 -70 116
789052106150695680 -952 -77 152
789052106190368128 -975 -67 126
789052106230040704 -998 -69 133
789052106269713280 -980 -87 118
789052106309385856 -994 -83 116
789052106349058432 -974 -68 111
789052106388731008 -982 -53 119
789052106428403456 -993 -58 120
789052106468076032 -980 -61 107
789052106507748608 -985 -63 109
789052106547421184 -991 -69 109
789052106587093740 -985 -66 83
789052106626793472 -971 -73 111
789052106666493184 -976 -71 99
789052106706192768 -996 -75 108
789052106745892480 -986 -70 103
789052106785592192 -986 -67 100
789052106825291904 -980 -69 99
789052106864991488 -981 -68 106
789052106904691200 -995 -68 111
789052106944390912 -1000 -60 107
789052106984090624 -996 -57 107
789052107023790208 -987 -71 106
789052107063489920 -998 -66 90
789052107103189632 -953 -77 122
789052107142889344 -978 -74 131
789052107182588928 -1015 -63 119
789052107222288640 -985 -59 128
789052107261988352 -964 -67 172
789052107301688064 -964 -75 178
789052107341387648 -970 -69 181
789052107381087360 -970 -63 194
789052107420787072 -964 -60 200
789052107460486784 -958 -62 209
789052107500186368 -951 -65 228
789052107539886080 -991 -64 200
789052107579585792 -914 -71 253
789052107619285504 -948 -68 239
789052107658985088 -974 -50 225
789052107698684800 -953 -49 261
789052107738384512 -948 -62 266
789052107778084224 -938 -66 258
789052107817783808 -936 -68 261
789052107857483520 -934 -58 268
789052107897183232 -943 -52 272
789052107936882944 -959 -48 274
789052107976582528 -941 -59 296
789052108016282194 -949 -54 276
789052108055956480 -888 -52 305
789052108095630720 -946 -53 320
789052108135304960 -938 -42 285
789052108174979200 -913 -44 325
789052108214653440 -924 -50 337
789052108254327680 -921 -56 331
789052108294001920 -916 -53 340
789052108333676160 -911 -49 332
789052108373350400 -905 -48 322
789052108413024768 -908 -46 293
789052108452699008 -914 -49 320
789052108492373248 -947 -49 310
789052108532047488 -906 -52 279
789052108571721728 -903 -61 337
789052108611395968 -952 -44 246
789052108651070208 -968 -47 262
789052108690744448 -947 -61 255
789052108730418688 -963 -65 231
789052108770092928 -973 -60 230
789052108809767168 -960 -54 213
789052108849441408 -964 -51 203
789052108889115648 -975 -54 195
789052108928789888 -977 -53 193
789052108968464128 -986 -55 191
789052109008138368 -960 -53 139
789052109047812608 -945 -62 220
789052109087486976 -980 -67 173
789052109127161216 -985 -56 168
789052109166835456 -963 -67 163
789052109206509696 -980 -69 168
789052109246183936 -982 -63 184
789052109285858176 -964 -55 156
789052109325532416 -970 -58 164
789052109365206656 -974 -60 156
789052109404880896 -982 -57 169
789052109444555100 -977 -58 130
789052109484198016 -958 -62 159
789052109523840896 -980 -65 189
789052109563483776 -974 -58 154
789052109603126656 -985 -57 129
789052109642769536 -964 -66 133
789052109682412416 -980 -68 119
789052109722055296 -979 -63 131
789052109761698176 -981 -59 133
789052109801341056 -983 -60 122
789052109840983936 -983 -57 121
789052109880626816 -987 -57 113
789052109920269696 -994 -52 105
789052109959912576 -969 -54 104
789052109999555456 -980 -58 109
789052110039198336 -988 -55 105
789052110078841216 -993 -52 107
789052110118484096 -979 -53 107
789052110158126976 -987 -54 92
789052110197769856 -982 -61 102
789052110237412736 -985 -61 102
789052110277055616 -989 -59 98
789052110316698496 -983 -55 96
789052110356341376 -983 -58 102
789052110395984256 -1007 -58 113
789052110435627264 -994 -53 99
789052110475270144 -985 -55 108
789052110514913024 -974 -49 119
789052110554555904 -1014 -54 108
789052110594198784 -987 -62 118
789052110633841664 -953 -60 128
789052110673484544 -979 -64 139
789052110713127424 -989 -59 140
789052110752770304 -967 -59 163
789052110792413184 -970 -62 166
789052110832056064 -974 -64 170
789052110871698878 -984 -55 194
789052110911373952 -962 -59 151
789052110951049088 -920 -71 228
789052110990724096 -988 -66 204
789052111030399232 -983 -46 208
789052111070074368 -939 -48 226
789052111109749376 -960 -55 220
789052111149424512 -961 -59 232
789052111189099648 -964 -55 228
789052111228774656 -958 -49 240
789052111268449792 -935 -49 258
789052111308124928 -946 -44 255
789052111347799936 -955 -54 295
789052111387475072 -947 -50 235
789052111427150208 -897 -55 339
789052111466825344 -953 -48 275
789052111506500352 -926 -42 298
789052111546175488 -921 -47 313
789052111585850624 -940 -52 305
789052111625525632 -920 -53 313
789052111665200768 -923 -49 314
789052111704875904 -918 -48 325
789052111744550912 -922 -45 315
789052111784226048 -926 -43 326
789052111823901184 -915 -49 345
789052111863576192 -932 -40 276
789052111903251328 -882 -46 373
789052111942926464 -942 -42 305
789052111982601472 -910 -36 314
789052112022276608 -909 -43 334
789052112061951744 -925 -54 317
789052112101626752 -918 -55 315
789052112141301888 -910 -45 303
789052112180977024 -936 -42 312
789052112220652032 -952 -50 299
789052112260327168 -929 -52 284
789052112300002298 -926 -54 284
789052112339664640 -978 -49 248
789052112379326976 -926 -52 270
789052112418989440 -930 -58 283
789052112458651776 -971 -52 226
789052112498314112 -959 -47 235
789052112537976576 -949 -57 238
789052112577638912 -963 -59 230
789052112617301248 -954 -54 216
789052112656963712 -949 -53 215
789052112696626048 -968 -57 199
789052112736288384 -972 -59 198
789052112775950848 -983 -57 195
789052112815613184 -988 -54 194
789052112855275520 -962 -50 154
789052112894937984 -949 -58 195
789052112934600320 -979 -58 162
789052112974262656 -987 -52 161
789052113013925120 -972 -56 149
789052113053587456 -982 -60 145
789052113093249792 -972 -61 132
789052113132912256 -983 -62 138
789052113172574592 -985 -61 137
789052113212236928 -980 -54 122
789052113251899392 -981 -55 120
789052113291561728 -984 -58 114
789052113331224064 -991 -55 105
789052113370886528 -967 -59 119
789052113410548864 -982 -61 105
789052113450211328 -988 -65 105
789052113489873664 -994 -61 109
789052113529536000 -984 -61 109
789052113569198464 -974 -70 98
789052113608860800 -981 -69 104
789052113648523136 -983 -63 109
789052113688185600 -985 -63 101
789052113727847958 -980 -60 93
789052113767509504 -994 -61 104
789052113807171072 -995 -74 98
789052113846832512 -1018 -70 94
789052113886494080 -1000 -84 91
789052113926155648 -972 -80 114
789052113965817216 -993 -60 125
789052114005478656 -975 -62 127
789052114045140224 -970 -74 135
789052114084801792 -961 -90 149
789052114124463232 -952 -74 202
789052114164124800 -971 -60 206
789052114203786368 -955 -78 215
789052114243447936 -978 -95 215
789052114283109376 -967 -94 190
789052114322770944 -934 -86 210
789052114362432512 -984 -73 188
789052114402093952 -928 -80 250
789052114441755520 -952 -78 247
789052114481417088 -972 -60 226
789052114521078656 -940 -52 246
789052114560740096 -945 -46 263
789052114600401664 -947 -48 253
789052114640063232 -939 -44 275
789052114679724672 -942 -42 271
789052114719386240 -930 -47 273
789052114759047808 -928 -57 271
789052114798709376 -922 -59 259
789052114838370816 -907 -60 253
789052114878032384 -965 -50 260
789052114917693952 -930 -50 277
789052114957355392 -932 -58 316
789052114997016960 -960 -45 236
789052115036678528 -949 -40 245
789052115076340096 -949 -50 255
789052115116001536 -965 -51 238
789052115155663096 -959 -50 240
789052115195326336 -961 -50 236
789052115234989568 -955 -48 236
789052115274652800 -957 -53 235
789052115314316032 -954 -50 231
789052115353979264 -933 -55 235
789052115393642496 -971 -49 236
789052115433305728 -941 -48 222
789052115472968960 -930 -56 269
789052115512632192 -976 -58 221
789052115552295424 -972 -48 234
789052115591958656 -950 -55 237
789052115631621888 -962 -51 226
789052115671285120 -952 -49 235
789052115710948352 -955 -48 229
789052115750611584 -956 -47 231
789052115790274816 -960 -50 230
789052115829937920 -966 -48 230
789052115869601152 -948 -53 230
789052115909264384 -963 -50 197
789052115948927616 -909 -53 211
789052115988590848 -948 -61 253
789052116028254080 -986 -51 189
789052116067917312 -952 -40 208
789052116107580544 -967 -54 203
789052116147243776 -977 -61 198
789052116186907008 -973 -58 167
789052116226570240 -976 -56 165
789052116266233472 -977 -58 158
789052116305896704 -982 -58 142
789052116345559936 -989 -63 123
789052116385223168 -987 -63 127
789052116424886400 -991 -62 104
789052116464549632 -962 -66 145
789052116504212864 -975 -65 95
789052116543876096 -999 -56 110
789052116583539300 -993 -63 97
789052116623210240 -983 -62 104
789052116662881152 -983 -63 105
789052116702551936 -984 -62 105
789052116742222848 -987 -68 103
789052116781893632 -983 -63 86
789052116821564544 -984 -64 96
789052116861235328 -986 -67 93
789052116900906240 -995 -66 99
789052116940577152 -974 -62 83
789052116980247936 -976 -68 93
789052117019918848 -998 -65 98
789052117059589632 -1012 -53 109
789052117099260544 -998 -49 114
789052117138931328 -996 -51 97
789052117178602240 -987 -53 114
789052117218273024 -972 -60 116
789052117257943936 -994 -59 114
789052117297614848 -981 -54 121
789052117337285632 -966 -54 137
789052117376956544 -979 -58 155
789052117416627328 -1003 -53 122
789052117456298240 -946 -56 184
789052117495969024 -966 -58 188
789052117535639936 -977 -48 186
789052117575310848 -970 -51 204
789052117614981632 -943 -53 215
789052117654652544 -960 -59 210
789052117694323328 -968 -56 216
789052117733994240 -966 -48 220
789052117773665024 -966 -47 225
789052117813335936 -957 -46 232
789052117853006848 -941 -49 251
789052117892677632 -983 -45 243
789052117932348544 -904 -54 284
789052117972019328 -943 -53 295
789052118011690128 -960 -44 264
789052118051360128 -923 -46 296
789052118091030144 -923 -49 317
789052118130700160 -928 -52 298
789052118170370176 -925 -49 320
789052118210040192 -921 -44 317
789052118249710208 -919 -42 327
789052118289380224 -920 -41 320
789052118329050240 -916 -44 325
789052118368720256 -936 -42 335
789052118408390272 -913 -43 298
789052118448060288 -895 -45 388
789052118487730176 -936 -41 288
789052118527400192 -907 -40 325
789052118567070208 -914 -42 333
789052118606740224 -928 -44 321
789052118646410240 -916 -46 338
789052118686080256 -921 -42 326
789052118725750272 -921 -47 327
789052118765420288 -921 -47 311
789052118805090304 -926 -48 304
789052118844760320 -930 -55 312
789052118884430336 -954 -50 256
789052118924100352 -891 -53 319
789052118963770368 -948 -54 291
789052119003440384 -966 -48 243
789052119043110400 -951 -50 263
789052119082780416 -954 -54 257
789052119122450432 -954 -52 251
789052119162120448 -951 -52 249
789052119201790464 -949 -51 238
789052119241460480 -944 -49 230
789052119281130496 -957 -50 230
789052119320800384 -962 -56 229
789052119360470400 -978 -52 229
789052119400140416 -940 -47 202
789052119439810482 -936 -54 244
789052119479481344 -971 -60 199
789052119519152256 -961 -50 189
789052119558823040 -965 -59 211
789052119598493952 -982 -56 188
789052119638164736 -970 -52 204
789052119677835648 -985 -69 193
789052119717506432 -970 -57 179
789052119757177344 -965 -45 174
789052119796848256 -979 -42 164
789052119836519040 -978 -47 171
789052119876189952 -985 -55 129
789052119915860736 -952 -54 184
789052119955531648 -968 -59 157
789052119995202432 -977 -60 124
789052120034873344 -985 -59 135
789052120074544128 -983 -57 147
789052120114215040 -982 -59 123
789052120153885952 -974 -58 122
789052120193556736 -988 -57 119
789052120233227648 -985 -53 112
789052120272898432 -980 -54 104
789052120312569344 -985 -54 104
789052120352240128 -995 -58 115
789052120391911040 -988 -59 90
789052120431581952 -969 -65 110
789052120471252736 -981 -62 97
789052120510923648 -993 -56 101
789052120550594432 -990 -50 99
789052120590265344 -984 -58 100
789052120629936128 -979 -58 94
789052120669607040 -985 -64 100
789052120709277824 -983 -62 97
789052120748948736 -985 -56 96
789052120788619648 -983 -57 106
789052120828290432 -992 -55 104
789052120867961302 -1009 -48 104
789052120907651712 -1004 -56 114
789052120947342080 -992 -49 89
789052120987032448 -950 -59 112
789052121026722816 -980 -60 122
789052121066413184 -996 -46 123
789052121106103424 -979 -54 139
789052121145793792 -977 -67 140
789052121185484160 -970 -73 144
789052121225174528 -976 -75 151
789052121264864896 -975 -67 157
789052121304555264 -975 -64 164
789052121344245632 -976 -66 168
789052121383936000 -975 -66 174
789052121423626368 -970 -68 185
789052121463316736 -966 -61 197
789052121503006976 -954 -63 216
789052121542697344 -984 -52 179
789052121582387712 -920 -65 240
789052121622078080 -970 -62 219
789052121661768448 -981 -48 213
789052121701458816 -938 -51 249
789052121741149184 -941 -54 265
789052121780839552 -954 -52 245
789052121820529920 -937 -50 275
789052121860220288 -932 -45 281
789052121899910528 -926 -47 299
789052121939600896 -925 -48 303
789052121979291264 -922 -46 306
789052122018981632 -922 -45 308
789052122058672000 -920 -44 310
789052122098362368 -922 -48 335
789052122138052736 -946 -41 289
789052122177743104 -885 -42 355
789052122217433472 -954 -47 317
789052122257123840 -928 -39 316
789052122296814076 -910 -43 348
789052122336495104 -920 -51 338
789052122376176128 -924 -47 332
789052122415857152 -917 -40 354
789052122455538176 -921 -35 345
789052122495219200 -914 -39 349
789052122534900224 -913 -37 350
789052122574581248 -919 -37 346
789052122614262272 -918 -36 342
789052122653943296 -913 -40 360
789052122693624320 -942 -33 312
789052122733305344 -879 -35 374
789052122772986368 -940 -43 350
789052122812667520 -913 -40 335
789052122852348544 -907 -43 371
789052122892029568 -920 -47 355
789052122931710592 -914 -46 360
789052122971391616 -913 -43 371
789052123011072640 -909 -40 353
789052123050753664 -912 -39 358
789052123090434688 -919 -33 361
789052123130115712 -919 -34 361
789052123169796736 -912 -36 354
789052123209477760 -917 -35 346
789052123249158784 -916 -32 347
789052123288839808 -929 -26 350
789052123328520832 -930 -23 312
789052123368201856 -904 -24 412
789052123407882880 -920 -17 320
789052123447563904 -903 -8 379
789052123487244928 -909 -22 365
789052123526925952 -921 -39 341
789052123566606976 -896 -27 369
789052123606288000 -910 -26 338
789052123645969024 -898 -23 328
789052123685650048 -913 -25 344
789052123725331136 -925 -28 336
789052123765005440 -915 -30 296
789052123804679680 -896 -32 321
789052123844353920 -922 -40 267
789052123884028160 -936 -3 185
789052123923702400 -953 -13 255
789052123963376640 -1023 -40 216
789052124003050880 -975 -49 183
789052124042725120 -959 -38 190
789052124082399360 -967 -52 120
789052124122073728 -992 -80 157
789052124161747968 -985 -69 216
789052124201422208 -1021 -90 213
789052124241096448 -1006 -85 160
789052124280770688 -917 -66 164
789052124320444928 -928 -77 159
789052124360119168 -985 -103 171
789052124399793408 -998 -97 208
789052124439467648 -965 -81 194
789052124479141888 -962 -74 136
789052124518816128 -929 -87 216
789052124558490368 -971 -83 210
789052124598164608 -985 -63 176
789052124637838848 -978 -50 180
789052124677513088 -974 -49 185
789052124717187328 -966 -58 184
789052124756861568 -973 -64 201
789052124796535936 -966 -64 189
789052124836210176 -962 -61 184
789052124875884416 -958 -67 183
789052124915558656 -971 -68 177
789052124955232896 -977 -63 174
789052124994907136 -973 -62 183
789052125034581376 -987 -60 168
789052125074255616 -955 -53 143
789052125113929856 -965 -62 208
789052125153604046 -987 -60 150
789052125193304576 -984 -55 173
789052125233005056 -983 -72 184
789052125272705664 -967 -59 141
789052125312406144 -953 -55 180
789052125352106624 -979 -64 170
789052125391807232 -966 -61 152
789052125431507712 -975 -64 167
789052125471208320 -983 -67 164
789052125510908800 -977 -66 147
789052125550609280 -975 -74 130
789052125590309888 -974 -73 134
789052125630010368 -979 -69 127
789052125669710848 -980 -61 117
789052125709411456 -979 -69 145
789052125749111936 -980 -67 114
789052125788812544 -995 -59 111
789052125828513024 -985 -66 108
789052125868213504 -982 -66 105
789052125907914112 -980 -65 100
789052125947614592 -981 -69 102
789052125987315072 -986 -70 101
789052126027015680 -985 -61 96
789052126066716160 -986 -63 98
789052126106416768 -985 -64 89
789052126146117248 -989 -66 96
789052126185817728 -987 -67 94
789052126225518336 -991 -68 90
789052126265218816 -975 -68 81
789052126304919296 -978 -68 91
789052126344619904 -986 -68 85
789052126384320384 -995 -64 102
789052126424020992 -1002 -65 107
789052126463721472 -1010 -60 101
789052126503421952 -983 -66 109
789052126543122560 -985 -72 116
789052126582823044 -982 -72 117
789052126622513408 -979 -73 121
789052126662203776 -979 -71 128
789052126701894144 -973 -70 153
789052126741584512 -973 -67 149
789052126781274880 -990 -66 181
789052126820965120 -968 -68 151
789052126860655488 -922 -73 219
789052126900345856 -976 -69 189
789052126940036224 -983 -54 181
789052126979726592 -965 -59 204
789052127019416960 -965 -62 214
789052127059107328 -966 -68 211
789052127098797696 -956 -59 225
789052127138488064 -961 -53 226
789052127178178304 -952 -55 236
789052127217868672 -944 -53 232
789052127257559040 -941 -52 231
789052127297249408 -955 -35 261
789052127336939776 -958 -49 261
789052127376630144 -958 -61 206
789052127416320512 -918 -65 280
789052127456010880 -975 -61 231
789052127495701248 -956 -44 228
789052127535391616 -930 -47 246
789052127575081856 -944 -50 243
789052127614772224 -925 -55 233
789052127654462592 -924 -44 241
789052127694152960 -959 -41 243
789052127733843328 -958 -48 239
789052127773533696 -947 -47 239
789052127813224064 -952 -55 226
789052127852914432 -948 -55 222
789052127892604800 -976 -58 228
789052127932295040 -970 -56 187
789052127971985408 -925 -60 236
789052128011675792 -963 -58 210
789052128051352576 -999 -48 190
789052128091029376 -980 -55 189
789052128130706176 -959 -55 194
789052128170382976 -964 -61 177
789052128210059776 -974 -58 184
789052128249736576 -975 -58 177
789052128289413376 -974 -60 167
789052128329090048 -975 -60 158
789052128368766848 -978 -59 162
789052128408443648 -977 -59 152
789052128448120448 -984 -58 155
789052128487797248 -966 -59 134
789052128527474048 -961 -63 158
789052128567150848 -983 -61 130
789052128606827648 -985 -54 129
789052128646504448 -985 -62 132
789052128686181248 -986 -60 131
789052128725858048 -974 -62 113
789052128765534848 -981 -60 113
789052128805211648 -992 -60 106
789052128844888448 -988 -61 104
789052128884565120 -982 -60 89
789052128924241920 -982 -59 93
789052128963918720 -993 -57 93
789052129003595520 -997 -61 92
789052129043272320 -975 -61 76
789052129082949120 -976 -61 99
789052129122625920 -988 -58 82
789052129162302720 -997 -55 86
789052129201979520 -985 -60 76
789052129241656320 -991 -60 85
789052129281333120 -980 -65 84
789052129321009920 -985 -66 84
789052129360686720 -998 -63 97
789052129400363392 -1010 -58 97
789052129440040248 -1000 -57 94
789052129479718656 -991 -58 102
789052129519397120 -983 -60 103
789052129559075584 -978 -60 108
789052129598754176 -988 -64 125
789052129638432640 -974 -57 104
789052129678111104 -941 -61 144
789052129717789568 -988 -66 143
789052129757468032 -1000 -58 125
789052129797146496 -973 -59 139
789052129836825088 -967 -61 171
789052129876503552 -975 -62 166
789052129916182016 -975 -59 179
789052129955860480 -974 -58 184
789052129995538944 -970 -55 186
789052130035217536 -968 -57 203
789052130074896000 -969 -60 213
789052130114574464 -962 -57 221
789052130154252928 -965 -60 231
789052130193931392 -941 -54 233
789052130233609856 -931 -57 239
789052130273288448 -969 -46 228
789052130312966912 -924 -49 240
789052130352645376 -945 -55 277
789052130392323840 -969 -48 236
789052130432002304 -936 -50 259
789052130471680768 -927 -54 259
789052130511359360 -940 -56 250
789052130551037824 -920 -59 238
789052130590716288 -935 -54 246
789052130630394752 -961 -56 246
789052130670073216 -954 -60 242
789052130709751808 -943 -56 239
789052130749430272 -951 -53 238
789052130789108736 -951 -56 229
789052130828787200 -945 -59 226
789052130868465776 -956 -59 215
789052130908137472 -976 -63 208
789052130947809152 -975 -62 168
789052130987480832 -950 -65 214
789052131027152640 -973 -61 189
789052131066824320 -992 -50 166
789052131106496000 -980 -56 166
789052131146167680 -974 -57 166
789052131185839360 -981 -60 141
789052131225511168 -973 -60 152
789052131265182848 -980 -61 136
789052131304854528 -978 -58 130
789052131344526208 -984 -58 124
789052131384197888 -980 -57 115
789052131423869568 -982 -59 114
789052131463541376 -985 -61 111
789052131503213056 -988 -64 112
789052131542884736 -993 -60 105
789052131582556416 -977 -65 92
789052131622228096 -966 -70 114
789052131661899904 -982 -66 98
789052131701571584 -994 -62 104
789052131741243264 -984 -62 103
789052131780914944 -979 -66 107
789052131820586624 -986 -68 96
789052131860258432 -982 -67 100
789052131899930112 -986 -70 101
789052131939601792 -983 -67 95
789052131979273472 -983 -65 102
789052132018945152 -994 -64 106
789052132058616960 -1003 -61 105
789052132098288640 -997 -63 101
789052132137960320 -980 -61 110
789052132177632000 -979 -65 104
789052132217303680 -1012 -63 111
789052132256975360 -974 -64 106
789052132296647132 -943 -65 170
789052132336317184 -984 -60 141
789052132375987200 -996 -52 136
789052132415657216 -974 -60 149
789052132455327232 -972 -58 171
789052132494997248 -967 -64 190
789052132534667264 -973 -59 192
789052132574337280 -970 -55 196
789052132614007296 -955 -55 202
789052132653677312 -959 -57 208
789052132693347328 -967 -52 217
789052132733017216 -962 -57 226
789052132772687232 -953 -53 228
789052132812357248 -958 -51 233
789052132852027264 -959 -50 252
789052132891697280 -966 -48 205
789052132931367296 -909 -52 293
789052132971037312 -966 -51 258
789052133010707328 -938 -51 256
789052133050377344 -919 -57 276
789052133090047360 -926 -58 263
789052133129717376 -939 -55 243
789052133169387392 -919 -55 261
789052133209057408 -940 -51 259
789052133248727424 -944 -51 250
789052133288397440 -941 -55 247
789052133328067456 -943 -53 243
789052133367737472 -953 -55 240
789052133407407488 -952 -56 236
789052133447077504 -946 -56 232
789052133486747520 -965 -62 229
789052133526417408 -967 -62 191
789052133566087424 -938 -65 235
789052133605757440 -961 -64 208
789052133645427456 -983 -54 191
789052133685097472 -976 -55 195
789052133724767476 -968 -58 190
789052133764447616 -981 -58 174
789052133804127744 -971 -59 183
789052133843808000 -972 -62 174
789052133883488128 -977 -61 157
789052133923168384 -972 -62 157
789052133962848512 -973 -56 153
789052134002528640 -980 -58 137
789052134042208896 -979 -60 140
789052134081889024 -981 -58 142
789052134121569280 -987 -55 118
789052134161249408 -968 -56 125
789052134200929664 -974 -60 114
789052134240609792 -993 -62 113
789052134280289920 -996 -57 115
789052134319970176 -975 -63 109
789052134359650304 -986 -59 102
789052134399330560 -980 -65 109
789052134439010688 -985 -67 107
789052134478690816 -984 -60 108
789052134518371072 -987 -59 115
789052134558051200 -1000 -57 123
789052134597731456 -1003 -58 113
789052134637411584 -993 -55 110
789052134677091840 -989 -56 114
789052134716771968 -980 -60 152
789052134756452096 -981 -58 109
789052134796132352 -960 -60 179
789052134835812480 -980 -59 179
789052134875492736 -975 -44 186
789052134915172864 -966 -59 216
789052134954852992 -981 -56 232
789052134994533248 -1002 -59 204
789052135034213376 -953 -52 199
789052135073893632 -923 -59 237
789052135113573760 -915 -57 263
789052135153253996 -913 -57 289
789052135192946944 -926 -59 308
789052135232639872 -950 -50 266
789052135272332800 -932 -42 225
789052135312025600 -915 -49 328
789052135351718528 -961 -65 346
789052135391411456 -910 -99 372
789052135431104384 -992 -72 283
789052135470797184 -923 -50 240
789052135510490112 -900 -63 277
789052135550183040 -923 -90 319
789052135589875968 -942 -82 283
789052135629568768 -903 -69 275
789052135669261696 -903 -62 262
789052135708954624 -928 -82 283
789052135748647552 -948 -96 275
789052135788340352 -944 -100 277
789052135828033280 -940 -109 244
789052135867726208 -920 -121 235
789052135907419136 -939 -147 236
789052135947112064 -958 -161 225
789052135986804864 -915 -151 240
789052136026497792 -953 -119 230
789052136066190720 -994 -85 209
789052136105883648 -979 -95 196
789052136145576448 -964 -130 151
789052136185269376 -974 -153 137
789052136224962304 -963 -153 131
789052136264655232 -967 -152 128
789052136304348032 -1001 -146 116
789052136344040960 -980 -160 109
789052136383733888 -964 -148 74
789052136423426816 -967 -127 88
789052136463119616 -981 -141 100
789052136502812544 -1000 -165 70
789052136542505472 -964 -188 59
789052136582198316 -985 -204 68
789052136621858944 -984 -193 43
789052136661519616 -986 -186 6
789052136701180288 -985 -170 38
789052136740840960 -974 -143 17
789052136780501632 -924 -140 -11
789052136820162304 -963 -166 -5
789052136859823104 -994 -193 -25
789052136899483776 -995 -192 -22
789052136939144448 -993 -174 -31
789052136978805120 -976 -173 -51
789052137018465792 -979 -185 -50
789052137058126464 -984 -189 -55
789052137097787136 -971 -179 -70
789052137137447808 -984 -179 -57
789052137177108480 -980 -175 -68
789052137216769152 -981 -179 -70
789052137256429952 -979 -194 -82
789052137296090624 -980 -204 -94
789052137335751296 -964 -207 -87
789052137375411968 -972 -203 -75
789052137415072640 -986 -204 -58
789052137454733312 -988 -205 -52
789052137494393984 -982 -207 -59
789052137534054656 -982 -213 -69
789052137573715328 -979 -214 -68
789052137613376000 -978 -203 -61
789052137653036800 -967 -198 -80
789052137692697472 -972 -200 -9
789052137732358144 -994 -213 -30
789052137772018816 -972 -219 -37
789052137811679488 -945 -209 -9
789052137851340160 -967 -180 19
789052137891000832 -984 -171 14
789052137930661504 -983 -172 29
789052137970322176 -981 -177 4
789052138009982962 -985 -178 20
789052138049652992 -992 -185 46
789052138089323008 -978 -174 64
789052138128993024 -972 -167 102
789052138168663040 -984 -156 156
789052138208333056 -993 -123 98
789052138248003072 -948 -122 186
789052138287673088 -948 -124 175
789052138327343104 -932 -122 211
789052138367013120 -929 -120 226
789052138406683136 -930 -93 207
789052138446353024 -933 -60 218
789052138486023040 -980 -26 230
789052138525693056 -972 -21 223
789052138565363072 -932 -25 223
789052138605033088 -956 -16 201
789052138644703104 -964 -25 204
789052138684373120 -976 -46 189
789052138724043136 -954 -66 184
789052138763713152 -979 -71 170
789052138803383168 -937 -71 162
789052138843053184 -967 -82 175
789052138882723200 -985 -86 136
789052138922393216 -998 -81 119
789052138962063232 -989 -88 115
789052139001733248 -985 -76 133
789052139041403264 -988 -61 104
789052139081073280 -988 -66 105
789052139120743296 -988 -81 87
789052139160413312 -974 -96 95
789052139200083200 -985 -110 105
789052139239753216 -990 -101 90
789052139279423232 -982 -95 68
789052139319093248 -998 -101 88
789052139358763264 -981 -104 70
789052139398433280 -959 -109 123
789052139438103292 -981 -103 97
789052139477788544 -984 -94 105
789052139517473792 -984 -87 100
789052139557159040 -978 -79 106
789052139596844288 -984 -73 95
789052139636529664 -981 -77 95
789052139676214912 -985 -84 95
789052139715900160 -984 -90 80
789052139755585408 -983 -91 98
789052139795270656 -992 -88 101
789052139834955904 -1001 -85 109
789052139874641280 -1003 -81 101
789052139914326528 -1005 -72 95
789052139954011776 -981 -77 64
789052139993697024 -976 -73 99
789052140033382272 -995 -69 110
789052140073067520 -990 -66 98
789052140112752896 -961 -74 125
789052140152438144 -979 -82 130
789052140192123392 -985 -85 125
789052140231808640 -981 -82 146
789052140271493888 -973 -82 162
789052140311179136 -971 -79 158
789052140350864384 -974 -71 163
789052140390549760 -970 -65 176
789052140430235008 -971 -59 192
789052140469920256 -960 -58 202
789052140509605504 -978 -57 221
789052140549290752 -963 -59 173
789052140588976000 -927 -66 256
789052140628661376 -978 -52 210
789052140668346624 -958 -42 218
789052140708031872 -946 -49 242
789052140747717120 -957 -51 253
789052140787402368 -937 -55 238
789052140827087616 -920 -55 239
789052140866772944 -922 -58 229
789052140906459904 -921 -59 225
789052140946146816 -962 -55 232
789052140985833856 -979 -67 234
789052141025520768 -966 -69 220
789052141065207808 -942 -60 214
789052141104894720 -960 -65 218
789052141144581632 -982 -66 187
789052141184268672 -933 -69 199
789052141223955584 -964 -72 208
789052141263642624 -994 -65 162
789052141303329536 -983 -70 171
789052141343016448 -973 -76 160
789052141382703488 -982 -71 142
789052141422390400 -976 -61 136
789052141462077440 -972 -72 128
789052141501764352 -979 -89 122
789052141541451264 -979 -88 138
789052141581138304 -980 -89 110
789052141620825216 -1002 -91 89
789052141660512256 -995 -91 91
789052141700199168 -979 -83 102
789052141739886080 -982 -67 97
789052141779573120 -970 -64 79
789052141819260032 -978 -79 98
789052141858947072 -986 -87 103
789052141898633984 -994 -86 101
789052141938320896 -982 -88 78
789052141978007936 -984 -94 66
789052142017694848 -985 -100 95
789052142057381888 -983 -103 89
789052142097068800 -975 -90 73
789052142136755712 -1000 -107 61
789052142176442752 -995 -154 48
789052142216129664 -993 -75 82
789052142255816704 -973 -73 80
789052142295503616 -984 -105 88
789052142335198208 -1004 -151 98
789052142374892800 -1006 -123 77
789052142414587392 -973 -90 62
789052142454281984 -981 -63 64
789052142493976576 -1000 -55 71
789052142533671168 -974 -79 104
789052142573365760 -982 -88 93
789052142613060352 -985 -90 111
789052142652754944 -979 -97 130
789052142692449536 -982 -98 107
789052142732144128 -978 -93 113
789052142771838720 -979 -92 134
789052142811533312 -977 -89 141
789052142851227904 -984 -78 131
789052142890922496 -968 -78 143
789052142930617088 -961 -81 167
789052142970311680 -988 -80 187
789052143010006272 -963 -85 133
789052143049700864 -947 -90 218
789052143089395456 -992 -85 162
789052143129090048 -978 -79 172
789052143168784640 -946 -86 235
789052143208479232 -954 -89 228
789052143248173824 -955 -87 205
789052143287868416 -923 -84 211
789052143327563008 -939 -79 198
789052143367257600 -943 -71 201
789052143406952192 -943 -69 213
789052143446646784 -956 -72 240
789052143486341376 -967 -88 231
789052143526035968 -959 -101 212
789052143565730560 -995 -106 203
789052143605425152 -972 -94 172
789052143645119744 -949 -87 198
789052143684814336 -1005 -88 132
789052143724508984 -933 -71 162
789052143764199296 -971 -33 227
789052143803889664 -960 -54 198
789052143843580032 -982 -98 157
789052143883270400 -991 -129 154
789052143922960768 -932 -101 188
789052143962651008 -950 -88 201
789052144002341376 -989 -101 167
789052144042031744 -961 -127 123
789052144081722112 -923 -96 160
789052144121412480 -995 -75 207
789052144161102848 -1061 -89 182
789052144200793216 -977 -91 143
789052144240483584 -897 -85 169
789052144280173952 -959 -103 143
789052144319864192 -1025 -100 110
789052144359554560 -963 -93 183
789052144399244928 -918 -80 203
789052144438935296 -950 -89 123
789052144478625664 -976 -103 138
789052144518316032 -977 -94 181
789052144558006400 -971 -77 131
789052144597696768 -977 -78 128
789052144637387136 -994 -93 122
789052144677077376 -974 -98 115
789052144716767744 -978 -96 108
789052144756458112 -1001 -93 107
789052144796148480 -984 -91 96
789052144835838848 -966 -94 108
789052144875529216 -981 -92 87
789052144915219584 -998 -88 97
789052144954909952 -992 -89 105
789052144994600320 -995 -93 128
789052145034290688 -1012 -95 115
789052145073980928 -985 -93 114
789052145113671296 -973 -91 112
789052145153361730 -979 -91 113
789052145193062272 -978 -93 118
789052145232762752 -982 -93 131
789052145272463360 -967 -91 147
789052145312163840 -968 -88 161
789052145351864320 -984 -91 172
789052145391564928 -962 -88 135
789052145431265408 -949 -93 214
789052145470966016 -983 -86 178
789052145510666496 -971 -78 182
789052145550366976 -944 -86 211
789052145590067584 -970 -84 209
789052145629768064 -960 -82 206
789052145669468544 -962 -81 219
789052145709169152 -966 -77 217
789052145748869632 -958 -76 229
789052145788570240 -948 -72 237
789052145828270720 -950 -73 249
789052145867971200 -932 -70 257
789052145907671808 -922 -72 266
789052145947372288 -941 -66 255
789052145987072768 -907 -70 239
789052146026773376 -919 -75 266
789052146066473856 -955 -68 228
789052146106174464 -952 -69 241
789052146145874944 -957 -78 247
789052146185575424 -965 -74 237
789052146225276032 -943 -71 230
789052146264976512 -946 -72 226
789052146304676992 -965 -80 225
789052146344377600 -972 -82 214
789052146384078080 -955 -83 204
789052146423778560 -968 -83 201
789052146463479168 -971 -80 187
789052146503179648 -971 -84 193
789052146542880256 -981 -82 159
789052146582580718 -948 -83 184
789052146622291456 -969 -84 179
789052146662002176 -987 -81 166
789052146701712896 -983 -82 150
789052146741423616 -969 -88 157
789052146781134208 -978 -87 131
789052146820844928 -977 -87 142
789052146860555648 -982 -88 133
789052146900266368 -973 -84 121
789052146939977088 -979 -87 121
789052146979687808 -980 -86 119
789052147019398400 -985 -86 117
789052147059109120 -980 -86 110
789052147098819840 -991 -88 112
789052147138530560 -979 -87 97
789052147178241280 -970 -88 114
789052147217952000 -978 -91 101
789052147257662592 -993 -85 107
789052147297373312 -983 -87 99
789052147337084032 -979 -90 110
789052147376794752 -991 -91 104
789052147416505472 -1002 -90 119
789052147456216192 -1005 -88 113
789052147495926784 -981 -88 109
789052147535637504 -981 -88 105
789052147575348224 -982 -90 106
789052147615058944 -988 -93 107
789052147654769664 -973 -89 121
789052147694480384 -965 -86 147
789052147734190976 -992 -83 145
789052147773901696 -967 -87 145
789052147813612416 -949 -88 185
789052147853323136 -982 -84 148
789052147893033856 -976 -80 170
789052147932744576 -966 -87 187
789052147972455168 -966 -86 194
789052148012165886 -961 -83 194
